10000 10 42
32360 40 96 1835 400 1194.10 15686
38520 8 10 581 404 1202.63 14372
61177 33 3 565 302 1877.17 21313
67 10 100 1835 200 1049.99 805
37320 2 30 5248 200 94.28 29285
84132 19 24 4561 400 400.15 38308
44430 50 60 4668 403 1360.93 17135
38923 4 2 9489 502 1616.99 38603
26318 1 10 2309 200 1366.84 12291
52703 25 84 344 404 518.30 18305
57242 38 32 4252 200 1135.83 18567
2705 49 85 7752 500 1789.76 92674
51658 37 93 3266 201 1042.15 4618
83045 17 85 3887 200 1657.65 58717
30823 49 29 6071 200 593.25 80240
14279 4 2 9869 400 398.23 29419
477 1 82 1989 302 1580.56 77151
52355 4 93 3585 200 1726.34 85020
53853 23 34 955 200 1338.01 32586
57536 37 60 6376 404 944.96 38354
10332 49 72 8490 302 472.73 77120
22124 25 5 5228 200 51.81 43990
9321 11 4 8958 200 1126.99 50906
60092 46 14 2493 200 1511.35 20386
19768 48 8 5989 301 1761.06 92978
53944 41 30 6335 404 1607.54 21922
16119 21 90 8833 200 245.05 89620
30784 16 91 1101 200 854.79 151
70676 18 87 3048 200 1068.64 41800
41889 12 70 1199 200 1885.88 16912
27924 11 52 5582 200 130.72 97182
21938 49 25 2518 200 602.46 14894
24610 50 4 2668 502 822.66 5242
2855 14 35 9083 200 290.64 53141
42288 23 99 5529 201 162.63 76186
31938 12 25 7283 200 1264.98 98345
54737 20 54 8165 401 302.28 32146
43908 10 70 408 201 1355.45 22102
1433 36 52 8096 200 193.26 17519
81261 35 40 3868 500 275.90 67602
29468 37 12 2091 201 1391.87 25868
19746 33 18 8173 201 1059.77 26157
20896 50 10 9655 201 1765.39 63347
16304 17 28 3493 302 1794.32 85648
76644 21 78 8878 403 1871.33 16246
67853 45 67 6065 200 203.84 94020
57326 49 1 2840 200 971.74 69221
38744 33 100 2243 302 475.26 49440
28114 9 75 3665 400 1442.16 65796
26616 29 55 937 200 531.14 25121
21080 30 98 9789 200 1812.29 63151
37531 40 36 5027 201 985.54 86431
16869 12 73 4992 201 1537.34 64583
3767 9 100 9405 502 1829.81 88362
31981 38 2 9531 200 1105.98 96670
49446 49 99 8531 200 770.81 19172
73538 14 32 4853 200 789.99 93623
72940 35 94 5701 200 1230.40 67148
85541 18 15 2542 200 645.78 74103
73325 35 14 7025 200 587.89 29721
69929 21 82 2563 204 164.11 51183
447 26 63 7983 204 1404.23 39739
68756 3 90 8867 200 1158.15 9488
37884 29 68 360 200 1085.75 98187
24757 42 60 8605 200 78.63 82279
26202 19 54 1271 201 1540.22 27227
18647 49 63 4573 403 389.57 53183
35541 28 70 6375 302 1951.73 96958
44608 36 33 411 200 867.61 43953
64285 4 26 254 502 1672.12 42889
60132 35 41 582 404 885.26 25099
20717 28 10 7146 301 560.59 63864
82500 26 74 6572 200 1460.35 42018
4122 13 57 3560 400 29.77 34254
10028 5 5 942 200 1959.04 70396
15148 24 2 979 200 947.47 34696
14964 24 44 6498 200 1898.34 63546
76609 3 27 3747 204 1006.77 50154
74001 27 66 6840 204 1887.84 64278
81583 2 87 5858 500 1151.37 67750
33538 29 65 1286 401 1641.46 94153
54081 20 83 9612 404 392.39 27469
5992 11 11 3773 200 1236.89 68333
29078 4 66 3190 403 47.52 34128
70370 14 29 4961 301 697.32 62932
80926 44 4 7351 401 564.79 54843
15330 22 76 5686 201 1463.56 41321
11032 19 26 7765 200 1861.58 56231
74167 12 43 6799 400 477.23 10402
32635 46 54 5053 401 640.78 29834
77373 5 39 535 502 1694.44 9219
30663 16 96 9501 502 1147.30 49354
54591 5 45 918 204 1107.85 67285
18379 38 95 7916 400 183.32 93101
42718 49 6 9960 200 1474.33 88783
47167 18 71 1171 200 1523.26 83713
53414 44 11 8385 200 445.93 7369
34270 42 90 7063 200 170.59 23399
85246 30 38 8632 404 474.13 94731
78425 50 60 7534 200 167.92 48219
67145 19 56 7051 200 661.17 11208
37536 25 26 114 200 113.55 74124
10265 39 12 8228 400 1362.40 58379
20520 49 41 3749 200 1737.33 52884
19318 22 97 8022 502 1112.45 4411
27880 45 5 5278 503 148.52 25374
47853 35 97 755 200 434.40 69606
25444 23 100 6276 201 1802.41 73737
3926 46 29 9588 200 789.65 45620
9223 32 34 2774 200 927.93 38888
30529 12 59 2660 200 520.64 98623
39160 35 4 5361 200 1627.78 60318
59161 14 17 1332 200 1881.12 94986
35997 37 59 6135 200 1865.52 87679
74828 28 5 1649 200 1555.43 81075
41504 50 99 1505 201 762.40 39360
83801 42 85 5691 200 74.61 41541
11564 14 2 564 404 1625.99 53482
86376 38 100 9132 201 1452.52 94483
65412 43 38 2474 200 259.19 25219
82430 14 61 2073 404 1514.24 61851
4051 18 27 1136 301 1041.10 47674
66728 42 53 3078 401 1935.98 56138
7638 44 80 4035 200 58.54 42112
65244 40 63 6394 401 1806.40 13723
53331 1 99 3506 201 785.10 55526
37798 5 91 7264 201 902.37 78388
78665 20 30 6221 404 1899.09 79668
12707 23 93 8421 400 133.41 45968
3962 50 63 4927 200 1267.17 58007
20748 18 8 5373 200 1169.95 15275
34586 7 70 6409 200 691.99 41225
77482 44 48 5153 502 1204.27 19309
19340 3 83 1690 200 354.84 3277
7663 28 13 5345 200 1788.54 36491
11123 26 34 6904 200 1599.02 48167
54250 35 9 5117 200 755.19 6201
224 14 87 8063 400 369.86 98628
18087 27 38 9241 200 1520.15 36955
45901 24 73 7475 200 505.62 13398
61633 35 90 8445 400 61.91 10806
74927 23 36 5327 200 539.22 73767
32597 10 3 5640 403 179.32 32817
46253 6 24 8906 201 1358.53 35575
68184 33 50 4796 201 1473.91 58726
48189 38 59 4317 200 568.27 33811
31370 45 65 6076 200 997.00 98654
28542 31 94 2373 200 306.57 36599
21250 25 17 8509 200 1611.92 17420
4808 45 85 803 201 821.38 69727
84877 50 12 8967 201 1834.87 86565
457 41 98 2580 200 1337.62 82105
80298 36 56 5351 200 1677.33 76973
17718 10 97 3237 200 1015.71 73652
20944 27 12 7073 400 175.49 58166
43727 8 94 4812 201 104.60 36986
29082 23 14 5487 201 404.26 32303
59147 41 9 2547 301 1520.70 11758
51463 24 48 6062 401 214.29 92961
73503 42 75 9651 200 1462.00 99095
81073 11 19 3793 500 1443.47 57490
4155 43 79 1398 401 404.05 79974
14139 42 17 1865 200 1267.88 52355
78440 18 32 8773 200 1633.38 45250
37941 36 38 8997 204 1080.02 74787
37907 26 58 2323 404 768.40 53233
46963 4 91 2291 201 863.62 93990
28755 32 74 3350 200 1588.26 87876
53574 25 54 7415 201 1995.39 15252
65007 16 71 2485 400 68.03 20534
49238 36 77 4940 400 206.73 82144
46352 6 38 8465 200 795.18 50279
68886 27 15 4864 200 1543.99 72032
1054 33 60 6940 201 504.35 59943
29868 42 19 9591 200 455.47 40145
36598 24 29 9473 200 1172.87 13997
43709 6 62 2561 302 1186.33 93220
8831 29 92 6967 500 1414.77 65172
13179 39 58 3745 200 155.56 73671
9006 47 85 9256 200 227.36 23667
85090 9 84 1864 403 664.96 87003
26908 26 23 5913 200 110.47 74451
28961 11 81 7878 204 229.42 39877
35813 27 87 9199 200 694.56 48136
63720 46 46 5871 200 1825.59 14171
21446 9 58 4984 200 1829.78 31216
31311 40 59 2776 200 426.15 66388
44511 9 98 9611 200 829.83 86078
7374 27 100 1845 200 620.56 6801
34328 38 43 2100 404 411.07 46877
16475 32 4 3778 403 1175.32 6664
25405 39 72 4533 201 882.08 48161
34626 25 56 7654 200 669.39 86193
6523 48 76 3734 200 1288.36 52706
35314 41 3 9790 403 1734.12 65927
35250 2 56 2220 200 1344.11 50601
1702 30 11 3393 201 1775.03 65310
48101 12 73 995 200 1444.81 60360
73932 41 84 9627 500 283.02 20578
35112 15 33 8964 200 171.93 73618
17961 43 3 1228 404 1286.21 42200
60821 45 92 8175 200 519.59 82529
32805 19 60 343 403 691.04 41000
66859 28 37 4362 200 1896.96 97458
65975 39 15 1143 201 1970.75 89467
40700 40 19 4253 200 538.09 74195
46797 35 64 4026 200 1290.46 83510
36435 50 14 5257 200 545.34 68351
1588 42 92 5297 401 996.68 27478
5803 28 41 6515 401 413.64 10747
950 8 14 2637 200 1464.64 59782
21663 31 64 6651 200 1828.91 83828
36181 21 39 7710 200 708.39 16711
82825 37 19 828 204 491.45 6918
33635 42 29 4372 404 1443.34 29782
52739 29 95 4761 301 1873.72 13586
63294 25 22 2700 201 324.87 59549
72708 3 85 4964 201 669.15 62371
66607 24 11 3444 200 826.17 49600
60905 35 60 4349 200 1638.39 7868
69069 1 70 9678 200 207.08 36161
27181 5 81 9174 200 1900.52 69088
38535 27 19 868 502 1517.03 73250
55205 41 76 6588 301 1698.54 98061
21571 46 49 6467 301 104.14 94412
57881 2 5 7056 500 361.97 55625
49070 24 92 3129 200 1462.32 29805
16640 47 12 9711 500 948.95 74533
74480 3 85 4552 201 1289.45 3797
56174 30 37 2301 200 154.83 88512
60159 27 34 4411 200 1145.28 31597
69463 27 54 7908 200 1252.16 52065
76548 22 62 8767 200 924.42 87024
85565 2 1 8748 201 1878.20 93267
69015 4 100 95 200 178.00 40253
3248 24 48 6276 404 1968.18 39889
66379 5 42 3364 201 1464.81 23954
289 6 47 3547 200 593.32 71584
20183 30 5 2773 404 91.16 42835
9458 20 40 6797 200 1899.97 79820
67940 13 9 5886 503 1768.51 94480
51909 24 91 6135 200 1982.35 6592
20016 21 95 8379 200 1661.45 51318
10397 12 5 1766 200 373.69 95732
67356 42 36 8008 204 433.43 88391
44777 47 60 9950 200 793.09 51574
65512 25 70 9964 404 927.30 22521
53822 12 75 5370 201 1160.59 86027
7904 23 88 3912 200 953.88 88887
3834 48 86 8622 401 1310.83 93167
47594 37 9 2814 200 11.16 26049
60110 37 5 4959 200 441.15 11036
59033 45 8 9915 200 1765.93 48111
44589 30 91 8247 200 1356.35 54424
48879 44 27 7340 201 1736.45 65880
21192 43 16 8673 302 1674.19 23945
60261 47 69 1059 301 379.25 15944
76173 45 97 8719 200 1651.81 614
11134 41 34 2287 404 3.24 81816
48054 42 76 5075 200 574.79 8501
53302 17 99 5599 200 754.01 63438
783 27 82 7799 200 1522.29 1940
46765 22 97 8402 200 359.82 93211
65119 6 79 9373 301 136.61 94736
26003 9 71 7710 302 947.67 34654
5004 32 8 458 404 1947.00 67638
83711 23 75 6476 201 767.84 2556
5670 2 83 3237 200 1541.04 25326
59037 1 45 1590 200 1888.66 42676
8829 23 86 1637 401 1387.67 29908
19074 42 9 7729 200 263.54 27399
75000 48 97 1511 200 1887.29 90962
36264 43 64 9646 400 885.16 98400
26952 21 33 8942 200 427.00 20116
2689 44 66 7150 201 943.59 47374
46935 49 16 1856 404 1553.42 15450
66608 23 85 5304 200 1593.80 13211
25416 2 92 9209 204 1593.28 46264
41603 1 12 5984 204 495.83 43088
48247 11 23 4916 200 1164.36 32660
23241 30 80 4333 503 300.01 1260
40141 4 69 3925 200 1200.44 72217
25199 33 70 7571 502 1815.73 4057
62578 25 75 1050 200 1973.34 57134
12311 1 50 4824 200 692.69 56009
67029 1 95 3265 201 176.65 88266
30294 5 4 8246 200 644.87 13358
84453 29 21 6895 401 401.10 4214
14470 34 11 9516 200 1792.55 3255
51388 47 62 520 201 1418.41 93528
75252 48 72 6254 400 1224.90 81502
41852 5 67 8949 201 1634.78 78406
39080 25 65 408 200 877.78 8254
62625 4 60 2472 200 1743.70 61613
18940 17 98 4702 400 1743.79 78992
37468 33 5 4982 201 1438.68 65361
19738 17 100 5425 200 163.97 20034
34841 35 23 722 200 516.11 84062
39970 9 87 9608 200 1692.64 42607
54325 18 74 3711 503 81.18 54376
74911 26 58 5881 200 791.63 48718
52374 44 60 9008 200 554.38 99215
51179 15 92 3592 200 932.16 63193
72230 37 24 1316 302 1818.16 60226
15524 32 24 3729 201 826.65 85454
5973 25 44 2473 404 891.17 59333
44480 29 36 6627 200 1304.59 39169
26969 49 40 2582 301 651.05 58883
66828 30 14 3967 200 470.11 23681
76352 4 45 1698 201 674.67 66973
71615 8 44 4495 201 1897.22 70708
21818 9 36 1677 200 1473.07 35738
57353 27 48 7818 302 893.29 58577
74668 44 56 2059 200 540.23 98672
4932 7 54 2312 200 1280.37 12298
19414 23 19 9339 200 1014.96 58509
3591 35 15 3974 200 1372.25 593
1501 48 33 6392 404 910.02 25497
44547 27 49 3427 201 252.36 3094
11466 16 15 7047 200 1347.19 16322
83800 10 10 7309 200 469.89 86828
83233 9 26 6927 403 1889.28 37492
59032 1 50 2442 403 1729.35 57104
66400 2 12 9310 301 1353.35 60101
18634 48 66 8269 301 1154.79 10748
30116 33 16 9995 200 1954.37 86658
35157 50 88 7525 200 578.08 73872
9427 44 66 4042 200 1335.52 43874
69798 46 77 8779 200 1737.93 81802
32458 7 30 5445 200 649.85 63058
31662 31 40 5635 200 1097.45 44925
51536 12 55 3733 200 147.32 58748
52138 9 67 6426 400 1001.39 38041
46860 44 96 5191 200 52.26 81396
29483 6 39 1490 201 492.89 53407
41186 31 40 7649 401 1436.53 71578
82557 27 2 8224 200 1793.53 64783
6158 45 96 2435 500 121.47 19796
80735 24 36 1946 200 1235.09 25752
45194 15 68 3073 401 1078.78 58136
26897 5 62 7177 200 1953.47 41414
71122 7 53 1812 301 363.70 79999
45374 10 71 2953 401 371.27 25731
79294 49 43 4836 401 1100.90 37414
3750 27 64 1124 200 1276.33 81938
44511 45 60 2281 200 1222.35 17560
35513 19 84 9059 400 1113.72 23763
22087 40 31 2749 401 848.05 67176
57676 41 10 7667 200 848.47 58703
13217 9 24 7369 404 434.26 53583
8269 9 3 3123 200 413.17 54715
55120 12 26 3910 201 994.04 14263
85345 14 14 5971 301 885.99 42877
38516 36 73 6925 503 257.66 81890
8995 31 73 3373 404 1545.47 8034
22887 5 65 8942 200 647.42 36759
19583 18 36 6172 200 1663.89 6854
57853 41 7 2338 201 1760.28 59322
56236 35 54 2309 200 381.46 66982
4522 50 38 6619 201 1461.57 44691
40193 17 7 5805 200 1923.37 17613
54860 35 76 2010 201 194.26 42327
38912 42 76 13 200 1962.49 79566
41030 47 39 2347 200 305.68 2100
85751 37 93 7687 200 1343.45 52144
8029 32 26 892 400 256.30 60888
71372 26 79 1594 200 236.18 30382
19643 14 35 3602 200 1873.98 23981
47848 26 31 8253 200 1884.83 60100
75456 26 17 9194 200 1984.32 56701
73563 20 21 5012 200 1079.93 81764
54255 20 68 8780 404 1612.04 14213
68259 11 31 8188 200 46.76 17435
13287 35 23 3462 502 1282.30 93281
71062 29 14 4794 200 1213.14 48758
12026 31 90 7649 200 1005.63 95285
34444 42 15 6664 200 956.99 2678
43727 7 24 9632 201 1931.68 12291
37368 30 32 9365 404 556.23 10656
73565 33 1 2161 204 1300.75 36543
13135 20 7 5645 200 424.30 5910
41869 50 76 578 301 1967.37 43091
20665 9 15 747 400 531.51 10194
15359 35 70 623 201 1993.40 22966
70327 12 62 2209 200 1311.79 52752
73268 22 73 1308 404 900.12 65443
16815 18 37 5256 200 354.60 73389
33443 39 97 111 200 963.21 41916
1658 40 26 5822 301 380.20 53578
53477 11 33 122 200 1951.77 19966
69253 4 96 427 200 532.44 54842
55822 23 50 8444 200 976.99 12807
12964 44 33 2435 301 1621.56 37651
53056 20 86 4595 400 1784.28 13401
82541 6 79 6587 500 1617.96 43817
6602 13 28 8409 200 1803.62 78140
39871 42 64 4955 200 900.80 63704
19609 31 89 667 201 301.19 10658
63714 50 52 4433 200 77.01 8570
64472 36 66 721 200 25.20 3653
82642 26 74 3876 200 1983.19 35035
83873 39 95 6614 200 349.04 41272
8501 28 67 8306 200 849.17 2192
7138 5 52 9679 200 1538.68 22861
53971 49 39 6674 200 511.57 61540
22525 39 7 6440 201 84.86 89593
83677 17 80 1253 200 228.80 60228
41991 30 93 7481 401 1313.30 15748
11067 3 34 1109 201 190.93 37280
32485 22 56 4395 204 1886.21 27452
20795 47 13 6760 200 26.42 64617
85745 15 68 8160 404 1693.18 25917
79395 28 26 6361 200 1956.82 84216
64644 37 56 7765 301 355.68 32074
47090 38 99 2694 201 1456.17 16565
9326 7 69 7260 401 427.81 48891
43705 8 85 3424 200 1516.61 59076
64232 26 62 2976 201 1378.08 9466
75455 29 64 8772 200 322.54 46210
48215 1 82 2467 302 1983.63 27862
8569 10 41 8799 301 622.55 55553
64139 37 82 6160 200 711.41 37589
67719 27 56 5242 403 1680.09 3627
71943 38 2 2025 502 736.51 67871
28247 38 15 8420 200 1004.60 99635
10775 19 39 4487 302 1772.51 21799
51239 7 40 6631 200 357.57 421
2511 31 17 3555 401 186.89 40293
50820 44 49 5102 302 209.17 58041
19478 29 71 5607 204 1353.26 59977
69551 31 27 230 200 1273.34 7798
12873 3 70 3343 400 1415.65 21063
68136 42 52 5203 200 245.63 32886
63548 22 24 887 200 1196.85 80157
63561 39 100 7337 200 347.79 42183
55084 32 50 7857 200 820.40 99115
72559 38 39 7400 502 406.67 18529
48863 19 98 3346 200 49.36 58623
71859 30 28 6977 500 1565.38 94075
4850 13 86 4297 404 1684.03 46227
16079 25 81 4352 500 1412.33 13434
54533 5 5 7280 200 874.26 78044
63029 1 77 573 200 263.57 13622
34459 38 93 6570 502 138.85 28346
4929 3 29 363 200 551.95 90636
68008 13 98 2720 400 900.03 84495
67108 14 7 1564 403 93.95 6359
53542 46 57 1393 201 822.78 77209
30010 5 90 2368 400 1097.09 96344
11058 29 89 9369 200 838.17 78793
22477 32 74 4945 502 290.79 65453
62653 10 20 5654 200 1944.04 94710
52577 49 35 1831 200 1440.30 22609
36114 13 9 8507 201 1047.26 98055
9916 12 87 4040 201 1583.61 70813
47419 28 62 818 200 969.91 42920
14322 8 95 6642 200 196.03 46284
74476 21 47 6510 201 125.48 78719
44280 6 81 3560 502 1588.19 78650
42963 11 34 2587 200 661.10 75867
65383 38 52 180 200 1319.60 87971
13964 44 26 2388 200 1969.99 75099
66702 28 3 5526 200 687.98 90932
24402 27 40 4979 200 1313.90 45225
71030 20 39 935 200 392.02 20456
16132 27 10 2872 401 1155.61 27716
54828 16 80 6427 200 1794.02 53350
44944 8 45 6960 401 634.21 61386
74060 19 91 8972 200 1014.60 14157
51677 11 4 1843 404 1308.93 82056
13141 16 45 7986 502 1713.89 88254
10164 41 74 5053 502 836.10 48588
85027 7 67 7252 200 1994.16 88205
84653 22 66 1623 200 1119.95 9393
45567 2 72 8230 200 758.68 73177
84107 10 34 8582 401 1082.05 11163
61365 38 32 9881 404 1303.68 45981
27134 18 26 4943 401 671.08 52591
15013 13 72 1130 200 1438.44 24063
36298 8 91 3480 200 1497.90 61417
56259 22 63 5773 400 1612.59 47182
72899 49 26 6342 200 1352.68 10723
28089 16 69 39 301 335.10 85589
56616 12 100 8371 200 1286.12 34104
59974 44 52 2156 200 137.94 3415
65936 16 41 6532 500 1742.54 23353
66188 41 79 591 404 1301.89 90730
75533 34 1 5605 200 894.66 38012
39775 12 87 3817 200 826.11 97683
69323 6 48 4226 200 1480.07 2814
79322 49 29 1275 302 1945.58 91087
71370 38 70 8050 200 1925.66 62173
62784 28 31 6283 201 1270.54 87289
38866 6 22 7037 201 193.97 26405
20899 3 2 5672 200 1649.25 59876
6414 15 23 3000 400 97.24 6542
78010 44 86 8773 200 681.47 89242
85452 10 63 790 200 1589.36 28600
2995 22 59 2678 400 1147.13 52193
56922 4 26 8314 201 230.75 73783
8109 27 91 327 404 130.31 87911
82583 29 3 5175 200 634.58 91077
37549 24 78 1376 200 330.48 44394
14738 31 95 6314 201 1405.56 63997
20514 34 52 1317 200 1573.71 48818
83874 33 27 9506 204 1487.44 98387
43741 14 64 4070 404 6.84 36249
3435 24 61 457 200 554.35 47017
83940 23 34 4730 204 940.02 61117
38661 15 48 2070 201 12.01 85429
662 3 22 8334 403 570.53 33952
39990 41 44 5721 201 587.68 4534
80503 14 40 8167 200 1636.60 11472
45930 18 88 5075 404 987.60 67575
60675 3 100 4506 500 331.24 39518
33685 22 73 4111 404 1428.35 25891
52523 34 31 2968 302 1908.11 82138
62328 1 87 6365 200 515.96 82977
5142 3 61 8716 200 1330.92 38446
69151 23 67 3691 200 838.48 55004
64902 46 8 4043 200 1499.95 94179
35655 34 65 6787 200 1187.73 59910
875 26 64 1389 200 309.49 87383
14847 37 64 1206 404 133.82 82920
46135 50 15 8201 301 1065.45 29575
38781 25 9 5773 200 246.88 80822
48266 11 35 4667 401 135.70 84577
33470 35 86 4300 301 551.49 54300
26465 44 79 5903 200 769.10 82261
38890 43 58 9167 200 638.41 88977
50302 1 38 3701 200 786.56 68872
45430 19 52 1669 200 286.05 4573
76904 39 35 9467 200 1034.96 64618
32738 32 1 3407 200 819.85 59640
26889 6 68 8472 201 1683.61 21867
50131 50 56 4541 301 281.97 97206
41955 12 3 9775 201 272.44 38482
8579 2 21 310 200 320.89 39604
2017 16 76 1471 200 260.97 90019
72185 6 38 9560 200 1776.92 44469
52094 50 83 5454 200 1214.15 96118
13096 20 4 3856 200 1083.27 98014
13318 24 56 5323 200 494.57 83382
72451 23 36 3024 200 390.05 17799
4980 26 35 6774 200 1661.55 55815
47073 18 17 5805 200 888.64 15137
54106 41 49 2074 400 1469.42 88044
25962 32 33 5694 204 403.42 73109
34140 8 4 8526 302 1813.98 22852
11437 49 60 9095 302 1067.24 45901
75165 2 14 7459 201 116.42 79442
58817 14 47 8771 500 298.44 94917
39975 26 99 937 400 984.37 58915
26131 19 50 2858 200 1523.83 44178
33397 31 52 9188 200 1451.71 86572
77281 50 46 4076 401 1529.29 59182
49553 41 96 4765 503 119.88 85412
273 22 65 8470 404 125.85 31259
76331 13 45 308 502 442.27 92647
63420 1 77 4769 301 1445.69 87218
59835 27 14 6326 204 1639.78 80464
28806 14 74 2108 502 18.72 99057
86212 11 68 9947 200 5.63 1530
3815 37 35 8342 400 286.56 666
65096 47 77 8220 401 1768.96 84608
60483 31 11 887 200 156.22 28105
35211 35 41 245 200 1098.71 11188
54612 41 58 9477 200 1910.28 10184
45150 44 30 6818 200 1684.31 79473
20928 36 48 503 200 806.34 66719
25513 11 24 8635 200 585.74 92931
13161 21 27 9062 200 953.40 84240
19529 28 65 2193 200 430.04 35846
35953 33 76 1230 404 1006.66 86707
38824 23 59 8215 201 1274.54 68294
45470 13 47 7140 401 1608.11 29068
47736 29 53 1200 404 1441.59 27214
34685 25 16 2843 200 1259.49 72201
4694 14 75 4025 200 378.89 51162
67653 3 72 2762 302 126.32 58369
72519 24 1 3404 500 166.35 31695
80429 6 83 3603 200 1685.58 86669
27073 29 79 9073 500 845.35 91004
32600 19 94 9641 200 1374.35 4325
42665 29 39 9302 403 1352.02 535
12019 9 26 7131 301 1932.13 27916
65754 7 96 6762 500 538.67 10626
41075 40 64 6442 200 720.74 49907
82667 20 51 8659 200 222.84 20967
54814 19 78 3699 200 1535.37 18683
35986 28 83 4158 302 742.95 65770
75147 24 74 8802 200 1355.95 75428
52510 2 30 3948 500 252.32 73887
63685 16 98 6449 200 1426.70 46869
17212 29 90 854 200 1334.07 5903
71134 6 79 5159 200 1671.12 68836
1269 13 38 9111 403 1419.06 12524
81980 21 4 4929 200 1062.34 90617
51419 14 1 7249 404 84.27 51952
34356 34 77 3119 400 1546.07 22058
45040 7 98 8572 201 153.69 77039
33055 41 37 1203 200 36.09 33277
25342 18 78 7391 200 1284.08 37237
49304 1 57 2999 204 1948.41 87938
73186 34 3 5470 401 1212.69 78060
25154 23 21 3981 200 132.32 71043
19719 47 25 6033 200 120.37 47434
58030 3 59 9578 500 1570.59 53121
85651 33 55 6446 201 1554.08 36632
17710 12 73 1959 200 1245.20 84736
67506 16 58 2763 503 1055.00 63632
78315 20 17 6742 200 691.04 94746
79271 17 30 7250 201 122.20 70802
59616 4 70 1474 200 1262.21 23102
38679 3 14 4157 200 1522.42 24265
30608 26 95 6797 200 550.13 92874
69722 39 46 5469 200 917.74 4485
48459 9 87 4456 200 100.91 67468
72891 7 99 9950 201 784.32 24273
56947 49 11 1970 502 1989.64 40727
61493 48 99 5226 200 918.47 43756
79435 30 18 731 204 1962.37 1517
16425 42 80 7322 200 1396.92 96019
34145 27 96 9774 400 324.18 85438
41204 39 72 3101 200 917.01 66694
67508 9 97 5651 400 998.29 60347
1045 42 1 7845 200 1104.43 22945
69531 32 5 2221 200 1696.24 51517
62973 41 10 2539 200 806.13 48141
77297 34 1 1186 200 796.28 99011
79447 48 100 4947 201 963.62 37235
54902 20 10 7543 404 1901.91 44492
49863 14 36 6221 503 773.26 56451
49580 18 42 6567 200 383.99 87749
79336 49 11 276 403 1503.79 3989
19759 2 96 1753 404 565.68 22566
82120 22 59 7192 201 855.58 51718
28195 38 84 2825 200 1788.29 90386
81774 43 90 4010 400 1646.50 47686
76800 25 55 2047 201 373.09 29640
28647 30 86 329 204 729.34 6993
25509 48 88 5070 200 1621.95 82693
72215 3 34 7268 400 705.85 65500
71262 8 52 8759 201 565.66 29074
36739 47 4 3919 201 1064.51 101
51013 21 7 5226 200 1946.18 20136
19537 11 31 101 200 1765.59 247
4484 37 20 9669 200 1326.43 64100
64100 21 85 7591 204 1792.19 32597
70677 36 26 8168 200 742.51 33763
77928 50 81 4058 200 1525.20 39380
46869 30 15 6611 200 1089.45 75408
61285 2 17 2691 201 538.42 95228
54296 3 49 2654 204 593.82 63253
61726 7 76 5601 400 1417.27 50938
14868 19 98 9330 401 1394.72 18101
61718 5 47 8036 200 251.13 72926
73481 44 35 2741 401 391.29 14303
29837 11 34 6652 200 238.63 70147
66072 37 68 5621 500 993.02 31267
32876 25 17 5067 200 1813.24 38497
1387 2 79 8390 200 1407.70 61630
83830 43 44 976 201 1002.67 81732
61015 28 54 9671 200 1010.09 30953
62074 25 87 1185 502 1429.11 55316
82293 20 23 1318 404 315.39 67748
26765 32 30 3166 401 1003.53 79689
6125 13 32 6249 201 1665.83 98193
78286 32 2 2476 200 374.64 54931
1710 15 40 3068 200 1242.96 93507
28862 22 74 8780 204 495.02 78398
30746 15 9 4328 301 665.58 7304
4889 11 38 3815 503 1569.94 67181
63373 32 12 1990 200 1502.13 60151
8758 50 28 3253 500 1829.55 98040
991 4 46 5188 200 1941.38 54824
9789 49 41 5555 200 1164.78 42331
17663 18 52 3977 200 411.46 51728
41734 38 27 6308 201 1379.87 96858
12436 31 60 770 200 1902.90 6926
25686 22 10 6958 200 185.10 64886
47812 14 65 152 502 502.54 56410
58408 23 71 6721 201 1051.99 27182
21559 30 1 8661 500 212.71 44964
13377 31 95 2131 500 14.36 20343
66727 30 63 7012 301 816.90 62786
1330 20 59 9363 201 1879.36 95763
19049 20 73 8399 200 1345.25 21545
84413 34 11 4981 400 654.76 9353
76901 38 9 9146 200 518.16 81744
37532 26 73 4384 503 459.11 61368
47250 32 68 2421 302 183.69 65435
17217 41 88 501 404 59.98 24913
30756 11 2 2709 200 125.99 35551
39652 22 74 2154 201 1190.01 8206
32158 48 34 8385 401 1646.14 49401
80586 15 55 7868 200 1027.71 74315
21890 37 99 5215 200 742.85 42807
79554 11 59 7998 200 1730.52 36908
79078 45 86 6665 400 909.24 41193
54453 44 25 6380 403 999.36 44310
46226 33 15 9363 200 1649.66 50058
25262 40 45 5989 200 1180.88 50313
35219 3 47 4911 500 211.68 28176
66048 36 41 115 200 1848.13 16033
9666 9 52 705 200 1328.77 74704
76178 37 82 8265 200 1611.88 28990
688 16 93 2500 201 1071.57 25563
30835 38 36 767 404 1656.41 30849
18667 46 81 9529 200 709.50 37415
43687 14 95 2318 200 1807.21 39334
6708 28 83 5032 200 1717.77 79470
58488 45 84 3448 200 829.62 43977
1144 31 30 1604 301 359.33 72221
59957 20 23 4894 200 1481.51 299
74561 36 54 7325 201 323.56 54183
7219 18 2 4143 400 1763.44 24229
10497 18 64 1054 200 1038.93 21268
52510 16 25 1670 200 535.93 23497
29002 11 75 9599 204 1114.20 41532
35923 38 43 8715 301 824.32 70245
65110 9 21 5002 200 1741.18 57584
54554 2 54 9452 301 991.91 11808
80622 17 44 1429 301 413.30 11517
33856 39 90 6789 400 1902.93 41985
67089 1 62 7928 200 949.04 40871
48442 45 63 2220 302 1763.25 1096
63186 37 70 5357 403 1642.96 87431
72863 11 49 1274 200 1063.62 45184
44112 10 83 8550 404 933.15 1435
6540 21 39 6478 200 562.48 20427
17967 4 5 8774 200 1083.98 74334
83641 43 7 5456 503 901.51 37609
44355 41 99 4335 503 1118.56 4379
27748 23 23 701 302 1217.21 6964
61053 19 38 4643 302 1313.80 35060
61237 47 1 3793 403 1684.81 48451
32248 1 64 8045 400 1097.29 4960
5742 30 77 4261 201 1042.63 75200
30257 41 68 5181 200 1342.64 20803
53609 36 75 3867 301 694.58 89053
33761 38 16 9083 400 1194.71 43373
56517 39 89 8526 201 1516.78 15732
26516 24 42 7164 200 405.31 58892
27114 10 25 5998 404 1737.41 90794
62583 26 75 1880 200 1392.62 13451
33073 23 83 4508 502 862.74 27267
47463 35 54 2641 500 1273.11 22582
28037 27 27 8260 200 557.64 21950
56567 30 83 2647 301 1630.06 82183
67221 24 77 9834 400 1547.55 69926
64613 19 16 4324 200 519.89 26474
2909 21 88 8885 401 1260.45 3994
74142 34 79 3231 404 1776.35 51469
28105 37 91 4365 301 189.56 84503
64627 13 82 5768 200 190.74 82683
86304 46 33 9336 401 1348.84 85817
494 50 47 2415 200 822.97 31879
11239 49 3 8918 403 812.62 56662
1183 16 9 6544 200 29.75 1813
66040 46 63 7062 200 266.16 83729
44205 31 1 5634 204 1729.00 40293
50711 20 59 694 204 1466.27 44285
58417 36 14 3893 200 1194.11 86855
80195 19 93 3715 204 1266.51 21242
40546 50 45 9812 204 1609.02 46171
61784 47 60 5041 500 1665.83 67512
31314 34 87 3732 500 335.55 63202
43231 3 70 6443 502 140.53 27601
47925 8 75 6360 201 359.53 20496
60924 3 46 5798 200 1897.54 17056
5236 1 69 7792 204 1399.58 45413
72416 23 81 6858 404 1278.43 48901
82385 21 89 1537 201 554.75 64294
79601 4 59 7406 200 1188.57 5293
60708 2 7 4234 200 1214.09 61670
76116 13 89 6907 201 1003.65 86314
84343 45 69 1967 400 573.75 88471
69348 7 100 2006 200 1382.73 62301
52102 49 62 4651 403 125.73 12881
28968 18 7 4354 200 1338.95 85270
77059 47 31 852 200 143.00 41680
18212 9 23 4750 200 1884.82 10187
6464 9 44 1473 502 1518.83 16685
83615 6 44 88 200 415.34 32693
54482 15 22 2326 200 513.67 36623
30699 18 68 3025 502 341.06 80922
77608 8 78 3427 404 310.70 27209
7148 5 49 8294 302 1234.82 80401
13476 7 48 5808 201 289.01 31238
53913 1 28 1743 404 884.05 46013
85038 16 40 8224 200 837.80 36445
39608 10 73 3471 201 1983.55 77728
57387 44 20 3139 201 1680.38 56300
85489 39 89 9405 200 1046.00 48991
40683 38 66 4926 200 1676.62 65843
31225 6 86 7998 200 1397.36 45454
35955 39 52 1261 200 1902.94 81805
15162 26 57 7363 201 1739.34 64511
34800 12 98 5527 200 1323.67 28014
12201 7 58 8548 200 1708.67 21949
42402 10 41 8258 200 1854.32 57704
83802 28 58 3712 400 506.34 79794
81120 19 90 871 201 1690.40 57365
68768 17 18 9886 200 506.04 21899
44934 44 53 2497 200 2.31 62386
75226 31 80 536 200 464.88 15289
22928 23 56 3513 200 972.77 23785
79552 48 5 9447 204 1849.12 23891
67894 46 59 4681 200 1521.39 70279
13348 31 49 7605 201 1408.46 99957
80799 39 38 3979 401 342.25 67473
2632 39 21 455 204 454.26 61552
57891 46 47 5099 201 101.44 62670
3016 14 56 8530 500 1992.80 16152
68775 2 76 4491 200 100.18 46622
62605 39 12 9150 200 1844.81 17432
60102 19 62 8015 200 1501.79 56890
10842 33 78 2108 201 1713.13 56622
72150 47 93 3874 200 39.29 74968
71440 22 53 876 200 837.75 34574
25273 2 34 9615 301 1866.48 63746
22939 30 62 6534 200 592.01 84827
53535 48 60 8849 400 555.65 91303
24331 17 97 4557 301 1086.50 70655
29971 32 44 9902 200 680.60 14311
6820 16 45 8496 200 1983.40 83475
46742 47 99 1858 200 1857.33 19929
5340 9 10 2400 302 546.63 15132
29499 49 45 4468 201 494.07 602
40691 4 67 9048 204 546.81 57832
15309 46 30 8175 400 112.16 78443
594 24 22 8650 200 1434.52 40301
73970 45 36 8956 404 628.44 29956
59707 6 28 4401 302 1880.50 34277
52168 22 87 8310 200 1470.12 48633
45917 6 29 6822 500 275.04 59649
63407 22 64 1645 200 1093.84 35578
77968 3 35 2180 200 1163.25 93163
9145 42 88 5667 301 1796.87 41145
34518 29 33 9427 200 508.62 80119
67391 6 10 5769 200 238.30 9307
84721 30 22 2263 404 1567.22 73913
60454 2 62 6588 201 207.43 87324
14906 40 57 7482 201 493.24 81893
36594 50 80 2597 502 863.04 24083
30025 8 6 1158 200 1047.65 45847
18857 12 99 6140 200 1155.69 68908
31035 45 83 7452 200 1791.87 35147
68595 19 16 8058 200 418.91 15688
7317 42 47 3584 404 1131.81 22202
15782 20 14 8085 401 769.84 78173
39668 14 31 2043 200 1358.72 93383
6615 35 43 5316 200 951.72 31249
35229 13 17 6542 204 664.89 56263
80188 36 85 685 200 233.60 51279
52945 39 94 441 301 1296.82 35531
19999 28 69 4033 403 1629.53 32033
52862 22 38 8993 502 888.79 35554
64802 21 54 6759 301 141.15 21774
34150 15 19 5564 200 1814.59 4287
13502 21 23 1683 404 1114.52 9663
19991 16 51 9687 200 626.79 22122
72273 45 6 9344 404 1271.19 31727
54416 15 41 914 200 87.06 67777
67475 22 40 7315 401 293.73 65840
71965 1 55 9432 200 216.12 37966
66366 46 51 2512 403 968.56 54793
44418 14 31 9016 200 1768.83 4023
48332 14 83 64 502 1931.53 32502
34141 12 73 2109 403 1641.03 80563
38065 48 14 4003 400 532.59 45495
85565 40 3 9977 200 919.84 68836
37237 7 31 9386 200 1245.88 88724
19239 21 31 4969 404 1552.80 16106
11275 9 57 4182 400 1796.03 72451
7268 35 40 3406 401 105.73 66206
13791 31 34 1631 200 48.39 83033
72139 48 98 3047 200 560.51 86855
23995 47 4 4197 200 79.74 42059
49589 1 40 8580 400 1893.57 1229
67531 40 32 3065 200 1177.12 36475
34360 29 98 63 200 1071.20 70974
48908 14 76 9043 200 1100.19 19525
4369 5 43 4105 200 444.34 22509
27436 12 26 8174 500 191.63 19405
38885 3 34 6265 200 560.21 21191
28684 38 67 513 200 884.77 72781
28892 25 40 6939 201 433.28 57243
18022 41 30 7602 200 299.35 73418
23170 18 37 4078 200 343.42 5762
71483 2 59 3920 301 387.68 24727
55426 49 26 3449 200 624.51 29799
10550 12 12 4114 200 1345.10 79074
71372 8 68 5456 200 91.54 15716
56712 37 54 3605 301 542.02 98978
7018 2 100 4446 201 235.44 97731
14607 40 36 6595 201 1732.34 63827
25007 50 47 7681 200 893.44 42806
53462 17 67 5643 403 403.86 2450
80735 22 69 2790 200 199.99 77974
52116 1 53 8184 200 1779.94 49274
85706 10 30 6521 400 1583.14 25377
52053 44 52 1029 200 1958.32 9417
58219 49 85 1351 200 1779.26 59465
81555 31 77 6826 201 858.70 37872
23839 8 77 184 200 1886.18 23410
27978 32 67 7471 200 120.83 65078
11316 11 61 1221 302 227.77 73442
86133 18 19 4786 500 664.61 12726
40205 2 2 6228 401 1684.19 2882
41706 32 78 4264 201 350.12 49311
25568 32 67 8056 200 1612.15 89050
51150 29 17 5640 201 139.72 54715
7765 42 61 1275 401 1726.16 40719
13019 8 86 7148 200 1051.42 78499
60293 50 91 6055 200 1675.22 67996
53091 48 59 2959 200 544.64 8258
18825 47 67 3259 200 885.29 1722
3669 37 69 3236 301 1113.60 12824
29612 7 14 8135 500 921.88 91849
43111 33 32 1035 200 1458.15 28896
67376 15 12 8913 200 646.13 35724
47896 13 15 129 201 1702.45 89452
82739 42 57 8988 201 1624.70 54933
33181 19 67 6072 200 481.36 39051
8205 25 32 1381 200 1659.62 98736
84395 23 41 5319 404 1991.14 89144
50346 24 82 3201 200 637.29 40330
42252 34 86 6822 200 267.29 36531
54639 37 13 6667 200 1145.71 70092
22182 38 81 8729 200 1460.77 9340
53496 40 19 6738 400 615.75 44359
42513 31 80 8500 200 251.97 55150
83245 27 11 2823 200 556.41 54184
66659 5 66 571 200 1171.59 47469
47031 4 24 481 200 1865.16 4253
45205 25 28 6894 200 616.23 65330
53018 8 90 9771 201 272.24 73050
77210 19 8 6410 200 380.68 70074
60630 39 56 3374 500 1059.90 2191
63278 16 93 569 400 1404.51 30371
28628 49 68 6282 500 1352.53 45473
26545 21 38 9348 200 241.77 31866
50504 29 97 3457 401 933.99 33997
6628 26 17 1620 301 1995.50 10723
39030 6 36 9411 404 904.72 88340
85174 21 1 3873 301 884.62 45799
56007 20 7 4554 200 1461.25 64912
11694 48 20 1515 200 1204.01 52574
50262 6 41 8682 200 325.91 39235
58373 9 4 7344 200 118.07 21570
47724 3 60 3637 200 233.84 34614
21968 41 30 5403 200 1132.14 59318
78453 8 40 1721 404 1117.15 15229
75163 22 38 5957 200 1879.20 31980
65243 24 59 5025 200 630.71 47736
68378 32 92 8287 400 554.86 19600
81292 34 13 3232 503 652.04 17797
34053 37 61 403 200 1033.05 42323
50168 50 94 105 404 299.13 80987
67904 48 62 221 503 173.18 1389
70363 12 29 5669 200 1221.14 64432
2083 20 12 546 201 1804.90 45987
33109 38 22 9056 403 394.58 82067
38115 42 20 5881 200 1599.77 6904
47925 11 83 9354 200 891.33 59897
1258 21 25 9580 201 1210.57 41571
19050 1 63 4784 200 1639.40 6052
71267 31 79 7637 201 454.32 54346
57587 19 9 6254 200 286.78 18527
64134 11 25 3868 200 796.19 85496
44211 48 49 8836 200 389.13 14618
40991 26 1 621 200 1148.16 52093
48904 50 88 2019 200 227.97 4964
79276 5 78 441 200 1083.00 52538
55777 23 5 3304 201 909.10 29732
39015 4 94 1699 200 247.44 75701
44803 35 25 1661 200 1381.76 68464
62967 48 5 1426 200 1109.91 28661
6631 34 1 1699 200 662.96 41138
66180 25 42 4155 200 671.41 2319
15299 50 10 415 502 1100.18 72893
83217 16 12 3932 200 194.83 5192
15468 31 80 2078 201 225.62 47562
28683 47 79 728 200 700.53 64782
67601 43 100 3250 301 1923.27 83080
63093 12 49 3994 200 1956.46 61267
15629 1 80 1948 401 546.03 42059
63207 29 38 8327 401 1732.98 18204
5150 48 70 8902 301 919.83 54904
58386 21 62 5197 503 271.30 63317
58359 39 40 9941 200 1460.62 94933
49402 44 44 9071 503 417.42 35502
30710 16 67 7309 302 1178.45 35845
81101 30 35 5756 200 944.01 19961
47820 16 58 2247 200 1655.17 2617
21992 18 48 7803 201 523.06 33123
60044 38 57 4125 200 1026.84 61050
11275 25 45 1332 200 838.78 6186
51779 35 52 1828 200 831.61 49675
78452 15 25 7347 200 1170.07 10557
81343 7 18 5739 200 62.83 62606
61725 28 37 4074 201 1793.25 64245
16959 14 3 4946 200 1176.60 89078
27309 30 63 8102 200 1499.97 29645
78887 13 58 3275 200 363.16 19944
68316 13 39 3065 201 1176.40 59007
36849 4 62 8316 200 1446.42 17266
66759 26 72 2140 200 801.23 36102
70145 31 2 3875 404 618.30 79886
25361 47 27 202 200 1772.46 70731
39616 34 57 8078 404 1632.34 93182
1636 50 74 7202 200 1759.63 63886
4252 16 24 572 200 2.86 22143
78038 7 3 8592 201 1350.11 35722
20655 46 76 403 201 1361.28 41127
80499 11 63 9766 204 1869.15 38655
26212 19 79 8863 200 304.62 96568
28387 20 6 1308 301 1458.89 42876
49685 32 21 7262 200 295.31 42804
17848 33 32 7453 200 811.25 780
23255 27 20 9216 401 1650.60 37086
68693 38 33 8970 403 366.44 65806
82624 33 38 256 400 1806.59 48669
23104 6 82 2486 200 1617.84 48616
75642 28 31 9263 404 1570.38 76489
23647 8 92 6904 500 1365.40 32883
28651 3 51 6694 200 487.90 12083
26442 16 7 8024 404 275.46 44597
82286 5 33 6827 200 1887.20 81214
75276 48 29 3130 403 264.24 98659
60915 30 75 820 204 1250.33 87318
55153 9 31 537 302 951.48 21849
73362 5 39 1946 401 1353.61 54936
54954 10 41 7204 201 1209.02 47773
39821 40 83 9813 500 1867.80 10629
34752 42 47 6711 301 726.60 14285
75970 16 73 1393 204 613.30 88650
28175 3 8 9615 301 1263.12 23384
23376 35 25 6297 404 265.44 77574
84464 20 59 1393 200 1088.97 22229
84307 3 37 2557 201 344.02 52103
14468 23 47 8800 201 1016.01 41645
11955 4 99 3968 200 903.08 66349
75097 30 54 4152 200 1570.34 81781
16909 45 83 8533 301 275.59 45857
23921 13 5 7522 201 642.39 74662
51499 16 100 8457 200 4.29 34567
32522 3 58 2043 200 440.05 10630
19 28 92 5130 200 1644.63 16864
65046 7 74 677 302 1857.69 23261
37198 36 12 3078 200 146.93 37545
64284 32 72 7188 200 72.14 91793
85910 6 24 2327 400 549.74 3991
53971 20 9 8025 200 888.92 68683
58371 41 51 8775 400 1343.50 1090
2740 39 54 4608 503 966.98 32140
85268 29 76 2795 400 1773.12 99215
34442 43 87 974 302 691.81 85891
603 17 41 9541 200 37.53 33799
78117 42 7 6 200 483.09 13788
20180 27 7 1850 200 123.79 29207
19347 21 37 3769 404 1810.69 80807
42591 37 34 5371 403 679.31 6116
61249 15 100 2981 200 329.41 84448
67665 46 13 7180 200 653.24 7146
1793 46 77 1902 401 1089.72 11954
6726 9 96 4766 400 278.87 16964
38022 43 49 133 201 1539.12 83659
80766 26 91 144 401 1961.61 20002
52352 15 51 2890 200 787.25 75479
47049 23 16 5923 302 389.35 31100
38638 26 83 7965 400 1291.42 66370
13458 6 55 4015 401 441.80 41410
16067 2 96 2740 502 1907.31 96966
30441 37 5 6996 403 232.53 94784
60994 8 51 7636 200 1962.53 62063
32971 24 78 4782 400 1257.50 19282
54714 8 46 9381 404 1775.05 82612
54037 35 81 9241 401 1124.17 31439
58009 32 93 3560 200 1193.34 68913
70363 28 39 2419 200 1935.52 23824
56831 15 57 6428 204 1392.46 52656
31320 38 83 7127 200 943.15 80115
40825 10 38 1099 404 686.52 20014
59086 21 3 723 201 1707.46 5668
62665 31 37 2409 200 162.08 54595
12714 11 30 5440 200 1698.00 704
34324 25 25 1233 200 1852.19 11237
13970 29 97 5816 302 481.20 54713
38342 45 29 5540 201 391.72 72915
14362 16 92 5994 200 1780.58 76007
9927 17 1 9521 400 1195.26 57939
76109 3 5 3141 200 433.94 22775
75395 38 9 9193 200 684.92 26249
83078 32 45 8294 200 1834.52 90965
47827 29 30 7622 401 684.36 72539
37471 40 85 8330 503 1582.78 94106
51959 32 34 7417 401 1690.23 74509
34132 23 6 201 200 775.55 45090
50407 38 47 3570 204 373.65 66205
64745 11 55 1129 201 969.89 74887
2321 25 39 2161 502 1430.53 39638
82696 31 43 8057 200 1924.24 52553
46279 36 62 2522 200 247.78 51146
17796 22 1 538 200 716.56 24311
28828 34 39 8392 201 307.14 85712
62909 47 61 4924 302 1711.25 97545
36140 29 31 3417 204 137.81 49776
77535 9 12 1082 403 1228.65 59772
28151 20 20 4735 403 680.67 20778
75138 43 9 843 200 1361.09 18263
23684 22 83 1656 302 1071.16 11998
54892 8 20 2865 201 1496.28 32275
72276 28 71 8580 301 871.36 30696
82350 14 72 6962 200 186.34 25964
45984 3 83 7261 200 606.25 81177
46005 25 57 574 200 1415.15 38036
61497 31 90 9699 302 1845.28 12229
65855 37 60 1838 200 974.94 62376
2139 31 25 4898 201 669.55 13723
44868 37 20 8132 200 1549.06 8588
33312 22 51 6584 200 554.23 80532
48226 7 35 698 404 776.28 50287
24872 17 73 7372 200 950.06 31668
29058 43 93 410 200 1247.41 74093
5452 25 33 855 502 1036.50 18042
53065 15 24 4576 200 1566.22 7582
64813 6 46 8375 200 390.72 25610
43624 42 77 3780 503 933.04 12009
68423 2 41 528 403 236.83 71936
3901 28 44 9438 200 202.02 42229
33977 2 62 4491 201 1142.24 65414
28721 18 32 6173 404 463.48 10039
34926 39 100 9663 502 1730.28 51711
51908 15 71 5173 403 1370.66 45620
25059 25 21 7578 200 636.76 9654
79889 21 6 1133 200 1095.10 61076
14221 28 7 2498 200 1704.24 51579
48316 6 52 7518 404 1487.13 96373
46036 19 87 6033 200 1366.55 39470
80574 43 58 3459 200 1492.61 76659
69296 21 17 8799 204 1798.60 71952
53871 14 14 3163 403 953.17 90893
57867 39 41 6764 200 368.91 15570
65357 19 48 2091 301 1888.47 4129
86012 17 46 4686 200 1969.32 84743
18066 11 14 9521 200 1971.62 42608
72456 29 81 211 200 892.21 38275
70559 16 89 374 201 806.66 91333
54825 20 63 8296 200 1870.85 18774
64923 23 95 4882 401 199.36 93825
37035 14 63 3322 302 1530.87 92375
80300 50 21 325 200 621.30 6473
34484 20 25 2828 200 1965.91 91861
55536 3 72 3389 200 478.79 80205
54334 22 65 8696 200 1895.42 54303
18901 33 33 2740 201 978.97 60861
11521 23 25 7424 200 117.86 23115
25914 15 48 3694 301 237.36 40058
82421 3 87 5834 404 304.33 1764
51650 17 67 7957 200 565.35 41132
50569 26 26 74 301 1323.02 79760
3317 26 37 7504 200 1029.46 50245
74030 46 47 7173 201 1595.81 71765
74681 23 46 9389 200 951.45 96675
65398 35 69 833 404 961.64 42743
5940 6 55 305 302 1748.15 20479
19069 42 16 5577 200 1943.72 31207
44290 21 30 5028 403 1302.02 30560
53141 10 18 1291 200 1560.32 97330
40748 11 23 96 200 752.33 93999
70895 18 1 9882 200 359.15 5343
76994 23 47 2548 200 1411.53 5112
45062 5 13 7205 200 369.42 76611
3400 4 3 471 200 378.40 46826
35805 31 94 4284 200 1567.22 56238
908 6 77 6096 201 1584.19 53601
85250 24 26 3893 404 1787.97 78541
29014 25 62 9454 200 1862.07 50945
4363 23 55 2787 502 286.49 47278
50097 17 29 9522 401 1418.29 99880
50771 3 83 5786 200 309.89 73028
37978 18 52 640 200 231.61 8788
75140 16 48 9666 500 670.42 25945
49322 18 91 7942 204 1875.34 94843
58726 5 58 1615 502 1075.54 78842
1226 2 26 5342 301 1497.65 73343
18415 50 87 2876 201 1067.11 88274
35047 5 17 558 200 116.42 49884
73009 31 6 2273 201 1390.25 29613
44510 5 100 6681 200 1703.84 77239
70605 9 2 3846 200 864.18 24040
67546 2 49 3359 201 1593.49 34273
29201 41 71 2383 200 1009.50 23676
22537 8 1 1855 200 1026.21 44607
72990 49 8 5713 404 279.76 87266
49179 13 87 4502 500 1320.33 37267
33589 5 14 4580 200 1734.25 71846
21081 7 97 5996 201 1028.40 34870
59626 45 84 9667 200 642.67 16147
45454 9 69 2668 200 461.41 5260
9194 3 83 3863 200 631.95 4886
42424 48 33 7112 200 1527.95 97494
44416 21 78 4448 201 1966.70 78655
20874 21 69 28 403 762.40 8949
42858 34 1 641 201 1479.42 27899
18227 20 85 6872 401 835.37 46087
26755 11 94 1338 502 146.26 6986
17201 25 35 2201 200 1755.51 12651
7738 15 72 2388 200 822.88 72270
60828 1 22 5092 200 1732.59 97649
75305 48 42 8002 200 137.01 71690
27380 18 27 2678 200 183.88 85847
64506 43 2 3597 301 626.36 23317
5262 32 71 9930 400 452.45 33005
15208 35 87 7663 200 1623.44 86236
25394 41 45 9840 404 1703.73 98739
4542 12 11 6624 204 1830.28 45851
13509 20 76 4313 201 5.15 47496
22525 17 52 5794 404 1139.04 54734
54581 36 52 4447 200 899.09 49251
25612 16 93 1818 201 646.30 5366
22300 23 47 5540 200 910.70 86784
14131 36 31 1063 400 1616.11 89985
66335 32 12 4387 200 999.60 57778
66077 33 27 4584 201 69.72 82393
55206 5 9 8662 200 593.78 54589
22905 7 44 6917 401 327.55 10411
9012 30 15 4886 201 1334.20 46780
23081 6 92 6496 404 1656.54 74256
54091 33 8 3158 204 440.50 25822
38434 7 90 2601 200 1886.02 82133
52736 49 84 4540 201 1144.77 73619
80555 14 86 6392 200 1995.35 46454
22770 40 28 6029 301 1996.40 69700
6476 37 23 8364 502 1951.23 2262
5639 5 83 6810 404 1028.94 12922
46586 33 26 9825 404 878.82 58878
3451 11 37 971 200 1185.80 45989
71283 3 86 4269 200 1857.18 94694
55390 14 32 3980 500 677.12 97261
78959 19 99 4779 200 1365.34 74980
57217 35 72 3070 200 686.76 12612
57623 33 11 398 201 1739.52 71603
76968 49 45 9831 200 1738.84 67110
63662 42 51 2447 200 1677.84 93773
75783 18 25 4462 301 668.47 10277
21968 46 64 8206 400 98.48 51451
72898 31 44 6319 201 1165.49 9226
59079 38 76 5825 200 377.28 19025
15919 21 6 9478 200 250.62 1848
45398 3 11 5728 401 654.15 54182
30206 15 60 9948 502 882.04 73550
22498 32 84 5808 400 1350.79 89323
17788 35 36 2838 301 612.32 67653
65598 43 62 9628 204 369.02 34396
9128 17 82 6023 200 1554.01 78169
6116 36 67 8345 200 1495.29 49773
73514 48 29 3000 200 864.55 95802
2852 2 96 5798 200 1424.73 77480
15197 11 24 6213 200 967.67 21250
1265 8 93 7590 201 1823.66 20890
12667 38 65 2534 404 1148.28 68375
30307 30 84 7549 200 896.50 92810
35032 9 99 24 503 1812.37 35519
4790 29 84 2524 404 532.11 87888
77398 10 11 9474 200 1227.75 16958
19274 49 55 4529 500 1353.96 52137
26057 24 19 711 401 672.03 14472
49644 6 52 4230 401 283.63 42406
11259 23 65 7337 403 1090.42 16768
7498 47 24 8215 200 1311.99 36653
46420 12 68 2184 200 36.32 26683
8879 2 18 4556 404 1139.43 14145
71918 22 100 3418 200 14.67 67462
40350 49 69 9857 301 487.99 88716
68995 14 11 2237 403 1634.40 38345
38737 32 49 4302 200 621.43 57386
65848 5 94 4493 500 1905.72 87488
20678 37 63 2529 200 536.73 27216
78815 1 64 1626 200 632.13 71967
68374 2 69 3754 204 293.05 9646
71107 45 24 9355 502 1737.24 59645
15030 6 5 170 404 539.99 17817
70820 1 100 8055 200 828.00 66320
58656 49 24 9159 201 1590.43 63055
11728 50 98 3444 200 1468.97 30012
45078 6 22 2718 401 757.25 26140
7637 5 35 3995 200 1029.61 41675
61254 9 91 9862 401 563.67 1951
6053 8 6 6580 302 1573.22 92884
21056 25 31 8430 200 1417.46 61153
63234 50 18 3609 400 1000.57 7162
11043 19 59 5349 503 949.59 63530
70507 43 44 3448 200 1782.15 88672
70296 21 72 6044 204 835.35 15526
12468 32 10 289 204 555.01 23724
38852 11 35 7361 200 1012.58 88210
14041 48 96 1924 302 1329.01 40737
29668 39 2 1439 200 40.93 63249
50682 22 46 5252 200 1501.34 42327
64491 36 15 4427 400 466.80 98228
70255 20 59 1779 200 880.92 62841
5988 42 58 4157 200 1734.16 3014
57825 28 45 530 302 112.40 62718
78773 18 71 9957 200 972.29 13154
48889 15 92 8690 404 2.49 71899
51333 30 72 4924 200 928.41 21851
21238 13 92 8318 200 974.17 53353
80775 32 64 5430 200 752.27 15028
8566 47 63 4588 200 605.49 22125
4389 9 47 4064 500 1421.13 93268
36195 7 52 3821 200 1710.48 66675
30996 15 64 5859 200 1931.71 30714
15101 49 65 9645 200 959.77 77705
84054 34 1 6146 404 158.17 50965
28591 2 25 4069 200 1067.08 73289
86054 35 81 2121 200 563.29 4251
35521 11 24 9251 200 208.17 96565
60688 18 30 3386 200 1360.82 85829
71318 21 15 9803 301 1484.30 61668
2722 3 13 6226 200 738.08 62412
66505 7 82 1158 403 279.47 40706
44948 39 4 4839 404 1815.61 68950
7552 18 94 2157 401 434.99 20171
46831 41 97 8502 200 1904.57 18371
4307 29 15 3771 502 547.81 64551
34530 1 99 9604 200 286.98 25852
1210 36 57 144 200 1199.12 82284
29520 1 96 5421 200 998.44 81834
6239 34 69 1256 400 421.17 48581
27945 8 82 6483 200 1744.92 21382
52973 31 16 838 204 1525.31 7382
50538 32 27 2532 401 1635.83 62269
84581 47 51 2066 400 1733.04 13334
45004 28 67 5463 200 836.55 29760
73724 1 86 9631 404 1529.37 26343
6832 44 45 1290 302 203.23 61657
53839 49 36 9029 301 194.18 63957
23687 12 33 7137 404 254.48 38572
74874 21 60 446 200 903.12 16170
10107 36 46 7589 200 1012.77 7985
70383 10 94 4746 200 718.10 53616
45728 20 59 8483 200 944.33 80567
42363 17 85 555 201 1176.22 33397
80744 25 73 5728 200 1588.12 60497
42032 27 34 5575 502 1546.56 94934
9181 16 78 1689 200 614.87 21125
3037 35 33 8774 200 164.94 35720
25789 23 68 9656 200 517.20 18525
21035 25 46 2760 400 154.17 70959
57372 2 24 4190 400 678.13 72305
48707 48 21 9171 201 925.76 85270
70701 10 69 8744 200 1445.64 42946
27581 10 91 2818 200 1038.89 49354
20249 5 13 1960 500 1953.00 73503
32508 17 93 347 200 1829.47 70270
42642 33 46 9892 200 1344.45 52854
4494 11 12 1101 200 1674.49 80248
74761 40 61 5098 200 303.38 58854
24596 34 38 2008 404 390.80 7840
27084 1 63 1024 200 1866.45 11290
55071 43 81 5329 200 1962.21 10929
63969 44 12 7832 200 1025.01 2844
42109 21 63 9936 200 1345.62 54068
14981 3 73 630 200 65.91 20367
64226 38 73 9957 301 987.47 15563
79762 16 2 2490 200 510.07 6261
42245 23 41 2048 201 1299.44 14304
26146 3 46 6259 200 1673.04 16038
44231 45 53 101 404 1143.79 19849
28655 16 73 5935 200 233.55 11103
83818 20 3 2411 200 720.84 29792
7760 7 26 1457 301 1285.97 19981
67629 50 94 22 204 283.35 24420
79542 43 10 2094 200 1406.86 226
34778 45 93 5218 200 1534.79 94792
80064 13 49 3373 200 103.40 68211
42899 45 13 6926 200 1863.39 77307
9057 41 27 1535 200 747.33 1629
13081 40 80 3617 200 1618.93 36736
32770 6 5 6283 200 1971.88 7133
67451 18 40 5032 200 8.92 55455
43300 9 39 3788 403 1288.78 35480
56222 21 87 3907 301 431.81 9575
19100 28 73 7406 400 1213.83 17003
14410 10 80 106 200 1114.12 46435
77058 9 29 3375 200 801.26 38924
47509 2 62 9177 301 1981.51 21625
76276 7 48 8516 200 1949.55 46258
72795 46 51 509 404 682.55 30376
77718 32 95 3501 500 132.19 45330
47469 42 60 9617 400 1244.25 36520
52427 43 85 1950 401 1125.75 50938
65853 4 72 3840 200 284.09 86786
8855 22 54 9666 200 286.43 74486
33647 49 96 7179 503 1396.98 88138
25383 18 68 833 302 623.71 1869
67644 36 45 218 204 328.07 38298
48868 23 51 3762 200 1052.37 60149
69880 43 37 8887 200 1457.12 27017
27341 14 35 9335 302 1154.80 31525
55963 5 3 6851 302 720.62 54621
6628 18 43 815 200 1901.54 31610
35311 35 47 8715 200 1957.86 71747
33382 27 27 5088 200 1489.76 12658
14535 21 19 7625 404 1329.97 24821
9091 33 68 6510 401 836.00 82543
6314 44 28 4142 301 537.23 71003
86343 1 18 5183 200 1138.89 77610
79555 23 97 4476 502 1839.35 94508
26887 34 21 649 200 481.25 54206
40591 32 46 2570 401 1264.61 16510
43503 26 7 8303 301 677.40 19350
80829 31 92 6775 201 1436.49 74157
50237 42 95 9679 404 1201.47 17450
45796 35 3 6456 404 1466.02 62888
43922 28 100 7427 200 1130.34 42737
7615 33 42 7273 204 281.87 99066
38271 14 57 4982 200 881.77 91884
74040 23 69 5488 401 1166.55 87350
82963 3 67 8887 200 629.86 41432
44244 15 95 7482 200 411.23 85672
16374 20 13 1992 200 771.72 77516
79092 37 77 7974 200 1775.00 46581
11863 3 34 2623 200 314.65 73041
81870 20 77 7845 200 362.57 72173
63483 48 26 8817 201 1549.53 61825
48569 34 56 3787 502 1748.46 53001
61166 14 72 211 302 65.94 19901
51432 8 54 9995 204 862.54 6453
24897 28 61 8411 503 861.26 3382
27673 25 91 6007 200 1442.73 40631
19906 3 69 3473 200 1372.50 88332
81975 48 27 4868 302 1704.09 53859
30811 4 27 9341 400 1316.24 22046
71185 23 65 7965 201 1300.25 92474
65125 26 63 1171 201 254.62 72784
51191 32 49 3598 200 1940.91 19564
9710 25 27 9506 200 849.32 16451
61750 14 61 658 302 477.18 21848
33581 49 45 1307 200 52.65 14608
19161 27 79 9630 204 1966.79 47498
72672 1 4 848 401 1543.18 56006
79068 14 86 3489 500 414.08 78307
75523 43 4 7991 201 466.57 63093
73036 38 73 2095 201 1474.70 22644
54200 11 48 7926 200 134.25 90785
86276 37 3 7355 200 719.57 84178
74163 28 24 9017 500 19.19 22122
6515 47 26 8680 200 123.63 46048
61738 31 63 1886 401 1934.69 33706
23207 26 50 9793 301 1344.28 50328
20795 8 75 4421 200 1044.14 48423
50600 15 1 2588 200 571.14 36692
47863 3 1 7550 502 481.06 59406
27952 31 19 4034 301 380.68 35684
70740 35 12 5602 200 841.08 74777
48566 28 1 4524 200 1274.01 7880
84220 36 83 9201 200 741.61 92567
49155 26 89 6622 404 1747.72 8753
43357 34 44 4104 200 99.25 28770
16507 13 80 3563 200 1390.54 38464
53243 43 49 7491 200 235.89 3009
21772 39 93 9020 200 1101.83 59680
81602 19 22 8072 201 234.38 25913
11151 41 54 8997 400 391.52 86968
7495 39 61 2479 200 204.59 53090
62942 34 20 5902 200 402.55 72575
26412 6 53 4064 200 1082.11 76741
70706 49 18 2859 200 691.97 55632
64220 35 44 4121 200 1331.86 92987
45331 48 64 694 200 1219.77 58779
22107 5 41 4499 400 1588.47 60238
42733 35 90 905 200 526.90 89871
62587 45 19 6858 403 178.46 19880
74735 22 33 4088 200 1171.54 41855
45029 13 15 3206 200 593.06 56016
49445 18 45 8084 200 1592.13 89363
26417 38 8 3321 400 304.81 79291
11259 14 35 6464 404 84.25 6419
71767 7 58 8588 204 507.15 87461
47977 3 53 2611 404 1504.94 86455
1524 16 52 6942 200 745.94 29810
30387 35 55 2078 401 1606.27 21856
35878 34 29 8033 201 1482.03 71987
57185 18 36 6101 200 609.74 57165
2147 38 1 3790 200 919.23 85142
70672 40 93 2672 200 455.42 90338
29310 5 50 2321 302 1647.67 13132
74047 1 42 1540 302 488.03 23150
40487 15 60 7723 200 1655.33 74599
36950 2 60 5751 400 35.56 9061
47493 49 86 8073 200 447.98 1200
80650 21 35 1551 301 1417.89 94384
15368 1 89 2382 500 343.00 76449
9784 40 58 6393 403 1475.01 99458
76222 34 44 741 503 816.38 72521
24831 6 56 5184 201 349.25 242
83194 23 18 8369 201 1998.42 46574
24783 4 29 5982 204 129.94 28590
84026 40 55 9058 502 465.35 61113
76144 14 33 2873 201 1613.57 63647
4308 9 61 4299 200 1473.85 1600
39175 16 99 5882 200 852.82 48242
47720 26 60 3160 302 1749.62 77857
81105 48 81 8619 201 821.18 82607
28767 16 13 3985 200 935.31 26053
24674 13 97 9982 200 296.97 52729
8526 3 58 1106 200 929.24 53588
37433 40 80 8182 502 1648.71 33437
48802 16 18 7740 200 26.63 66686
68735 41 48 5087 200 1071.41 93258
80849 43 60 7098 200 1041.13 93221
84261 39 97 7478 200 120.79 19804
44720 11 13 6761 200 1863.16 85310
7690 20 52 3232 500 727.28 15737
33721 19 11 6192 200 1936.08 58602
79034 30 17 7193 400 1029.39 90954
28597 10 84 4163 200 1198.42 40185
6197 43 23 4320 200 1379.96 78152
52051 1 11 3271 204 551.11 99209
78588 32 64 3703 200 1745.79 95782
70378 4 24 5324 200 786.29 31564
15521 16 58 1523 200 855.59 8383
63317 32 34 3403 403 869.92 47881
16661 10 20 4857 302 60.55 76747
844 11 8 3217 200 1886.45 587
80502 47 21 1063 403 966.23 51048
56968 24 52 9008 500 767.75 75614
42486 25 90 1117 200 1603.28 32074
45739 22 49 2298 200 76.53 62925
55587 39 27 7653 200 548.89 80212
69220 43 38 4831 200 1955.73 5916
17328 47 22 6485 200 1510.37 37999
58089 46 54 6154 200 1868.89 86617
4187 9 22 8506 404 1099.31 4051
56694 21 39 6492 301 1276.64 86202
27696 33 10 5116 200 107.86 94769
38507 24 5 3173 400 996.40 75744
26787 16 82 5930 201 10.42 4791
6254 29 30 7633 200 458.11 71119
76247 49 3 7906 200 1816.82 44733
8044 1 47 8194 200 1081.99 41423
58519 15 71 3752 201 638.77 40032
83719 48 94 6422 200 253.80 69162
72797 46 37 8505 200 225.66 19973
6534 31 58 607 200 1093.68 29322
37674 9 75 3791 200 265.81 3977
58085 10 51 5367 500 1670.08 32638
72795 24 31 8775 200 1609.86 15821
31880 2 86 9470 200 480.66 69419
7203 8 93 8963 200 911.80 91167
60977 18 83 6216 200 374.36 39261
71820 19 77 6901 200 692.87 53402
72221 1 11 2413 200 501.72 1648
69630 9 28 6067 302 43.09 86579
3147 13 91 786 200 1495.56 22894
47579 38 82 3098 403 1401.21 60420
34716 25 8 401 503 767.58 390
13152 1 67 8088 200 1272.63 58719
39244 23 87 8362 200 897.82 15453
46456 44 67 2661 201 1012.04 64641
1554 8 94 9327 200 1459.31 78523
1757 40 21 1355 200 1659.03 52773
26151 47 47 4838 200 240.37 88796
69349 23 25 5560 200 920.77 94338
1311 27 29 6771 400 262.90 45060
51922 17 4 3881 200 1849.06 18374
45078 19 2 4325 204 149.78 22223
43519 41 19 583 500 1748.96 55716
49342 37 1 3357 400 866.10 46061
41833 15 65 330 201 1048.79 61897
24451 16 4 858 200 1846.52 75625
59554 23 13 432 200 640.90 83574
72434 3 66 2367 404 19.32 32222
17400 50 96 9962 200 626.17 6792
41994 2 67 2448 404 832.41 72427
62237 11 92 1051 301 317.75 51760
68055 46 32 8044 200 1385.45 70132
49412 6 91 7729 200 1568.78 87959
50451 21 9 4820 200 557.01 47923
28037 9 95 7524 404 1108.70 67164
45545 9 77 4865 400 1733.84 19825
54109 50 67 7363 400 1312.75 13344
40751 39 58 2649 500 1440.20 62648
65129 45 22 5057 200 613.09 77021
56646 6 24 9624 404 541.43 58474
71086 26 52 3185 400 576.15 58139
63682 37 8 4110 204 1398.93 43907
61441 31 6 6242 200 1512.71 26315
23840 13 91 4831 404 757.32 80794
64776 18 10 1010 502 1305.55 77067
39407 11 40 5015 200 819.71 13561
67399 16 78 4855 200 943.26 59298
15187 19 15 5020 204 1120.22 11394
42025 38 51 7576 401 1773.34 54222
22726 7 23 7662 500 1894.67 73458
31883 32 14 8750 200 1830.25 93406
25345 10 50 2528 200 766.95 42091
68659 48 46 9026 404 143.45 50961
73808 8 79 6117 201 1429.69 10206
81018 1 92 5487 502 877.93 13243
46721 16 97 8951 502 1718.79 54685
9505 29 95 3432 201 147.21 44295
66065 3 29 5439 200 947.40 14368
52978 35 87 1646 400 1936.26 81962
67353 46 3 1198 201 569.74 82564
4066 3 67 4802 201 339.08 81261
27859 43 45 9144 200 1808.00 62880
27705 20 56 2541 503 1966.06 72066
79918 23 79 2563 200 1340.24 40939
34 17 81 7449 200 98.08 38685
38703 25 45 3550 200 1927.87 12416
55432 8 3 298 200 1320.08 30215
37289 5 77 7584 204 1141.05 5140
4629 6 15 8811 201 1649.85 50457
74011 28 93 2836 500 1685.09 34168
62413 49 8 5475 200 1285.91 16155
50776 49 90 1586 200 728.88 96627
55243 41 13 6305 200 747.71 88787
57885 3 8 9138 403 595.84 48054
68195 21 4 1515 200 1541.61 30398
22810 19 1 665 503 79.54 60722
56584 6 45 3208 404 465.90 53256
52505 25 41 7029 200 388.38 74309
18538 34 74 2364 200 1152.74 21603
47838 44 19 9422 201 705.27 99279
20222 40 5 9220 200 1921.18 53409
12325 48 51 3963 301 979.16 42541
44286 7 27 1230 204 1351.39 70694
67161 48 56 3294 200 993.09 16301
47041 50 17 760 301 352.99 94584
61924 10 71 8754 302 908.24 65512
46709 20 85 1946 400 309.14 49376
73928 29 52 1891 404 1348.70 51965
54714 15 10 4226 200 526.79 7962
14135 27 37 4028 201 179.36 68420
37237 26 18 7780 403 1159.95 68776
53476 17 29 948 502 573.23 34925
36617 37 65 801 200 1178.98 53704
48383 14 74 617 200 1790.17 1936
59272 35 25 3014 204 301.94 57284
40525 21 51 3637 200 1339.55 49620
83866 17 18 712 200 868.12 44724
30740 13 52 8252 200 1087.27 86410
26331 15 19 1930 200 1232.89 19704
38349 35 19 3904 200 938.89 55475
31770 27 11 7343 200 1775.86 66612
60738 15 22 4602 200 421.53 81776
1991 43 90 5205 404 11.88 28032
3039 7 92 6393 200 269.27 75386
55707 48 34 7721 403 1521.45 25676
14533 33 84 1163 201 874.86 45919
23144 34 61 4973 200 582.15 60816
84994 21 97 2253 200 959.43 84571
31732 31 92 402 404 1115.30 38415
75036 42 84 6508 204 668.95 29212
70667 17 4 3085 200 1165.56 39885
60379 25 86 6675 200 1743.23 900
38598 5 35 543 302 163.04 49683
61901 21 25 6787 200 1922.87 95788
51777 45 81 9334 403 1387.07 33751
14710 29 28 8612 200 146.08 50412
73467 44 22 9527 200 1013.19 83307
83939 7 28 1298 201 1892.81 68178
35856 13 33 8838 201 372.68 83710
19385 50 50 226 200 1219.33 48882
70898 17 29 5493 400 1568.07 5732
28046 19 73 5059 201 1457.50 93117
30658 40 62 7234 200 1692.08 64085
36936 13 28 847 200 449.94 14948
43217 23 85 4924 200 392.30 35163
71430 21 84 3937 200 123.37 77202
51055 21 99 7485 502 918.48 77976
20600 13 95 8297 302 1891.40 57311
35331 26 67 8556 201 511.21 45015
58375 10 55 5079 201 1621.40 82172
63549 2 67 6309 200 586.05 50081
33919 45 35 9199 200 1641.46 73343
3257 5 37 9514 204 1413.73 74657
25750 1 42 1686 201 1429.06 48862
79198 32 71 7343 200 1440.48 228
58406 7 71 5346 301 835.48 22286
63131 42 53 6084 200 1888.05 84017
4133 37 86 8948 200 1980.45 81063
18092 19 2 2314 400 609.85 66836
15209 9 79 5803 404 641.04 84080
57910 43 19 7716 404 1611.69 21200
52057 16 30 1789 404 794.98 47341
21192 2 45 6386 200 1852.63 97126
83085 22 19 8611 201 315.31 72979
59670 18 52 6811 200 291.99 44100
35088 46 12 7507 200 1206.84 52780
28130 45 99 8379 404 1844.18 32730
9031 32 13 564 200 900.60 97439
28744 3 44 3558 200 1512.18 68946
55313 26 12 2002 200 1184.02 77923
6240 2 15 8905 201 1624.01 75266
69806 38 19 7164 301 954.51 15727
55493 43 4 7262 403 598.73 50086
27354 18 68 2775 204 1385.91 83596
75252 21 35 7649 200 645.20 88296
84180 27 99 5177 201 1498.88 52321
83349 15 8 2669 500 345.72 53035
50080 31 56 4825 200 1536.41 27301
64560 9 32 6209 302 1139.47 7328
63793 45 15 2567 201 1872.05 12771
58590 24 42 8448 404 530.03 27798
61453 50 10 7508 204 711.22 69514
4247 40 4 3403 200 959.56 53785
1369 43 10 335 200 474.90 28019
38644 30 8 554 200 1390.82 92239
12281 22 64 9856 201 1861.73 17823
462 6 75 5671 500 110.52 9703
36422 22 71 9337 201 1055.39 18046
12193 48 1 3852 200 1749.34 63422
48718 46 52 2087 301 158.32 16335
52164 34 17 1335 401 1979.48 46393
32606 30 45 1713 400 605.98 92151
57229 7 16 4458 401 1778.75 42593
44876 13 57 7484 200 1763.55 60307
77053 28 20 146 200 1154.77 39215
80891 36 87 6595 204 565.80 78815
32661 43 11 6481 200 940.49 70906
74124 13 30 3245 200 52.46 74977
29466 32 81 7497 200 1865.35 45605
54645 2 29 8793 200 1889.56 29434
42268 20 35 8525 201 1358.12 58185
33866 28 27 2194 200 1304.88 93403
62824 11 1 1469 403 1362.15 23435
16120 14 27 379 200 1972.71 67088
27234 16 12 3813 503 495.99 85472
43758 13 85 210 200 113.97 61548
8933 25 44 4596 200 1173.71 25424
53946 48 66 9060 201 709.49 95329
32931 28 42 7153 201 1709.63 85688
80316 48 19 3360 201 191.02 40581
17320 7 42 8137 200 1056.92 15913
57186 23 21 6058 301 766.76 47161
75090 21 57 2366 302 264.36 46523
58772 42 85 6146 403 988.53 3429
10235 46 2 1184 204 500.91 79048
72278 15 52 4957 200 821.64 40848
19988 34 14 8820 200 580.47 19893
1254 1 58 6273 200 1946.32 18375
16737 22 35 9845 200 1199.81 83938
67088 2 75 9402 404 1071.51 87140
46966 1 66 4358 200 777.88 4572
35941 3 75 4573 201 1775.75 56463
9042 25 83 7319 200 1889.99 31729
41628 21 58 1505 201 1603.48 7612
38148 36 50 4831 404 1965.38 49097
34483 13 42 8850 201 443.07 78191
23252 38 81 4787 200 619.81 13122
25255 40 82 3948 200 1761.42 66952
35675 37 54 4323 301 1218.45 24555
66440 35 45 1213 200 822.51 10897
55973 22 72 9720 200 632.69 94047
27139 14 64 8534 404 1545.27 9594
14587 5 83 7282 200 1954.87 33787
3227 14 45 1219 201 1170.94 99823
31047 45 48 484 201 1296.00 90137
18103 9 15 3815 200 1250.26 99191
62974 40 94 6636 200 343.63 6420
6823 31 70 572 404 1060.09 91386
57832 44 84 9998 200 1526.85 87901
50670 16 27 1290 200 1197.01 12938
2675 2 28 6884 204 1871.70 89521
20218 50 9 6371 200 1811.79 3685
44604 46 16 3521 200 37.72 73198
23373 36 81 2004 200 1376.90 44777
18984 16 44 4829 200 1678.10 45381
25719 40 66 8387 301 457.62 91340
23674 31 32 5599 502 1255.17 21031
22425 23 30 9085 200 1440.82 30419
59381 18 10 9911 200 809.89 36436
5395 38 83 2574 301 80.38 5742
72525 34 45 8431 200 1044.73 67740
34693 39 31 4733 204 913.20 72323
77249 11 50 2499 200 1178.72 41110
39262 12 75 4061 401 456.04 77679
45311 42 81 595 204 757.04 24638
68592 6 88 7944 200 543.49 26978
73881 41 35 5335 200 914.42 26901
81402 3 89 7051 200 202.40 80599
61130 14 4 4717 302 878.64 12818
9745 9 71 9603 301 1602.94 77403
34355 18 34 1832 204 656.21 55228
74310 32 13 2572 500 340.35 93813
83432 8 2 99 200 1640.73 44968
18085 29 25 4356 200 1465.71 7010
59260 17 84 2825 201 1461.10 58561
46040 19 94 4861 200 284.55 77791
18472 37 11 8930 200 1061.42 95067
35923 37 86 521 404 1725.49 37323
38303 12 59 5611 200 641.05 90543
78922 5 41 1911 200 1169.93 24832
70522 41 99 7630 200 1908.84 80138
78679 31 97 1986 200 1484.88 62704
66563 35 50 1255 400 37.10 66370
41707 21 34 2805 400 485.12 82699
14835 30 53 7939 503 1358.64 11882
85100 33 3 2833 200 254.75 26304
80664 42 87 324 201 1134.69 60897
48483 49 48 3737 301 128.01 31127
34235 31 97 6910 200 1750.87 12115
35898 36 41 6449 200 1901.93 70898
1918 6 31 3055 400 732.47 25300
20874 27 68 8239 200 1886.10 10649
68694 36 19 4996 404 253.26 40289
58570 40 58 9628 200 841.84 72226
41553 47 38 913 200 1611.60 68586
9345 22 99 1948 401 1605.32 19969
42024 13 30 6594 404 1964.80 23677
17109 37 14 404 200 14.57 29542
13214 1 7 2239 200 1981.98 15012
45234 13 21 9362 201 730.27 2070
75461 7 40 6952 200 462.24 37842
30303 16 76 6774 200 1154.82 56745
5693 35 20 29 500 222.73 37788
35100 34 78 2551 200 118.01 46812
26387 44 16 8109 503 1853.17 1682
77598 28 74 3795 201 1126.10 68896
27075 49 30 7267 500 1608.81 19339
14093 5 25 8978 200 1103.08 58207
31064 49 13 7615 200 10.00 20379
27067 23 53 7970 201 194.74 44332
47349 13 71 9093 200 99.26 15350
459 36 33 6774 200 824.08 45381
28767 35 67 3600 301 82.15 91330
33761 40 80 9215 502 22.33 20503
53805 13 42 9961 200 362.14 98106
11234 31 33 7936 200 367.73 47655
65526 46 3 348 200 1193.72 65747
52255 19 49 6115 301 685.61 81568
9328 25 7 1338 404 1298.81 74247
14130 26 4 4225 200 53.87 18011
28992 12 98 252 302 1620.92 58821
68848 43 13 4413 200 149.95 89764
44098 23 97 4370 400 187.50 19017
45003 39 84 8415 204 1289.20 69858
2448 11 83 203 200 1027.89 70897
20758 11 13 404 200 358.08 99317
29181 38 42 7937 204 1971.86 27140
55292 2 87 6052 200 598.05 38203
74904 4 75 1719 200 211.69 13180
15953 35 35 2061 200 130.94 21171
71307 34 13 7043 201 1807.33 46512
9590 38 18 6195 401 864.18 56673
67894 20 47 2846 200 671.34 46316
52527 40 58 8216 201 360.42 2765
40414 1 97 8799 200 1462.71 3379
75339 24 10 6467 403 99.50 83431
73651 25 55 7626 403 696.71 28265
77082 27 48 517 200 1625.57 84347
11457 19 24 104 204 1408.12 76385
56229 23 97 7899 204 227.09 6379
13507 24 44 6893 204 1076.74 58116
40506 20 30 1708 200 1151.43 16144
36585 18 52 3240 201 134.30 85269
71683 13 57 4916 502 667.15 29219
51412 24 10 9563 400 1939.14 95929
64476 36 18 7882 302 1179.87 35846
38872 14 86 8073 200 634.68 93161
73439 30 85 5384 200 419.37 85094
321 22 25 665 200 1047.06 44904
29728 50 100 3503 200 267.90 95530
4143 45 78 3182 200 1492.04 15071
32683 29 48 2537 200 24.04 41967
11261 40 31 2684 301 4.16 30932
75298 7 4 1991 201 129.02 26698
74514 25 97 4200 200 668.30 2311
62874 33 67 4140 200 414.47 5399
56507 28 42 2601 201 523.40 56551
85100 43 31 1175 400 1347.36 89659
9936 32 70 7307 404 1823.83 14247
63845 33 20 3820 502 660.62 74316
83133 35 91 7589 201 1277.81 99562
82367 13 11 4368 201 590.57 96410
1318 5 23 226 200 105.76 17193
78435 44 73 7050 200 1300.53 78218
56476 8 96 3920 200 221.71 92787
36246 47 32 7206 400 183.87 76428
44399 1 24 9343 200 1598.68 13590
77640 24 95 9386 200 1956.01 33375
85906 22 56 1393 200 1738.37 42507
47876 16 61 2807 502 307.58 69117
63359 40 1 1164 200 1936.45 28865
79741 10 89 6517 302 1376.37 4934
27589 8 26 4140 200 527.75 45786
30799 43 17 4524 200 314.37 66170
36841 6 54 4876 301 1060.26 78158
33840 35 63 6352 404 37.05 39063
48129 21 79 5770 200 354.11 13711
24655 45 96 4708 404 1172.12 81715
58250 7 81 8594 201 671.32 51412
70490 41 81 3737 200 192.28 96940
79020 48 10 3575 200 334.94 40622
85781 34 57 671 201 1544.29 25773
71557 34 18 4194 502 1368.00 88198
68433 25 30 5421 404 1799.92 31527
38721 11 28 9527 200 350.24 28758
17163 14 29 8611 200 1355.54 32947
14931 33 35 2940 200 318.12 76866
27015 45 11 2216 200 941.18 13875
75477 39 77 7976 201 620.05 84752
12530 1 74 4029 404 1480.89 966
46901 47 53 663 200 806.02 65573
117 21 50 7142 404 310.22 87953
39013 25 41 6307 200 976.59 64062
13376 44 37 4182 404 1986.33 57207
9166 46 24 3945 503 1518.30 9861
44192 1 65 1612 503 360.82 58278
43420 50 85 6365 403 1599.73 27775
29848 44 26 2835 301 1348.77 24084
19137 45 4 5426 502 1620.23 80918
48013 41 95 4571 204 1208.91 35879
71466 19 43 4182 201 1107.43 53666
42889 23 31 4402 200 1437.49 40833
18466 33 20 7680 502 999.60 58428
9685 19 45 4490 201 407.87 39541
13457 48 89 4852 502 17.39 3657
77658 25 94 5542 201 1414.36 17253
15334 33 26 255 200 442.94 13679
44275 25 55 2142 200 651.68 50021
12414 30 71 1485 200 1808.90 1023
86305 41 99 1762 204 674.51 68689
50586 21 32 6486 200 1212.80 18887
45252 22 3 6583 200 25.13 29386
44836 1 61 3763 200 1827.11 47170
35914 29 46 9280 401 646.63 78463
20498 33 27 7483 404 1727.23 50372
58238 4 22 7236 401 579.71 71751
57380 42 43 7428 403 128.67 52591
2731 35 26 8834 200 627.19 68305
65117 36 23 7267 500 1664.55 72470
53861 21 67 2148 200 568.92 42526
15214 8 75 8065 201 1954.87 38647
24337 50 49 3911 200 180.56 42669
51041 15 60 1604 200 467.27 5487
63424 26 4 5048 200 208.57 48125
10676 47 11 7079 400 394.67 25218
67158 9 84 9579 403 461.76 38567
28301 37 21 4177 400 228.02 67170
69639 27 26 8987 200 1608.41 7104
68425 2 13 2611 201 1815.33 25546
73132 14 50 5563 200 1895.52 70510
10918 17 98 1111 200 1543.41 33963
30347 8 82 8579 200 1318.05 43641
48940 23 48 162 200 370.67 8868
9813 34 35 8959 200 282.17 62793
61917 18 44 3235 200 1001.17 50727
41784 7 16 4767 400 517.27 33966
41540 8 100 5522 400 564.72 41543
18903 39 53 406 200 406.94 60574
34728 5 85 366 204 589.29 70961
7468 30 76 3573 201 685.19 23757
7246 32 100 3015 502 1406.19 87866
11812 16 42 6503 200 783.52 84210
22646 30 35 616 301 17.52 51203
67388 48 67 419 201 1168.87 79848
79505 40 5 3524 200 1120.09 24268
722 44 9 191 400 1866.29 51251
56782 50 44 6527 200 1051.63 47083
42910 2 15 6899 200 249.57 99457
18513 22 7 6080 200 909.00 50624
20629 41 84 8611 204 26.50 72389
60068 42 42 2009 200 1384.00 35089
55071 46 72 1340 301 9.71 91690
79890 29 12 1539 401 1829.94 37419
14650 11 82 5852 200 69.32 91425
27618 28 82 3563 200 122.76 69842
37051 16 40 997 200 1663.74 17547
84713 43 50 2982 201 1006.18 32276
4482 29 95 751 500 730.80 15897
78847 17 79 206 200 1063.44 62716
75329 32 69 6288 201 1972.84 42870
63270 10 78 279 401 40.03 8472
71771 25 15 5141 401 888.12 73525
49321 6 53 8622 403 1306.33 82822
43396 8 73 5944 201 329.21 84757
10667 18 99 1083 200 1454.48 17215
9270 34 21 6095 204 176.92 6383
77201 35 39 3665 400 1928.80 39068
9896 44 32 9293 200 1728.01 21590
67523 42 94 9871 201 556.82 27527
34436 42 18 54 201 679.07 87525
27880 2 65 5620 200 682.43 85333
67820 14 20 5196 200 24.28 95415
48108 39 67 8037 201 374.37 57177
36768 4 55 1165 201 550.68 39458
6881 14 43 1683 301 1291.15 72072
59389 33 38 3329 400 1297.74 77388
55075 23 56 6120 200 1404.19 37667
72206 48 69 8180 201 505.11 64268
17601 34 35 5588 204 194.08 51542
82232 9 80 9778 200 1863.96 4827
78933 3 53 2508 301 1704.44 63041
48313 18 54 3012 201 996.76 11923
50072 39 29 9276 200 1319.23 5322
79009 13 10 743 200 1626.04 59904
3358 15 66 6839 401 226.60 48551
46096 16 11 5177 200 1129.04 80817
9895 19 100 1251 200 563.74 71051
21101 19 57 8333 200 1439.40 39238
9284 29 85 7025 204 1969.30 14614
11946 16 43 9761 200 912.80 66414
2593 25 40 5175 200 1983.41 51722
80141 41 31 5472 200 630.70 99718
49727 15 96 3578 500 1422.55 22089
25543 11 59 9226 403 1549.99 74210
33932 37 51 1781 401 552.96 50553
80384 2 37 1319 404 1503.61 51502
36536 6 52 6602 403 1437.18 78441
45209 39 5 7227 200 676.60 74612
40594 40 34 7478 200 1467.51 13909
54002 20 86 9800 200 1224.71 37951
37409 2 8 1021 204 1747.77 51371
10352 44 46 2890 200 1873.19 52015
32676 39 58 5227 200 250.35 71645
16275 7 36 2913 200 1622.65 43337
19236 25 72 2657 302 1605.73 54049
20641 24 5 3259 200 1206.01 40273
85190 33 94 5507 200 796.06 46838
36989 33 89 8951 200 1923.56 71946
35924 30 61 6893 500 500.75 24537
46234 38 69 5209 200 1553.44 58715
47712 40 67 4751 401 720.41 61774
81109 21 54 1984 502 1023.42 17110
63411 32 42 4199 201 126.88 40979
72069 28 79 5435 200 270.44 81850
42861 33 17 3104 301 421.71 60535
27497 33 25 4018 404 1276.22 93339
66456 17 37 2190 200 554.72 85410
46215 9 35 2710 200 542.55 43900
73907 2 4 7707 204 1203.12 20067
47178 12 60 7980 201 12.54 4875
37093 10 41 1674 200 1344.22 70240
39699 37 100 7285 200 1907.89 98427
70348 42 91 4699 201 1686.51 80999
41556 42 21 933 400 1919.87 15389
58626 26 58 4133 404 252.98 59970
75618 24 52 9329 200 1002.74 70112
59353 47 80 3754 200 1110.18 94206
68790 4 1 4024 200 659.50 31883
46385 23 92 2470 400 1269.44 9393
46026 30 40 5322 200 1799.01 45196
80124 26 41 5209 200 512.92 73709
10397 24 10 1226 500 908.74 5661
63460 40 37 1541 204 677.95 49673
10927 35 42 3348 301 1397.57 51399
60820 7 50 2370 200 378.55 45082
23207 10 54 3077 200 1267.44 71726
21473 44 31 2164 401 1515.05 24295
30839 9 99 7749 200 908.05 77249
43798 22 69 3308 200 1530.90 4570
67938 15 57 2802 200 579.07 22040
26763 34 53 7585 200 154.14 71976
70029 17 98 2903 201 48.41 99669
6893 45 42 5134 401 1631.83 8903
80767 43 85 7324 204 1640.77 46789
34915 32 23 7953 502 935.11 53879
49563 29 45 9488 404 1751.56 1881
69242 28 95 885 200 1582.60 49556
22347 43 35 5052 400 278.78 76585
21808 25 74 8807 200 538.13 26560
30032 18 72 7084 200 1110.97 60257
8634 25 81 7858 500 712.34 72567
21589 11 62 8847 204 858.02 46290
15753 4 95 9774 403 357.32 33837
78158 41 35 6957 400 882.96 53059
61903 7 39 3691 302 349.19 97605
50996 16 70 4610 301 1083.47 88433
72872 24 77 3830 200 1208.81 75266
76019 44 33 6512 403 225.65 56126
30044 12 88 8223 200 1411.02 78834
44342 42 59 1627 403 1373.85 18943
44935 6 84 5467 302 101.02 28557
5995 26 81 5314 401 1582.91 61562
50230 23 79 6327 404 160.63 87377
67218 4 50 2467 301 819.49 92271
75713 3 30 295 200 1972.91 57850
61782 19 62 5349 404 1825.06 81295
22980 34 47 3392 200 1160.50 99863
62181 12 10 7270 200 17.21 76449
799 27 47 1291 201 792.08 68725
15582 15 85 5599 200 335.10 1358
35180 5 24 2971 200 1193.66 50890
7504 8 71 6710 400 221.68 30602
40418 45 8 6414 400 283.96 52810
72068 26 1 9244 201 1166.41 37587
34703 50 95 304 503 1247.63 84437
48272 22 6 8287 401 378.55 35489
60578 34 30 9995 200 1152.59 72585
60172 12 17 10 302 343.20 38643
9027 36 24 696 502 29.54 4552
51954 49 57 7161 200 638.08 79289
38754 45 63 2831 200 710.64 85958
6268 13 68 3802 404 1326.63 99020
29524 4 69 6618 200 893.76 48753
39540 41 26 9547 500 1818.62 28311
44251 42 37 3169 302 242.88 88412
14575 11 32 9182 401 1957.73 39696
76054 4 28 3737 301 1342.32 29193
13841 31 1 8044 404 1247.88 8326
486 1 19 4327 201 1275.69 50185
25580 3 72 3485 200 1294.49 57228
40113 30 50 2098 200 929.98 21552
53189 26 10 7361 201 1858.11 54591
32656 48 47 1795 200 79.78 28892
50761 9 7 5446 201 152.67 30542
60326 42 63 2188 200 1284.98 72061
23853 27 22 3955 200 1221.18 96614
81139 42 68 2847 200 929.56 89094
84579 5 18 9889 500 157.47 96399
80647 8 37 2274 200 42.84 44142
52195 32 68 7745 200 1186.72 7016
16133 11 35 2903 400 319.62 33480
3809 6 40 1457 200 941.03 82708
82464 5 12 7040 200 620.65 63787
80572 33 25 8268 200 1010.00 50764
60229 40 59 8818 403 1164.78 69102
21497 27 67 3792 200 1242.04 43977
76982 43 50 4896 200 1743.72 10329
13468 4 21 514 200 675.14 71331
62030 8 75 2523 200 1905.87 27499
35027 28 34 1446 200 1887.63 42172
69483 4 19 5108 200 1534.57 79122
57007 26 45 1279 400 794.38 70816
22716 8 38 9148 200 111.02 24266
16187 20 91 192 400 342.72 22861
3793 25 66 3583 401 46.19 49402
21068 11 16 7373 301 493.30 40482
78054 23 11 9720 403 1413.03 68822
25097 47 17 7224 200 884.87 27948
6177 24 39 9179 200 1125.72 33096
69376 30 43 8723 200 771.56 95662
13672 43 70 6884 200 1826.91 28689
23808 10 81 9364 200 876.12 80326
1868 40 49 1932 301 187.84 13303
43878 19 17 6723 400 1061.97 98719
50961 16 21 5320 201 1908.85 25004
41349 12 70 5195 201 1889.95 90223
16897 46 65 9307 200 801.31 25575
75202 14 36 393 200 1489.46 5721
4105 21 22 5790 200 1155.89 45587
44503 35 69 3880 200 796.90 42557
50109 8 95 5133 201 953.50 32959
28141 26 73 240 200 1639.92 2162
47860 49 46 4624 200 513.63 38372
870 42 28 9673 200 787.31 31976
73142 39 43 2070 404 1046.44 74377
9893 27 41 8091 400 430.79 50687
61831 34 81 9117 201 1931.71 362
81357 23 87 3525 201 376.89 21868
74275 33 26 4218 200 958.51 49935
1506 11 74 2719 200 1437.20 79322
66536 7 47 5187 400 522.01 13913
14076 49 34 8211 200 373.14 13174
10857 23 14 2683 403 627.84 78316
72464 38 43 6047 301 37.69 62235
26937 20 64 7683 200 915.47 85204
44727 35 84 2654 301 1585.12 67065
26507 33 4 9311 403 1295.25 10737
29506 25 78 7685 200 539.71 24826
20970 4 100 699 204 1878.58 92535
166 8 73 9709 500 1769.26 35605
18537 42 64 448 400 534.88 18124
41199 39 83 3389 200 843.33 68164
68587 27 47 5145 200 70.73 39971
35447 31 11 3653 200 1391.59 43222
81033 3 55 956 301 1294.58 21195
2855 26 1 201 200 1035.29 58500
1292 2 27 4881 302 1738.03 92584
80701 33 33 4148 500 1569.98 77640
17280 49 14 4664 200 858.95 78989
26335 37 26 6253 503 1067.65 26029
9772 34 83 321 200 587.50 95716
75842 35 77 5961 200 729.46 27541
30499 33 64 7216 404 951.36 19921
85920 25 98 7917 200 1073.71 39861
66626 19 67 122 200 1437.90 16340
52154 50 92 1189 200 1780.15 78946
21164 18 73 1184 503 1574.71 99161
35315 15 83 7103 200 814.21 81540
73265 5 37 6230 200 87.87 64631
78104 49 53 558 201 1726.19 94965
41591 44 8 4834 200 309.83 15578
34587 43 37 5217 500 1612.23 97836
59873 37 1 6438 200 69.97 91090
24894 9 77 2861 201 527.46 58020
18132 9 60 2617 200 837.33 37287
67268 37 74 5549 200 1131.94 56311
31575 49 94 2173 302 740.52 89140
24102 41 19 1841 200 1434.38 20115
7281 50 82 8018 400 1588.33 10114
83715 36 58 6799 403 84.15 74299
1996 21 38 4736 200 1859.95 91744
29681 20 97 8450 200 337.86 58025
2628 19 33 184 200 1508.71 60681
40741 23 15 9385 200 424.84 36777
2552 46 44 3047 201 41.93 60534
45090 31 64 5320 200 890.59 64753
86357 35 84 7765 200 1135.99 10394
84808 12 90 32 200 218.11 78715
40849 31 68 828 401 1354.53 93866
17186 3 8 122 301 579.42 9226
21902 22 34 1348 404 941.10 44071
49174 26 93 6728 200 503.36 79737
14359 23 35 3185 302 1603.41 66724
68404 12 98 5881 201 969.05 85764
47518 1 50 3625 400 1199.84 11052
15342 38 31 1359 200 1952.18 83177
82684 47 7 7501 403 940.72 48586
33676 42 40 9507 204 708.46 57992
52127 34 32 4390 502 1216.82 55868
19008 17 48 2934 200 1631.83 8056
38913 30 33 9479 200 1812.31 12549
72146 43 15 8976 500 795.58 25099
18761 35 38 7427 200 1828.97 60766
64899 24 94 8658 200 1288.09 36915
65919 3 76 7630 302 1196.22 92789
42327 17 4 5033 200 14.91 56065
20747 22 11 9661 204 1498.72 2949
80900 46 60 83 400 305.14 70264
78817 14 90 5794 200 541.23 633
43601 50 98 8779 404 1318.83 95943
29789 11 90 3112 400 1733.66 10063
44861 47 100 1408 200 1116.71 62354
66017 24 62 1167 200 51.87 75740
55533 50 90 8100 200 1807.63 46631
35411 26 53 1370 200 376.27 77542
70952 27 92 3168 200 76.46 12234
50388 31 23 7028 200 487.30 68153
75805 38 75 5036 404 1872.75 99039
69757 10 64 868 200 258.88 27486
45198 11 64 4422 200 1957.01 90892
50840 2 56 3481 302 1534.09 3303
35952 31 2 7162 200 1514.83 10874
19613 33 23 3125 200 974.13 84717
84549 42 97 3829 201 1441.91 30329
20840 14 17 5323 204 978.07 98144
35250 17 22 7031 200 523.14 54206
44228 34 32 6334 200 1112.55 3671
24611 36 3 4922 200 344.22 66929
8859 38 62 9160 502 22.04 2149
85568 13 69 8907 302 146.86 86138
70945 8 50 8374 200 1292.28 68216
37567 50 21 2324 204 921.18 12418
3408 25 2 6253 401 1357.62 56760
5633 28 31 319 200 1849.32 86792
34352 19 63 712 404 1776.49 51976
73850 43 85 3914 404 481.21 47801
24210 25 6 4900 201 516.06 22989
31643 12 44 9015 403 1107.51 81067
53232 42 48 4116 201 68.27 12648
58271 21 41 3446 200 915.81 46237
44832 2 14 2275 200 849.37 18514
74336 4 55 7627 200 1253.66 44022
62864 23 68 4110 201 501.64 37658
76987 33 34 4948 403 1749.53 1440
14736 22 14 1877 200 1040.52 1955
58750 45 9 2270 500 1435.15 98583
65893 34 21 2449 302 1196.26 17293
18299 16 86 3215 200 411.16 72318
68131 33 17 7284 200 1010.95 97602
73544 17 69 1187 201 1812.80 97652
67743 36 63 5024 200 1411.06 9215
25192 34 29 7251 502 521.53 86810
1594 32 55 4730 301 1214.85 19454
35919 14 38 5126 200 1721.16 64803
40933 23 80 9687 200 694.75 33334
36208 42 2 2746 201 428.80 50653
41085 17 32 7262 201 260.39 16091
64805 40 10 9842 200 1398.36 32312
21851 47 5 7931 500 1332.87 1275
20359 30 90 5014 404 168.92 27179
58884 16 69 5145 302 1852.49 82327
7641 3 96 4711 200 620.98 36096
38995 41 39 6116 400 1438.35 8954
42921 47 5 4803 204 1660.54 60413
31144 41 44 5850 503 912.28 92561
64699 42 67 1091 200 856.31 16486
8524 48 62 6678 200 1315.48 821
76301 16 58 6772 200 1956.56 78274
75522 28 36 1544 200 1477.23 91133
69645 42 28 1280 503 517.91 71375
62571 1 91 466 200 1290.99 31017
36062 49 30 2813 502 108.04 38998
61281 48 54 4272 201 161.59 70590
68270 10 43 5529 200 1911.29 42306
2473 40 20 9739 200 1625.10 23350
25979 25 56 8725 302 1160.34 35445
7689 17 70 380 200 1834.24 25081
86251 21 79 3505 403 253.96 73977
48871 49 15 4555 401 1950.16 43517
75468 25 23 9275 201 975.71 53183
49967 11 69 2847 400 941.22 43607
27419 4 63 7862 200 201.63 15755
54758 38 89 5995 200 1555.11 86785
33098 1 34 3803 401 733.14 33895
51974 41 61 1246 502 1110.31 50373
15804 24 14 9976 200 357.62 5397
44329 13 82 7955 200 1710.32 70832
56865 13 44 8621 404 389.11 82540
11271 8 98 3096 201 492.74 88650
42953 28 81 6465 201 103.36 84766
64411 17 51 4000 200 1252.73 49232
24779 9 97 2788 200 392.14 64537
84065 20 16 8178 201 84.90 61057
15271 8 87 7938 400 475.40 7335
24940 15 94 1936 201 766.20 8315
13588 21 65 5594 200 897.00 48029
51928 38 33 2053 200 692.88 32429
64517 42 85 1036 403 306.35 88957
7164 50 65 6704 503 1320.27 36383
63371 15 39 5008 200 689.51 82293
59939 47 76 6235 200 308.88 26739
22909 36 26 3943 301 952.49 4922
85862 1 73 6002 200 1761.22 90301
28274 41 29 4592 200 741.27 58195
1748 9 53 4247 200 41.96 97407
1452 46 53 1618 200 848.49 17994
31150 6 80 521 200 1246.67 85317
72624 41 69 1323 302 871.44 91045
25457 17 6 4988 502 1469.68 25226
64605 35 26 7695 200 99.85 60692
73332 6 1 8360 401 1067.68 32252
12196 13 3 91 200 276.32 71122
52891 16 17 5095 400 925.66 29874
51959 2 79 373 200 1478.51 53229
27476 4 80 7666 302 1763.54 51337
55258 36 7 2736 200 1112.56 16796
28251 35 45 7803 200 645.27 62066
48194 28 87 7398 302 1068.85 59952
58657 50 88 897 200 1653.46 76449
74715 30 45 711 404 62.54 4408
64661 29 76 8535 200 605.46 59726
68749 22 34 3307 200 1125.75 59254
41389 41 11 8254 200 342.55 76752
26880 46 33 4095 502 1730.99 49510
25617 11 16 3820 201 936.50 57615
10998 30 65 7500 201 210.54 71033
74156 2 31 5700 200 18.65 95830
16449 5 95 2311 200 1410.52 52530
73466 28 44 3919 200 503.84 63038
29671 43 46 2969 200 1812.00 27227
77843 23 98 6529 403 574.98 82391
15874 21 38 9909 200 1108.12 67820
45772 24 33 1611 200 450.68 80288
75845 7 49 7768 204 818.88 63998
21947 25 86 179 200 368.56 60996
58764 5 6 4740 200 417.56 94891
57136 17 92 3253 500 835.28 64910
83191 44 3 7484 404 1073.57 89097
64962 13 15 9305 201 1602.22 51179
34318 47 22 8743 200 346.41 49808
30900 1 30 1098 201 48.53 96234
34293 33 31 8382 201 417.45 48925
45333 29 56 6173 200 609.43 36894
58967 19 85 9595 200 1510.43 71755
64870 39 27 1680 200 970.63 47572
22143 48 53 2145 200 1783.02 47082
73240 23 100 9837 200 725.23 82713
27527 43 90 5692 200 1869.18 18164
37335 28 54 2747 400 1665.22 47104
61759 3 74 8821 200 1178.30 42327
12025 33 1 2591 200 827.53 10009
39897 46 26 2151 200 363.83 22352
1208 38 78 4372 302 1135.40 18901
82142 15 60 4760 502 495.46 14391
63214 47 44 1041 200 452.97 7213
73157 40 31 2434 302 137.63 12915
82520 12 20 8112 404 143.83 96790
2804 24 75 7274 200 369.55 2334
38281 3 17 2637 200 738.39 58963
71952 32 33 5381 301 233.25 65972
47953 16 29 7498 200 1795.87 97255
20958 2 36 2852 200 23.30 36641
20937 48 68 3291 200 1993.70 88794
23141 35 86 3947 200 912.02 52493
15296 50 64 5529 200 1208.15 75680
12555 31 80 3643 200 1552.53 78345
42025 8 23 4921 200 1223.02 77739
3842 12 76 5267 200 1159.64 1943
75786 42 87 1747 201 523.72 42702
62437 31 33 5578 301 309.00 75273
55860 2 19 2834 200 91.07 71019
16073 3 94 4079 302 454.51 25295
68713 14 64 6458 200 1896.67 48297
19423 30 100 4725 301 867.96 318
17476 45 22 2701 301 1612.90 74918
14182 40 45 2025 502 1005.30 48228
79227 16 71 3608 301 1265.55 22077
20067 1 90 7162 200 1573.52 43382
29284 19 82 7073 301 393.17 34154
58014 21 26 3488 400 194.81 64515
30345 21 84 5257 500 1190.81 98634
56841 5 7 2913 200 1553.01 53984
51488 39 65 3213 200 513.05 83338
21998 36 95 5774 404 1400.91 72253
17426 37 43 6665 200 816.57 95469
9223 7 82 6975 201 52.24 34367
79898 10 86 1065 502 400.10 12250
5173 19 97 2555 201 1932.85 4472
49676 29 89 3983 400 77.81 85476
34706 24 80 8687 200 258.50 9806
73899 7 59 6771 301 1958.23 5457
61513 26 50 3750 204 1587.39 44985
24243 15 56 1047 400 1022.07 81426
48105 31 42 9496 200 217.18 67325
43761 22 9 8168 200 410.91 75376
55793 27 85 3687 200 1244.71 99934
50563 50 29 7444 400 495.99 45028
72018 28 41 1003 500 749.70 43641
6979 28 39 4052 200 1186.38 69485
65311 3 65 2846 401 160.71 25764
73914 9 10 6907 403 963.60 61260
45912 8 31 662 200 256.58 95588
26992 41 52 6680 201 1584.55 65659
42747 31 30 4118 200 829.63 92951
72763 8 24 1801 200 1613.99 20326
25395 45 26 8591 200 213.67 6116
42783 5 61 6431 200 1941.98 59533
58625 17 2 254 400 430.29 10760
72098 47 43 8051 200 512.71 86377
2766 19 30 2089 400 866.73 96930
16592 3 91 5915 403 962.00 2126
255 32 25 6617 200 640.70 91187
29332 48 69 8258 200 1811.85 22330
84818 50 36 1716 400 447.60 18796
6985 2 88 9459 500 326.15 70270
35228 28 84 8530 200 1047.82 74443
41936 45 36 9262 200 347.95 15036
78869 29 10 6575 200 782.04 39000
81783 21 25 1588 500 6.33 44868
77225 47 89 7367 200 1139.10 25356
59842 38 60 5612 200 801.07 30059
59606 11 91 378 200 1740.24 25447
58613 41 67 703 301 350.72 48079
51527 44 84 3595 500 1397.62 51833
22220 45 57 5882 404 1093.50 59166
43715 16 23 524 500 1283.34 86983
75766 34 68 9937 200 482.10 67608
75786 49 40 2537 404 1848.23 52230
57924 10 94 8921 200 1790.90 70309
4364 3 67 9069 200 921.19 3493
48942 43 15 4660 200 1413.93 1646
42274 14 20 25 200 1456.90 8654
69014 5 95 2674 204 1060.29 92423
5960 39 97 5745 301 1848.71 12321
61551 48 37 4612 200 981.23 38703
66765 21 17 1669 200 267.63 53981
56559 44 81 1322 201 899.24 59978
36486 47 26 1671 302 1510.20 25235
7687 14 87 7207 200 1302.73 9199
19129 3 9 3348 201 1065.16 55248
23126 18 92 9660 502 887.99 30093
68695 27 2 4083 200 263.52 21772
70776 4 100 1560 200 1013.24 61842
32908 36 44 3921 404 1120.45 10613
38913 39 65 6887 400 1469.20 4097
40659 17 22 4706 200 1400.67 58894
71390 1 74 598 503 144.82 87512
3978 39 36 3622 400 209.05 41048
68198 32 54 242 404 1039.37 64198
40332 11 87 304 200 1139.45 17327
75739 41 93 4033 500 1899.85 43987
9921 38 96 2049 200 1268.82 3571
1568 45 73 6416 204 1804.45 44850
43921 43 42 7757 200 648.63 94904
58655 48 57 3824 200 512.71 90009
57080 35 37 9860 400 1884.01 11728
18678 11 78 843 204 295.56 46982
13820 18 2 8625 403 45.58 16286
52661 37 37 4336 200 1243.15 31053
15421 48 76 1797 301 1344.54 7280
21789 29 33 9022 200 997.53 32977
30240 27 59 617 200 972.16 62631
7428 21 85 6225 200 678.14 69378
48529 48 60 5546 204 1953.97 27443
55480 9 4 3255 200 1268.00 79579
49167 30 39 6714 503 182.23 53593
57650 46 29 6858 400 1668.92 15430
30381 11 7 6217 200 531.10 56948
72165 37 33 7837 200 1025.35 22792
53651 20 82 6065 400 1803.41 907
79097 22 78 2561 200 1823.12 38439
86224 8 19 7104 301 88.90 83503
72282 15 25 570 200 855.42 42999
80510 23 29 657 200 1529.93 49408
79071 35 42 2712 200 1684.11 94284
895 14 64 4402 401 1219.78 65794
9554 42 63 5584 200 923.34 52958
39982 44 55 4625 200 462.70 50251
75535 30 18 3434 301 457.13 77354
27421 24 97 3512 200 1704.58 59609
47846 49 72 9831 201 3.17 32918
77817 48 58 249 200 1791.70 40043
23728 2 28 8211 201 676.95 43890
21677 37 60 8950 301 409.73 63690
80584 45 27 5329 400 1526.36 56382
57400 6 25 1388 200 564.02 4516
52206 13 82 7656 200 295.58 24606
59981 49 90 83 404 400.26 5436
81845 31 35 474 204 451.93 58809
78162 16 48 5539 400 85.63 25478
967 16 46 8343 200 820.92 21484
30038 22 12 1977 201 232.99 64550
1996 15 6 2956 500 1975.35 70878
40904 4 81 1082 201 930.28 5950
82216 8 95 8383 400 1329.01 45551
11288 18 64 9471 204 1158.57 1421
20036 35 5 191 302 1271.61 44315
12817 6 77 8370 200 1668.15 26267
12120 35 89 9237 200 1006.29 56626
40013 16 16 1783 403 807.64 91697
34434 43 17 5101 302 1601.77 36377
42637 48 12 9464 200 355.45 59705
74535 37 40 1853 502 808.76 59804
56474 40 2 1334 200 1844.26 96801
64899 17 59 372 200 35.92 75870
16621 19 76 2441 302 839.92 55835
84791 13 35 1391 200 1155.95 24261
5627 40 44 4331 404 900.80 19156
64308 45 47 7081 404 767.54 42601
27079 38 39 6051 301 565.37 35042
41596 16 5 5982 200 1961.71 40747
30780 1 62 1698 301 1224.55 44567
68071 32 26 1268 400 539.15 32349
38760 28 89 1473 200 1762.51 83498
36391 3 84 8476 204 977.92 58153
76893 26 85 3987 200 834.00 10039
6286 42 10 6755 200 1366.48 92563
50157 19 60 7579 201 1408.47 76278
22474 13 95 4463 301 160.15 36568
51369 6 59 6738 200 951.11 44953
16658 17 63 8082 200 1925.94 81769
54850 26 89 4959 500 1780.04 90083
67893 5 30 1172 200 1919.59 44447
54697 25 56 8317 404 829.83 75832
1529 20 87 8264 200 555.82 2594
45134 20 44 9860 200 847.96 23132
26537 24 91 5610 200 1113.88 8210
27583 32 40 3364 301 65.21 68366
11525 14 69 6451 403 803.86 5953
71708 11 16 9986 200 1406.23 22375
15782 21 61 9880 400 1150.60 82908
9950 31 42 3892 201 1153.94 54267
14302 45 41 6757 200 1147.60 76136
81495 25 73 9404 200 831.99 79908
67993 7 55 3477 502 979.92 39920
9645 14 46 9994 200 1769.11 32458
58426 26 35 8797 200 219.41 88349
81988 9 49 3396 200 85.05 453
51688 47 86 3615 200 349.04 62808
32672 19 81 1411 302 1709.28 40383
59258 36 2 5073 401 1425.37 57082
31786 38 34 1106 403 1111.46 96389
59613 11 98 953 200 1566.41 12697
30249 20 23 8515 404 1013.24 54724
51330 38 71 3391 200 204.83 81027
6312 25 47 4507 200 1018.91 4395
81652 7 55 8652 201 1424.40 72442
72746 41 47 6792 204 1130.06 22352
74384 17 83 4904 200 671.72 41466
29150 13 13 8698 200 1616.92 11184
22758 18 1 5939 200 1776.13 75463
69844 14 53 4437 200 574.03 3774
67521 46 16 1278 500 1144.19 68016
26400 41 50 1090 200 1789.18 35610
61785 37 64 5101 200 670.88 4551
74568 40 53 6788 200 1799.62 32156
29044 24 30 8118 400 532.33 51547
13054 7 71 2151 301 770.70 13012
72271 16 95 548 302 1782.63 78890
54939 18 94 1672 200 772.05 83858
78067 43 24 8311 401 725.09 2597
18788 40 93 3214 200 1835.69 69987
12065 15 56 8192 200 1582.57 5087
52000 6 58 714 400 971.65 46461
29626 23 42 5838 200 156.11 71597
12535 45 70 3197 200 1227.81 69471
53881 39 49 8360 200 1645.08 82131
43601 22 89 7273 200 201.24 38348
30450 27 41 6784 200 505.03 35983
32941 30 51 740 200 1779.50 42989
52590 3 96 1686 200 1627.84 29950
32892 43 54 9987 204 1590.49 21656
67543 3 36 3055 301 1902.27 68843
6655 2 3 3368 200 466.71 99227
78234 20 4 4161 200 232.58 61727
50001 27 37 2183 200 474.36 19916
43418 38 28 2823 401 237.68 5973
65324 37 10 3289 301 559.91 17404
49312 15 78 8648 404 90.83 33552
14523 24 12 9272 404 180.67 55211
11398 24 50 9845 201 1322.57 14923
28751 32 39 9495 503 751.11 25663
51754 10 86 159 201 1122.54 40944
33172 11 27 4028 200 1391.12 51910
21837 39 32 1643 400 1521.83 49395
5177 29 2 5695 200 385.87 82232
64379 29 13 2645 200 993.86 20963
35195 16 70 4753 200 1417.45 27518
53864 44 65 8334 500 917.86 32301
66405 22 60 3075 503 1628.29 3926
14226 9 1 8926 200 1773.75 11517
61795 27 4 8580 400 432.00 58352
34499 47 51 8677 200 170.17 90982
81584 26 52 6943 200 1131.01 86865
21487 32 44 4476 301 1413.66 5313
77158 1 96 222 200 221.60 96455
20691 8 23 183 404 391.35 12829
3670 28 17 8580 301 592.87 30595
48523 49 72 7045 302 190.28 87095
63253 44 74 5790 200 1283.50 42361
70693 43 1 6703 400 1175.16 47078
38844 44 76 2251 200 266.03 99722
34134 40 18 2906 200 1334.77 99319
77402 50 58 1148 302 104.44 71575
2608 36 11 9670 200 1513.13 19473
37503 9 56 2406 201 1139.84 34353
19145 39 76 5705 200 860.94 65707
50685 22 91 7900 401 581.67 13149
29351 13 94 2434 404 398.84 45460
67993 41 47 7717 404 1066.87 73997
8645 44 59 6341 403 522.99 17348
8441 1 62 5937 404 1341.66 52722
84848 19 7 6261 200 1939.81 31493
79895 49 94 2880 404 1761.62 95419
65461 46 57 7903 200 1129.11 35744
68508 40 28 7582 404 30.65 70775
69906 24 94 5847 503 1204.37 8219
67877 2 73 6288 204 1973.84 45496
34391 24 34 4679 200 482.89 93685
13354 41 89 4267 204 1712.74 12064
42388 35 22 61 200 238.62 71853
73411 6 96 2439 200 1121.20 64488
34383 30 68 3501 200 129.58 49972
68748 17 25 2959 200 1791.54 56115
59773 41 13 6919 301 1053.96 68150
8290 21 41 7018 400 1560.14 73077
41288 12 43 1019 200 1713.29 60371
62369 11 89 9197 404 1978.38 11568
75518 3 100 5671 200 1469.03 82321
59292 12 32 985 502 592.75 73758
75245 23 1 3236 403 1187.63 23947
44755 35 75 5656 200 326.09 44057
33527 19 19 7717 201 1409.07 9433
76930 25 92 909 200 479.98 26203
74263 38 93 3701 200 197.67 27317
28280 28 14 7219 503 264.01 2071
4258 6 70 8444 403 659.16 67879
7599 48 71 5111 404 1935.66 15867
73194 7 31 5892 404 1586.35 45356
47219 44 43 1001 200 1503.85 24685
8206 34 33 8733 200 1683.24 15897
37245 44 41 4476 404 936.27 80770
23763 34 15 1514 200 1146.14 10805
34691 20 43 5893 200 351.27 41238
66936 1 95 341 301 1675.64 96006
61145 2 41 9777 200 1747.46 98636
26553 28 94 707 201 1784.78 8095
58751 13 72 7737 201 1856.01 12822
37044 46 87 5259 401 231.47 95988
80148 17 83 8860 403 422.15 26418
53938 11 8 2643 404 1831.27 7174
28425 21 71 5770 403 1948.51 29721
37972 26 7 6677 200 754.10 44845
60125 16 26 5024 200 1514.27 95814
46992 11 88 489 200 1572.78 85125
65011 28 21 2069 204 716.08 45863
72957 40 46 242 204 1461.61 39663
85829 50 68 8085 200 556.25 64128
28496 27 66 8992 302 1019.98 51037
34870 41 41 4371 200 1129.32 57534
82279 11 80 2084 200 380.00 93064
2746 22 68 3314 502 1727.02 63733
27911 49 47 683 200 492.55 95787
41188 21 93 8754 200 1096.19 44181
2070 34 77 324 201 1108.00 5266
29949 11 21 744 200 1255.25 7060
48918 23 62 2526 400 1268.75 24526
66747 7 33 8491 204 373.84 34593
15310 17 88 9000 200 701.03 40746
10253 14 3 9795 401 604.26 68727
73229 15 76 8497 200 1936.49 18677
82439 6 78 7228 200 1640.30 89570
86021 12 8 3455 400 849.70 78917
72345 38 88 3490 200 1190.34 15511
84148 17 33 5180 200 1158.96 98910
49999 34 21 4636 204 545.79 31844
23688 12 12 8788 403 460.29 76310
3076 31 81 1026 403 1203.13 58777
83018 23 68 7746 200 906.86 64885
13499 2 96 150 200 504.08 69052
37113 22 49 9233 200 1606.71 59655
18596 15 33 137 200 784.00 83870
13303 30 38 4031 500 493.80 23194
69387 18 62 6141 404 1506.67 44715
47814 14 37 1044 200 695.77 4020
53115 50 84 6644 301 76.96 39257
52318 26 49 8096 201 1693.46 89043
44803 28 61 4135 200 1428.53 92391
60726 32 62 8208 200 1812.32 59368
16323 12 26 9413 201 623.07 85217
38852 46 81 8473 200 1848.24 67983
83762 16 51 7926 200 1525.61 97547
5905 44 2 8619 500 1788.01 35248
67071 12 72 6169 201 1983.20 52197
84950 44 64 4918 200 10.94 68280
58568 6 55 3284 200 147.65 46725
16920 6 49 3362 200 931.77 33614
40316 5 26 5503 200 1230.25 23036
84429 9 12 3226 200 66.78 96866
52284 39 62 8983 200 1984.08 4011
8884 47 6 951 301 267.66 9149
76024 6 52 332 200 419.63 1010
83815 39 67 6506 200 750.13 53554
674 40 70 5959 200 1122.66 95678
46095 15 83 9903 204 484.94 76363
37737 5 75 7769 200 79.74 16943
31384 40 62 6484 201 336.08 7859
72382 47 97 7072 200 782.11 88485
64006 41 61 6180 500 1293.21 48833
18661 50 73 2140 200 584.35 21468
66105 30 77 7802 200 759.98 1242
76715 22 41 4104 503 940.13 21062
22154 50 90 7020 200 862.41 9657
82457 20 21 9443 201 689.66 28972
54057 24 92 9892 404 656.57 95874
36536 9 67 7197 204 1359.67 87993
30345 43 32 3751 200 25.76 42024
34507 10 47 84 502 863.97 96614
83752 45 15 83 204 137.41 79029
23552 40 58 1127 404 390.06 5001
52961 6 99 1286 200 357.29 34326
59485 6 84 1884 201 1586.67 20081
12973 49 66 3500 403 1890.79 66226
74711 24 7 8121 200 1580.11 665
5549 3 20 9162 404 452.42 25343
47266 17 96 5372 200 1622.50 48377
66842 40 15 4773 400 863.96 33799
21773 32 33 503 204 306.15 14896
71762 41 36 4206 400 1908.97 5109
73395 20 96 3701 200 1823.60 93547
64880 44 7 8645 301 1250.21 90098
1272 16 75 5742 201 979.63 55194
39407 23 21 158 401 1757.72 95857
58914 14 55 6828 500 1327.25 73818
75278 7 83 3819 201 1474.44 15710
321 27 27 2305 400 1056.59 63799
35530 16 27 5406 200 374.56 4451
49815 11 69 9711 502 1310.20 56574
76041 14 22 3924 200 357.93 10202
113 6 86 5732 400 733.97 54696
84490 36 44 9357 301 530.92 67936
49296 42 45 4588 201 535.42 85892
55807 33 99 1888 200 849.30 56272
1348 13 32 9549 200 664.05 97938
15681 16 25 2653 200 1022.51 91334
13277 12 62 1212 200 1016.22 82645
86254 3 70 4198 200 1582.35 78195
40428 1 57 8169 200 300.20 35894
19555 5 47 7300 404 1940.16 17304
80058 39 80 9902 400 592.58 43265
21151 30 22 3488 200 1513.63 60580
39220 36 22 6803 200 661.29 67809
58883 28 35 4010 200 115.81 27281
39304 5 80 8302 403 440.28 1670
5596 23 74 254 201 1014.06 6507
72577 12 59 7930 401 414.96 70001
29023 5 14 6211 404 598.96 65594
54140 28 83 7655 403 1613.62 31170
1429 16 19 6676 302 1874.08 98251
19426 34 47 9566 200 1728.05 40383
27764 19 99 2705 200 721.46 79306
85436 22 79 4681 503 851.19 63367
52192 45 6 3418 200 1792.56 40462
23550 1 92 5917 200 3.41 32493
53231 12 19 3309 502 666.81 5464
48834 16 41 1495 201 1323.87 53755
62306 43 26 495 404 1331.28 42673
53286 48 63 2178 200 202.68 79950
52321 16 68 4701 200 1467.38 48694
36089 7 53 2895 301 1226.63 30317
45878 32 69 5813 400 588.38 58643
65312 39 39 2488 301 1804.49 78451
33327 34 78 8999 200 1801.33 58193
11306 7 66 9674 401 220.34 31160
10519 26 60 1618 200 198.26 54210
49407 20 10 1011 401 1830.24 38193
65370 43 83 9069 200 1269.47 20932
59131 39 54 9480 302 1763.05 49016
55183 20 39 898 204 990.94 3242
23775 35 48 4385 201 1115.76 64988
23965 24 48 5758 200 253.99 82086
33317 23 54 6037 404 1732.60 77756
76932 8 28 1742 200 1476.63 27943
61009 46 99 6493 200 271.62 57687
13450 44 64 7211 204 1130.68 94071
62464 11 42 3098 200 718.16 47955
79027 30 58 789 200 644.74 2982
48625 4 28 5380 302 431.45 17477
62373 43 82 2844 302 1136.11 40463
84416 34 28 7640 503 691.45 24172
35514 35 17 853 200 1710.76 91714
50367 20 7 1799 200 910.65 94194
25112 43 24 8450 500 1011.01 53969
21370 40 41 2663 204 1338.13 43566
56594 27 45 9318 200 1724.74 75869
13764 17 49 1031 200 189.46 55902
50360 20 6 8634 301 1442.69 29505
13017 39 89 7455 200 1457.92 12892
64608 23 40 8878 200 748.13 92149
73100 32 62 1730 301 854.98 71678
51108 12 74 9874 201 1391.58 72244
10229 31 26 1508 403 1871.88 28485
11833 37 49 1088 400 92.36 72191
17454 8 80 8771 200 1594.72 5093
39483 31 33 4068 200 1281.18 66223
37723 28 10 1221 200 145.55 5732
64261 27 72 834 403 1226.41 8559
14899 46 3 9072 301 1852.45 73465
70109 7 83 2213 200 436.94 21858
33811 17 56 6285 200 518.02 93092
40440 29 24 7342 502 167.86 74835
486 34 3 5828 200 373.94 36771
77303 28 25 5164 200 643.85 17644
1679 19 12 283 200 347.23 80215
4701 37 66 7934 301 1340.00 87471
57660 11 52 3254 200 1241.50 29935
36276 28 62 4334 200 1949.41 62801
22356 47 31 2991 200 1435.69 58701
52817 31 18 8206 200 388.07 41997
17142 9 74 9245 400 963.23 14592
58757 7 90 6278 200 37.62 54316
33657 40 70 363 503 910.36 69139
31037 27 30 9770 200 1201.73 95547
42443 21 20 9525 401 962.62 38233
58236 19 44 2443 200 947.22 69657
64301 3 77 8171 401 474.92 89631
27964 6 49 4730 400 1223.37 59290
8690 15 40 555 200 203.20 17943
68450 50 97 3762 200 828.80 14770
53049 28 22 1447 204 1866.58 99902
16908 16 77 1489 401 1201.31 11163
8674 18 95 1736 200 835.63 42451
25971 28 66 2133 301 1919.48 19315
39608 14 53 8541 201 910.57 97121
12928 40 45 5428 502 308.55 88419
41341 5 54 5167 200 822.14 67074
75760 7 53 3465 200 1131.70 80053
25182 32 12 4681 200 669.16 93169
82930 49 53 7812 200 1706.37 77922
34556 18 73 1788 201 1330.74 42608
61579 4 89 5569 200 1931.07 95840
45529 22 56 6233 301 1093.48 30343
17734 15 76 5016 404 1589.66 48908
83181 6 8 840 200 622.38 75133
82396 8 79 999 201 823.56 16820
61785 49 49 3751 200 988.10 87201
75513 20 89 3334 200 394.00 27221
74363 2 15 8478 404 1192.87 89954
49631 40 82 5820 301 652.36 55320
49613 49 30 9962 200 1699.24 24469
43184 42 39 3759 201 1883.98 50696
58860 44 65 2135 200 1879.02 24926
37028 31 36 4004 200 251.48 63236
28079 41 57 4522 401 1067.91 55378
29244 4 66 2860 200 1243.81 5755
5609 9 54 2853 200 1347.17 79729
1585 35 76 2066 200 1659.15 52839
60091 11 58 8845 200 889.32 3229
73390 6 62 3119 200 242.01 70699
10362 49 73 8932 200 1996.40 45298
302 49 3 499 200 1295.37 6170
11782 12 59 4262 400 1249.05 88351
20530 48 51 1137 404 259.05 32387
54685 50 73 7087 200 71.29 5340
14550 15 73 9212 200 131.47 9416
38334 47 86 3440 404 1889.81 89988
529 6 47 3107 400 1086.88 51889
71913 4 12 1103 200 1880.53 15616
59867 2 87 9899 200 1144.58 97435
53214 1 79 9477 200 21.17 23740
59543 44 99 8196 204 1989.40 18206
63520 29 22 6374 400 362.92 3711
82858 17 64 7636 502 553.00 41486
21299 49 57 5822 404 1906.63 56040
58350 32 55 2421 200 511.48 20165
76414 10 12 2548 200 720.77 47610
36334 15 10 3233 200 1505.83 53780
31598 23 73 6345 401 855.96 54375
55393 49 96 3671 200 1823.67 64508
15106 9 84 5606 503 1037.11 15139
80148 47 41 5651 200 281.51 4322
32071 30 71 2746 200 1641.89 57784
23823 21 80 1659 200 1415.22 97397
84212 19 24 6014 204 1121.39 38220
79030 26 68 2688 201 1765.35 18188
81599 28 11 9506 204 1634.12 27115
56467 35 84 2535 200 383.37 17049
73984 25 89 7019 200 9.20 35888
29629 5 97 7581 201 549.49 19338
21859 18 98 1699 200 1813.58 12889
86197 38 17 2146 502 105.13 46220
30424 11 43 3015 200 1548.75 37562
61567 29 64 8356 200 1604.55 96957
81812 9 4 2231 201 183.41 8868
37709 24 59 7288 201 393.67 54291
56576 48 69 2061 301 87.75 69265
5738 46 56 5016 200 342.33 17234
74890 29 40 7034 200 1336.85 37726
15766 29 62 272 200 1420.84 99507
58571 47 36 43 404 133.92 46181
82343 24 29 3409 502 1393.67 11316
46587 37 52 9444 204 1431.98 67311
65834 47 27 8165 200 868.48 35130
7164 13 11 624 200 249.87 26476
79045 33 15 7034 200 1517.09 54395
17764 5 55 3188 200 791.94 90806
16295 3 57 5884 201 1321.05 43480
72006 20 73 8417 200 1468.70 38811
65446 32 42 5535 502 374.48 9412
30350 3 58 1117 200 1008.85 33670
73365 4 24 4217 200 1972.99 95896
37243 42 31 3639 200 1138.07 82173
48270 5 85 3166 502 307.05 34586
64161 10 36 48 201 1111.48 30710
71275 26 51 2318 201 440.30 84050
56168 8 91 8554 301 341.30 84459
16395 32 93 788 200 420.31 31416
17202 34 95 8397 200 854.38 23969
84838 6 79 8709 200 776.80 23484
23985 21 58 7161 200 541.67 85020
4029 31 44 1457 302 415.71 67565
37411 47 65 2370 301 1950.23 73442
83141 47 24 5293 200 677.59 70234
34442 37 34 6743 200 340.38 12200
50178 14 49 5077 200 1982.18 33930
37275 15 87 2115 200 190.57 4785
29968 48 4 1288 200 829.32 32614
16816 34 19 7169 201 1917.44 68512
1852 10 74 5432 503 865.33 16872
55458 17 97 1725 204 1424.66 85035
27395 47 54 6013 200 1803.04 85417
15072 39 36 647 204 471.42 79038
48169 41 96 7197 200 1130.13 29222
64583 12 45 5326 200 1099.00 63852
115 4 33 6524 404 759.51 72752
72415 18 32 929 201 427.68 67832
46347 45 84 2347 200 1408.38 54149
15309 47 47 9320 201 612.21 67917
39708 38 19 1154 200 198.71 10419
37447 10 13 4797 404 1133.22 68371
58884 15 34 6738 500 695.70 65948
28436 3 58 4934 200 653.04 83244
83023 23 19 6796 301 78.29 86317
15847 21 90 7439 403 620.72 92134
33933 16 36 2478 200 111.63 30911
69973 34 99 5655 200 1080.36 29599
17071 10 44 3641 301 894.68 26157
80703 44 86 6443 200 1449.54 67657
3071 12 100 7911 201 460.43 25815
41358 20 41 3562 200 637.23 89596
53666 33 17 7376 200 1256.85 47701
50845 43 54 2472 200 1238.80 85725
39563 12 57 8060 200 1626.42 63482
81256 39 34 839 200 1466.68 8039
37270 25 45 3606 404 1753.48 18598
60547 32 66 1738 200 661.39 40512
19970 28 89 9381 302 1102.43 54917
66564 25 38 459 200 1976.15 28038
56923 31 37 6869 200 1131.44 34553
59967 33 77 8829 200 1680.88 95154
10502 32 22 7878 301 411.94 91740
6172 23 73 777 502 1758.11 47737
65204 16 94 2851 400 554.28 69031
61748 44 39 7970 200 1549.02 20577
22676 35 33 5603 200 1805.75 29171
23841 27 43 3914 502 670.76 49216
67266 15 86 7691 200 1459.29 74800
17891 46 38 7550 200 1776.73 62627
33487 41 58 4557 401 1295.52 78473
312 30 26 8934 200 841.94 6652
71958 36 2 5436 201 584.80 28111
51392 49 3 1826 200 1505.99 32257
56832 18 59 2084 200 104.93 23571
25951 23 53 1555 201 501.84 38938
28844 20 48 5036 200 1752.73 68625
49444 22 20 8648 301 17.19 98259
53284 44 10 5797 200 431.33 53167
24143 35 25 2374 200 1712.33 44473
14465 34 27 6886 404 68.61 37651
34934 47 79 945 200 1418.20 70310
19525 13 66 5057 200 1294.21 12189
47891 47 67 5518 401 665.98 32113
51205 10 50 8547 200 324.06 73082
17851 3 51 5497 200 1855.76 96630
22234 49 27 392 500 1994.83 13005
81426 43 68 5583 404 1662.44 87443
24368 3 55 3178 503 845.23 40486
11331 20 97 3028 200 504.27 86495
32387 20 80 3814 200 90.38 46955
23156 44 6 527 404 439.15 88674
58626 36 59 1313 500 1799.89 10247
30073 18 12 5383 401 433.67 89694
69373 3 40 1418 201 1238.64 9180
2903 26 40 639 200 1202.55 31683
48048 25 41 8141 502 461.40 45643
21862 48 94 8505 200 60.53 61266
80656 15 53 6536 301 1185.29 31537
8610 25 100 9687 301 308.34 88588
11510 22 21 7740 502 718.51 2236
35015 48 91 1698 200 475.03 90899
20306 42 43 9726 200 313.20 45744
9099 21 69 5551 200 105.32 5836
81149 32 19 5702 200 1817.91 49212
17189 1 75 1480 200 1367.78 24760
19735 16 43 8858 200 1492.63 32674
85550 7 100 4893 400 220.61 99027
36692 19 2 2525 200 282.66 29890
73747 43 59 6022 200 816.46 67408
42962 31 5 484 404 836.27 18230
48365 7 3 1436 301 1323.22 54374
73261 29 76 7051 200 444.61 68860
58235 26 11 4757 204 1115.39 38196
55636 10 62 3554 200 999.03 52023
58292 35 97 4495 200 3.84 28489
48381 30 60 5468 201 1446.99 39474
32978 11 32 706 400 500.11 18106
52609 1 69 2106 201 1077.48 44435
21982 15 8 8961 404 328.92 99785
2243 46 9 9261 401 1231.39 55896
11106 19 63 8888 200 631.16 48234
81321 35 85 523 201 603.23 78966
24621 9 39 5733 503 582.63 48708
68632 44 50 4486 200 1989.50 16940
49353 32 48 857 500 584.16 34134
19566 20 13 7559 200 1730.47 74193
37169 25 59 4748 200 1120.12 89043
21333 49 98 4943 500 3.26 15219
77262 40 32 1221 200 423.83 31770
48115 11 79 9059 404 205.32 46508
12343 38 87 2217 200 1894.51 51116
82439 21 100 2192 302 1262.95 21277
8610 18 93 3182 502 1578.36 20708
62554 7 19 4247 200 832.22 16448
12853 44 66 2723 200 1313.99 68038
56489 47 10 6384 200 899.51 67875
74349 37 14 2130 200 554.53 67672
21504 39 24 3183 200 1909.72 32878
6600 42 10 1840 200 28.30 77474
41617 47 6 1417 200 565.00 49062
74379 5 49 5925 400 382.24 38931
49093 27 82 8938 200 481.29 87945
22739 47 34 4056 201 1581.53 20819
60233 47 100 2157 200 594.74 28175
66402 14 43 2226 302 170.43 92957
64075 38 70 520 403 1876.21 62924
85855 39 13 8765 403 1929.80 26325
50231 38 91 9777 201 1701.32 1261
767 49 4 4736 401 255.28 88988
34209 16 28 4321 201 546.80 80597
78494 1 47 3126 200 1178.49 31267
21967 41 26 1223 200 1901.73 12218
72787 9 39 2472 502 794.91 21265
51753 3 25 5375 200 375.45 3570
77029 24 1 3987 200 1375.52 55974
85787 34 40 4315 200 206.54 83171
65177 24 23 7375 200 1024.70 98042
24110 19 17 256 302 1662.19 69929
10801 23 14 5312 200 280.40 79097
50407 11 99 4116 204 321.43 86960
18196 4 29 8759 201 817.13 81449
26756 38 30 9138 403 508.50 72408
28624 34 51 7988 200 1236.47 4530
39749 17 79 5692 201 1309.27 88234
45577 21 23 667 201 692.60 26470
58080 15 96 4130 200 1015.04 65494
57459 6 79 2536 404 1340.22 45661
1161 2 21 178 200 506.67 84003
59042 15 73 9311 201 1393.38 4919
51558 19 13 2731 200 320.99 25563
8441 41 53 6186 403 1031.96 45150
32572 27 93 5164 301 96.80 23159
61335 43 59 1392 201 1776.33 10942
40914 27 75 7585 200 758.87 92541
80710 23 22 1732 200 493.67 74618
12372 32 56 4158 502 1470.26 3695
5344 42 75 5915 200 1788.56 21127
6065 35 99 3098 404 674.49 67940
53542 39 29 4294 404 302.31 24406
24091 48 10 3572 301 1485.96 91772
1978 4 96 4275 201 1797.49 85087
86201 36 76 868 200 1430.67 96325
6461 36 92 798 200 1293.55 36358
30302 26 28 3610 400 1949.50 3594
50502 39 45 7228 502 1861.49 68590
65857 35 53 270 404 676.88 76559
64296 45 76 7898 200 1199.77 60878
28699 3 1 7619 200 794.11 84288
8952 13 84 2847 502 758.79 68291
828 43 29 1326 301 1150.69 7841
2669 30 21 1894 200 1724.17 35537
36663 2 92 5532 200 574.72 75065
78665 4 51 895 301 974.39 20247
68292 4 92 210 502 1449.50 50120
69115 50 99 8311 404 509.43 69430
66746 17 27 1041 201 1152.93 2028
82273 49 45 1493 401 552.57 17758
30300 30 22 5402 200 1027.33 65774
14168 1 47 644 200 838.57 48920
70398 4 89 1908 200 839.27 76860
51316 15 87 4091 201 270.61 44979
2244 22 16 5520 403 1604.92 19050
8643 17 94 779 200 1822.63 67274
1667 34 66 2654 200 1097.81 58911
17244 12 3 8473 200 1645.25 65708
35079 8 99 8410 200 1782.80 51482
38838 24 55 7555 404 1928.33 18264
28041 23 80 2444 201 551.24 18067
74692 18 61 9314 200 1265.17 33088
51231 17 13 3831 204 884.68 18799
54314 41 15 9722 200 374.64 25096
39306 37 75 5751 200 357.21 54168
3569 48 81 3913 200 1937.83 12722
60014 25 72 5253 302 1939.90 68918
37579 45 41 6994 400 581.53 15716
26220 18 79 7250 200 579.47 25010
55421 41 19 1106 401 1205.86 42260
16149 6 55 9383 200 1499.74 35218
6170 4 47 9860 200 1325.33 12677
32074 23 65 5155 200 1958.81 72951
22271 35 46 1140 301 560.70 75627
2488 27 42 2857 200 1518.11 70513
10215 16 37 3153 200 1373.96 15353
49060 45 35 7320 201 449.63 46978
44083 26 53 6364 301 578.63 97294
12160 24 16 9266 200 495.87 41009
8985 9 77 7567 403 1761.28 83256
52430 34 87 6658 302 1347.85 9348
33429 36 69 696 200 945.94 94495
26844 1 88 3491 200 254.11 77440
70453 2 92 6730 401 1864.60 21711
75712 8 32 5208 401 80.64 25861
86017 5 61 3152 404 694.99 45857
48548 38 44 7928 200 1859.67 29686
74945 32 2 4201 200 979.17 46150
70273 36 10 898 204 1233.12 76464
20184 37 55 5651 200 1776.76 57357
66243 49 82 2370 200 513.89 45856
23022 44 41 9261 200 104.06 95718
82835 3 28 8813 404 1049.45 11998
11836 5 57 1566 200 977.55 55135
60609 21 99 8383 503 1290.56 52230
75547 27 60 5178 200 4.45 70509
8438 17 11 5757 201 630.83 89483
30227 47 77 9759 500 544.50 83781
44044 45 18 4662 200 1895.27 85145
76228 22 25 7587 200 81.45 67673
65079 9 43 5133 200 1781.21 85578
37114 24 54 8272 401 1832.07 28970
25734 40 95 2776 403 191.98 43219
9613 42 91 4735 401 1459.64 22606
18094 9 95 8350 200 910.61 30514
2416 26 39 4224 200 716.94 69906
16669 35 21 5063 201 1485.52 79814
21366 29 24 8933 204 1378.99 14032
57681 29 45 7379 201 710.77 86000
84497 39 71 2453 400 26.27 23668
18770 19 7 1827 200 450.96 81383
46106 1 70 5013 302 311.65 42856
56142 7 9 4313 200 996.93 65392
77140 8 81 1853 200 478.16 67880
19574 41 40 5638 201 1448.47 77620
1701 36 70 1266 200 1756.01 3775
6897 19 15 8096 502 740.96 58279
72679 50 87 8870 200 743.80 32493
25648 30 16 5390 301 1481.19 11500
38092 13 89 3067 502 1157.37 45879
85328 2 38 4923 404 381.71 18370
84896 8 81 9451 503 90.77 58744
12989 37 43 4220 403 1393.00 12996
66636 23 80 2717 200 189.53 80119
36990 13 99 5820 200 45.06 84336
3480 48 83 7902 301 1713.31 94442
6535 9 47 2580 400 1550.70 96212
34983 39 96 8749 302 1521.24 17315
45202 42 93 3353 200 1570.21 67334
39276 16 50 357 500 1172.65 55169
25759 11 15 3404 201 1849.82 81470
79520 33 29 3661 200 18.10 80902
72024 29 9 106 400 214.09 52717
10097 47 61 317 400 105.05 64617
3296 16 43 8988 201 415.75 53004
22648 2 44 406 204 1612.42 68039
37826 21 56 7263 200 1220.12 22553
38301 31 6 6283 400 1242.13 82790
83742 32 20 5570 200 575.63 67229
42584 5 64 3806 400 1414.12 34542
3468 25 55 1845 200 677.63 89741
39319 2 35 8587 404 707.74 17173
62165 22 45 3563 200 1607.72 32324
76579 22 25 1456 403 698.05 27455
34573 50 90 8249 503 337.21 95655
12428 45 51 1695 200 1942.62 86058
32172 27 38 4110 204 1270.27 74057
3696 39 100 9691 400 487.46 85248
3466 50 99 8164 403 1252.24 90606
79689 30 4 2149 404 1986.73 5053
7489 28 87 5151 301 155.99 91491
69576 49 14 2622 200 161.95 56097
48539 19 2 483 301 1973.11 40582
78779 2 72 8353 200 657.29 18766
75172 18 75 2356 200 1233.84 71596
27536 20 68 7661 200 692.66 75191
38984 38 75 3308 200 111.04 52459
24370 2 69 4685 404 723.82 2682
80564 50 64 3225 403 361.41 10433
5434 12 38 3942 200 990.33 15480
40726 46 96 9384 200 1455.14 94198
26715 44 38 2087 200 696.13 51546
34547 30 37 4656 302 1437.48 52417
38047 50 15 600 200 1548.35 63848
13060 30 62 2295 204 670.38 32777
79450 17 66 5982 200 570.49 84674
35997 17 36 5255 301 1509.30 56710
15024 33 57 3078 200 1521.85 65649
73507 50 26 5708 200 1103.62 53380
9997 33 41 417 302 124.88 75890
40460 31 83 3473 200 696.18 98506
58735 45 27 7714 200 368.51 76583
81338 45 54 6994 200 866.92 33595
12385 50 17 5219 200 440.13 18040
41640 11 5 1119 204 1980.81 77956
75962 18 5 9826 200 1182.38 13554
7750 43 74 5928 500 1752.20 55615
58496 25 66 8351 500 1978.42 41598
34261 10 100 1025 200 1721.12 8992
1481 14 30 7680 403 1558.01 18239
54524 49 52 5789 201 18.64 84148
41966 34 84 6979 201 1770.57 2155
21774 49 39 667 404 626.66 88933
50765 18 68 3694 404 929.28 32614
44593 3 34 8332 200 1306.86 12072
27136 44 20 7793 200 1388.35 31594
52067 26 19 2463 404 628.32 69955
21181 32 76 5323 400 1516.12 37602
53383 45 79 9505 302 985.57 61530
55350 42 42 5463 200 1085.28 11627
32064 18 70 8991 302 59.17 67840
1995 35 52 2172 503 1683.51 30304
68170 50 34 2720 200 810.38 53894
14709 8 21 5531 204 781.00 19984
43074 44 88 2092 204 163.48 17158
76064 2 6 1856 400 810.85 11771
75386 21 53 420 301 615.59 11112
48332 40 94 1682 200 1522.78 67596
82446 40 38 9579 200 784.89 80738
72934 33 81 1928 200 264.41 28475
33088 7 21 9219 200 1146.20 1299
50488 28 37 5737 404 1012.50 38891
46976 13 48 3992 401 1932.99 40925
54946 3 79 5505 200 1067.67 98811
11603 22 94 663 502 1586.33 34410
34414 31 99 957 200 502.97 61013
79101 14 86 6986 200 216.94 93080
46213 47 56 9694 200 321.96 57372
58470 8 55 3115 401 1046.94 88820
16256 44 11 3573 404 1187.76 65627
69630 47 43 2478 403 1841.00 45784
77933 28 96 1056 503 489.03 41044
17155 25 53 8727 200 319.36 77213
12166 26 83 6097 302 51.03 27560
49303 34 89 385 201 797.45 92631
84487 18 51 4588 503 399.45 48506
5638 12 86 5373 500 820.41 51470
58721 42 98 7386 200 34.77 73627
41446 47 86 9598 502 1251.66 87969
33239 30 14 4447 400 1479.90 88992
46495 27 9 5371 200 909.56 36397
61728 32 41 6739 200 1674.04 22611
25050 49 19 3904 404 451.88 96550
16347 41 62 9404 200 143.28 23056
48185 2 30 6183 200 687.01 97077
58388 13 10 4858 201 479.11 99609
50984 20 45 9058 200 1506.65 1791
18927 27 50 3353 200 616.58 79449
24073 42 40 2115 200 970.26 69275
76939 32 30 8038 200 1038.66 67012
70019 14 43 4103 302 1025.98 41832
80413 39 74 1749 200 449.12 66590
31027 33 24 2464 200 1366.92 78683
77051 19 32 9888 201 799.40 6813
72190 36 73 7032 200 1785.46 46886
43388 44 65 5041 301 1176.28 86256
72780 11 29 3906 200 303.07 69053
25031 37 24 429 301 829.97 31679
10722 39 42 222 201 501.42 38496
9877 37 89 7743 204 46.35 41381
80440 1 69 7326 201 689.00 20106
24325 29 8 4667 200 1779.54 8644
37788 44 8 2789 200 562.59 68475
48779 24 8 929 401 151.88 18898
5927 17 54 3962 201 1838.59 42369
34088 7 7 1606 200 410.98 65213
61818 2 81 2920 201 555.39 3362
47606 4 12 2576 201 1479.36 92309
52272 17 40 7819 200 1339.87 36442
27969 37 51 5130 400 1814.67 57671
79577 4 54 2491 201 37.62 93587
21655 23 23 1276 200 254.98 58238
43418 46 57 3861 500 1304.26 94357
78854 39 84 8389 200 1521.90 24187
41936 12 21 9522 502 1449.94 13841
76360 50 92 492 200 904.73 41934
25974 21 58 385 200 1347.31 33312
36459 30 88 7157 404 1671.74 81175
52558 34 39 2419 201 804.30 87768
81117 6 61 3849 400 863.87 86270
28704 34 42 8425 200 1776.81 49350
65285 11 73 1629 200 1118.08 63835
47051 43 21 3610 200 665.34 25984
39335 18 54 9905 200 1521.84 84187
39115 9 80 3161 404 1121.36 85493
50405 47 48 5800 200 797.86 54732
65517 50 66 5661 200 1593.07 68328
34255 13 16 4997 400 1125.77 92086
7197 23 19 7428 201 514.00 56584
57982 26 96 2032 200 343.69 99065
85051 14 47 624 200 1421.67 51201
71732 36 64 1928 301 545.50 37158
71890 10 9 9247 200 1086.43 88132
27130 16 28 6544 200 733.24 91646
55766 21 95 6774 302 1366.20 60948
78054 41 24 3839 200 1737.83 87797
35843 49 54 3026 301 18.82 64205
16297 36 69 5827 200 891.37 66293
30680 39 50 4539 204 1079.61 8490
4519 45 75 4718 400 280.94 45172
57950 44 24 1509 200 220.85 15246
31420 5 59 2398 200 1384.13 75355
2509 35 62 4875 200 751.80 93317
43465 12 8 6145 200 1863.65 22553
45186 14 5 1803 404 338.91 39355
76285 34 58 4699 200 239.19 92772
21162 11 11 5547 200 894.99 59578
49239 18 61 2260 204 914.55 65568
34572 25 60 1369 500 1911.38 55951
74011 34 85 267 200 116.31 40098
16105 9 57 8122 200 1052.82 7087
11060 21 48 5831 200 1531.10 7041
64302 25 91 4690 200 1843.28 82737
36097 34 87 8944 200 1194.33 17715
49165 21 4 1117 200 708.39 19210
19294 14 65 6404 200 1716.17 71209
29581 38 27 4982 404 1932.81 2996
31298 39 66 1104 200 548.12 31747
23271 47 82 7900 200 240.65 71181
79708 21 9 6990 503 1420.57 3615
65809 3 94 3736 200 1193.68 85096
55923 48 38 2110 201 1361.43 43080
21381 21 61 4312 502 1363.13 44208
27234 27 74 4494 200 597.88 47589
13734 38 5 3777 404 774.52 78634
30226 9 100 1086 400 611.01 80519
82209 47 72 849 200 1535.73 52418
48609 4 56 1177 200 1549.67 52182
44397 14 2 2103 200 312.30 51134
66430 11 72 5518 502 147.82 56090
24530 17 25 8233 400 1783.27 81830
48637 46 36 2023 201 1274.16 1057
45086 1 44 4076 200 315.52 40181
53164 40 100 7637 200 177.95 12060
78464 47 54 2918 404 566.87 52699
69643 27 21 8608 200 481.65 26499
35125 42 87 6391 200 1943.07 95924
40164 1 97 478 200 698.38 1480
71705 28 90 4231 201 1107.34 91745
33612 24 100 1036 200 752.21 97912
49909 40 44 9886 404 832.45 54400
67805 24 92 9547 200 379.29 6672
69812 41 27 9528 200 304.66 3415
28210 26 59 1967 400 1282.76 96690
79799 34 79 3627 500 1131.70 64210
11091 34 50 8323 201 932.54 93655
55006 16 30 1556 200 1476.97 23461
68702 4 41 6 204 724.94 91677
65000 12 38 7809 204 309.29 65093
30825 18 18 9638 500 1696.21 37589
79514 20 45 5397 200 1477.86 69646
34707 45 49 7164 503 697.66 64858
71971 20 70 8943 403 484.01 78582
59767 46 7 2186 204 784.88 83202
85497 16 48 6328 503 1753.62 65419
13855 4 55 6037 500 1700.88 33585
5847 17 100 5426 200 1075.25 1340
24102 9 29 8382 200 467.06 38157
65431 21 59 4852 301 740.00 5155
18415 45 89 2271 201 1288.93 54692
14569 18 98 2770 200 1278.12 93733
16477 30 92 6992 201 1669.64 76577
2862 1 27 4319 200 677.08 70621
29123 20 4 2727 200 1439.94 98863
72041 2 40 1671 502 1256.88 62258
38937 1 8 4887 204 1836.47 67152
32947 49 77 5320 200 1250.94 39898
44317 16 54 8872 200 273.63 57238
7119 50 85 8259 200 1451.79 45182
18515 1 79 4017 200 1249.18 79082
58696 15 49 8372 204 795.65 84220
36583 37 93 8300 200 1777.89 70759
27837 47 2 7132 201 1805.14 65591
71637 12 72 2518 200 1795.76 63226
12925 27 83 3194 200 1106.44 92036
24703 22 24 3651 401 1059.44 48837
59136 11 63 1170 200 1588.94 19658
56403 47 24 2506 400 570.03 17848
27456 27 32 3563 200 100.76 88308
48027 16 3 6920 400 303.81 4447
34611 21 49 1304 200 1582.53 68674
54118 11 45 7094 500 1130.83 16454
52828 4 7 6640 404 921.73 61544
3542 49 89 5956 302 891.19 39243
5215 19 80 5428 502 1797.58 2389
40636 44 70 1577 201 1194.70 82951
39532 2 35 3258 502 1898.72 43869
969 18 21 5663 200 1977.32 57330
43275 9 20 8944 200 380.11 2278
19709 34 92 5480 200 1635.14 37766
31871 46 30 7895 400 1941.91 89837
31639 32 62 7409 403 110.42 56382
67050 4 62 6528 201 369.18 8337
76227 37 35 5466 502 367.09 48931
52361 5 22 3875 200 382.31 72259
619 41 19 8536 200 687.19 91937
59367 28 50 7057 200 1503.51 40803
53608 20 46 8098 200 53.88 62133
5016 22 86 8894 200 147.07 36500
50919 47 89 6629 403 1531.94 23218
32757 28 48 7868 404 211.13 77835
30790 45 64 7245 200 173.93 52851
4920 15 38 8147 200 1982.84 748
70534 50 71 3640 403 1070.40 79027
11270 12 80 3923 200 1968.85 51504
73802 5 94 6559 404 187.40 20623
22767 11 91 1517 201 1840.01 53529
85691 30 29 4158 200 98.02 48945
64306 34 75 3714 500 1411.19 24447
65163 2 25 8088 200 614.37 76691
8806 47 7 4274 400 941.34 91881
25507 45 74 9201 404 1054.92 30586
18957 25 80 1866 500 1183.08 23402
10472 26 19 3219 200 906.89 73468
75505 4 58 8954 200 1319.77 16780
82917 29 11 4634 301 1589.46 50005
64913 13 95 9111 200 1268.11 55137
74329 6 99 2889 200 793.73 7666
9609 1 4 6089 200 761.38 70866
311 34 62 1143 200 259.92 29707
72833 29 75 6568 200 1608.11 96666
9714 30 9 8012 200 420.90 70653
67730 7 69 6390 200 1974.70 56402
61990 37 66 2701 200 1743.40 98049
26686 27 55 4552 200 857.26 43586
45913 22 28 8426 401 1462.42 84217
40023 24 33 7183 200 1249.99 88390
43059 6 37 4284 200 1955.25 48744
58579 10 41 8611 200 1267.23 9698
14304 42 41 7526 200 858.99 66354
77530 11 29 4158 201 1155.04 80944
52057 42 65 1952 200 53.03 3828
20480 39 78 8372 200 403.69 25266
3631 20 98 9832 200 753.36 48243
26014 15 11 5973 302 895.29 69520
75478 41 52 5443 200 1238.23 46277
4785 47 62 3919 200 1301.90 81953
45531 46 38 8131 200 1173.70 27825
79040 44 33 34 200 1181.30 464
14035 38 99 7615 400 1860.12 16121
10187 15 24 6147 201 1568.94 68255
23261 27 66 832 200 1041.22 60543
73643 7 71 5487 200 1002.92 29938
60266 6 8 4091 200 422.90 93849
37366 6 42 9500 200 923.53 55014
81042 4 24 9432 200 1709.81 59629
26 26 89 344 301 344.08 36233
80455 37 69 4018 200 1535.25 88088
6156 27 93 8571 200 1511.17 72332
49642 20 5 2173 400 1568.81 35981
79721 20 38 4750 204 1142.38 25782
3368 38 76 3397 200 807.94 18056
61574 28 92 7050 301 1224.61 77943
12634 33 84 607 200 76.80 8718
39469 21 83 6180 301 1925.51 90958
13232 42 99 6651 200 234.97 88831
1387 35 11 3488 404 1333.56 6493
60379 7 90 1811 204 1231.96 74495
47586 23 26 835 400 96.58 22723
62028 45 92 9797 204 1833.73 23363
55533 29 4 9427 201 226.36 68296
54240 13 74 3920 204 873.54 32550
21647 40 34 3411 200 1758.48 79882
47388 23 29 1999 401 315.21 22148
18184 31 37 8704 301 490.27 12311
56060 25 62 2765 201 903.82 69994
37580 2 12 6962 502 349.60 88601
26896 12 59 1135 200 1216.99 66460
61806 45 38 7266 302 764.56 93542
78747 4 28 1923 200 1736.12 65051
68479 44 58 1321 401 1625.83 29842
50710 29 77 2581 200 1461.79 86295
25840 25 46 2460 301 1783.86 56597
54632 46 35 4955 500 1783.84 6843
49806 11 94 4626 204 678.99 4643
25781 30 5 7220 400 300.48 53098
38375 28 18 4941 200 505.33 90427
34620 12 14 2915 403 917.48 99536
2073 17 50 9365 200 878.58 58853
68866 13 10 5638 200 1599.98 50641
79948 3 88 474 404 1746.86 3605
39605 33 17 5350 200 1815.35 41964
14504 35 1 3534 204 1770.68 3425
68893 26 39 3141 200 1500.42 34924
17664 25 69 4166 200 327.75 93394
29629 2 57 5003 403 1176.36 73904
23921 37 40 4277 200 1060.82 4202
32959 4 14 3251 200 530.60 62618
19117 25 20 1429 200 1251.91 14504
21342 11 25 2463 500 1511.67 3039
68230 17 11 5845 200 54.68 26356
38388 29 11 8222 400 1780.10 3872
80191 15 24 4137 201 592.83 87945
24861 8 99 8615 200 736.90 4870
3381 15 33 4937 200 270.56 40692
22145 2 98 3710 200 505.18 70459
75824 38 44 6881 200 224.34 14296
24340 13 22 5463 200 1358.58 93580
42465 47 78 505 200 279.86 33533
24297 16 21 1512 401 1520.00 21246
41854 5 54 9804 404 1433.55 79156
36804 29 20 2654 301 723.62 76846
47077 14 49 3108 201 476.22 88400
50476 1 39 9337 201 1401.76 91961
73926 15 47 3229 200 1230.48 16001
73374 33 36 8702 404 1287.84 74533
45402 29 34 3056 200 1431.77 74445
45082 27 53 6086 200 1929.68 82293
49393 48 94 1067 204 1137.13 71748
76923 38 76 9050 200 1.66 22646
40803 37 3 5306 200 390.54 47319
7005 4 80 5221 200 90.28 60871
28954 34 40 2917 200 825.22 54524
20363 50 84 7921 503 1936.63 82010
42296 6 70 4037 201 16.29 80922
56411 26 66 7028 400 507.68 25648
75660 13 46 9601 200 858.09 41840
75276 38 77 5481 200 1619.94 38788
50498 16 40 307 200 1124.47 3643
13621 44 74 3600 204 1844.48 69576
13107 13 57 7288 503 1594.37 52611
29534 32 91 7576 403 1523.86 2429
30586 9 100 9876 200 1641.18 36325
32494 7 85 1215 200 107.70 55979
59487 32 8 9349 200 1222.89 6410
28055 14 22 5719 502 1751.24 88221
75681 18 18 5527 204 829.89 77870
78049 4 37 5567 200 487.65 89098
85599 50 76 2890 200 964.94 87115
61303 33 62 9462 200 1191.04 86911
59627 28 40 3273 302 878.67 49428
24862 20 16 4720 403 1291.29 56922
3868 6 55 5700 200 1327.76 32898
37098 24 85 7987 200 317.92 70104
34383 29 23 612 301 934.38 82560
40569 45 38 9371 200 594.86 31728
20223 49 84 8102 200 1812.31 37762
19582 26 71 5282 404 761.75 71821
78496 11 45 1591 301 581.87 90768
84149 3 46 2058 200 863.68 30685
55373 8 95 4229 502 823.45 19322
30009 45 45 9646 200 208.92 84983
67849 49 70 1580 201 1932.70 97587
13528 28 19 5658 200 1169.43 15281
37985 20 31 563 200 1556.03 19865
47863 28 65 6017 204 776.97 1410
36394 42 84 6367 200 837.45 44018
69245 33 54 504 301 1703.00 21839
81428 42 100 5819 302 1720.38 45127
85265 29 25 1575 403 1819.23 3603
38850 40 29 8838 301 536.72 31292
10640 46 39 6711 204 1119.24 3522
3955 14 94 9900 301 1801.81 53782
66948 36 54 563 204 1529.53 58416
67263 44 78 2687 200 1118.11 99520
15249 4 62 9365 200 1378.88 39978
29212 30 97 5454 200 1782.34 42862
9493 17 4 6456 200 1433.61 50539
84723 48 81 6986 204 1150.04 32556
15512 26 44 458 500 288.43 24308
78020 24 9 9381 400 1929.07 3909
52560 36 34 2803 302 1110.62 16561
9401 36 94 6390 404 1923.89 50152
74062 31 7 3028 200 1085.60 98196
38035 19 40 1699 403 635.62 4687
51684 17 39 4118 200 472.57 36211
4461 35 100 144 200 638.77 2122
64699 36 32 4392 400 1847.03 65877
51779 31 19 4137 200 1129.60 58066
5503 35 88 3375 200 1469.57 56726
80159 47 63 2717 400 166.38 21275
45219 27 89 1766 204 584.01 90774
68388 36 81 6959 201 1266.34 64713
69440 50 98 6226 200 35.57 13641
27679 41 20 7360 400 462.96 25936
78057 17 10 2363 404 1005.80 67405
56690 16 42 7016 200 1.35 34034
14049 32 89 5911 200 299.55 68252
31845 23 42 7966 404 1692.13 3714
27044 13 51 1938 201 859.97 4205
62989 25 25 129 502 1593.57 91078
16589 48 29 7733 404 469.83 78395
17071 23 1 8641 302 46.80 18775
25435 32 56 7465 500 1294.07 60157
83833 16 35 8894 400 740.04 38412
14437 1 2 7318 400 1494.20 31544
29809 50 53 4662 400 355.65 56289
1162 7 42 801 400 20.00 89058
82858 22 52 3111 404 814.20 58395
23297 18 10 8435 200 521.71 3426
74092 18 38 7499 500 756.26 65487
75345 13 40 4320 200 1176.60 33085
65344 19 42 9452 200 765.08 20274
2173 8 77 4817 201 1897.93 42957
6327 7 60 4569 200 1047.17 87329
63471 11 56 408 301 690.97 63894
1519 30 26 1368 403 950.90 17341
14028 21 13 4825 200 1947.91 90869
3931 21 96 3860 302 20.76 43096
29211 23 31 8794 404 478.14 36521
17214 14 50 5906 200 493.16 65237
25368 36 61 7787 201 805.51 65079
83550 48 62 7649 200 1496.80 67028
82054 13 50 2451 302 1043.27 89249
59035 13 27 640 201 1691.95 59737
35133 15 79 7155 401 520.57 59137
25973 27 67 9392 302 1850.76 68302
19008 20 32 3949 200 314.51 87406
59839 17 10 1283 200 895.55 85766
14171 46 35 4087 403 316.96 61027
1869 26 79 7186 200 1840.96 67513
55610 38 28 2459 301 87.40 78289
72388 30 17 3808 200 1711.66 6938
75579 25 59 1693 302 475.89 74959
29589 21 57 828 400 338.23 81581
1414 9 85 823 200 849.33 48511
46886 47 38 3540 302 602.67 43234
100 20 38 6476 502 1021.24 50530
85266 11 31 747 204 1903.98 39573
26844 16 59 971 200 676.89 67345
10594 9 30 4927 200 942.44 71425
69191 31 47 4272 200 738.66 54527
51158 47 36 5724 200 1106.19 87990
49744 23 22 6253 200 1745.26 62326
47255 13 49 5818 200 893.44 11244
10601 9 4 7872 403 1090.84 40753
47905 49 64 5223 201 1883.26 10937
79587 49 89 7502 204 633.33 80830
13906 42 41 5780 200 1947.45 38326
40798 31 40 8138 200 901.79 24294
65539 17 55 9854 200 1053.92 99189
73293 3 53 4911 200 320.41 11497
33094 7 16 6942 404 1451.63 33677
6446 32 41 5338 401 1255.26 19401
21 44 77 1044 200 902.84 90303
13429 46 74 5240 204 1993.05 39619
25818 50 33 7327 502 329.00 74475
19126 6 16 9818 400 1701.19 16578
4160 27 51 2693 401 14.18 66699
19277 41 61 3744 403 326.67 43677
23404 43 5 6254 204 1903.66 80547
84876 33 66 4368 301 106.51 38306
15575 50 63 7051 200 116.47 40360
3863 37 21 6840 502 431.05 21563
47665 32 61 2113 200 943.00 52370
76781 18 47 5259 200 96.18 25796
49469 18 34 2139 201 1395.08 5023
58207 48 26 5812 401 846.81 15116
78046 18 49 5978 200 1296.53 73355
74569 29 30 2716 200 1212.64 36190
42265 2 10 9538 200 1577.95 82707
12324 4 82 3485 401 1297.20 90331
25052 9 85 4765 204 1192.79 97662
74394 48 22 3586 200 652.01 89167
2633 48 3 5697 201 1211.17 87149
53249 26 18 5653 200 431.79 51787
2140 2 76 7646 403 1239.22 64369
64690 12 53 1578 204 1801.77 79209
62066 24 35 6803 204 1404.93 99916
67843 38 52 6144 200 1236.69 95669
29515 38 3 1712 401 1103.62 62668
85057 5 72 8850 200 488.30 51776
25668 42 58 7294 200 1307.21 71783
49845 16 13 7821 200 1565.46 19629
57353 8 69 582 404 578.60 8071
25083 43 21 556 200 1154.00 20907
63885 31 8 7231 200 1171.32 60635
43399 25 20 7414 200 987.04 64915
79155 17 96 9268 200 532.49 23324
35271 15 70 4414 200 749.05 23339
53623 32 77 9213 200 1606.24 3315
41179 3 80 7894 201 1156.70 69705
4543 46 26 3203 200 459.57 91708
15846 26 78 5455 403 1075.71 42979
44656 50 91 1974 200 151.79 21903
72180 27 44 8425 200 1589.53 87705
15808 41 81 2484 200 1490.11 47388
42280 35 16 6339 200 1798.83 15186
44864 37 51 4781 400 1322.57 17794
37944 27 36 8036 200 1055.22 78799
20795 34 76 5777 200 410.96 89467
61380 33 10 7254 201 769.47 13109
55997 6 91 4128 502 801.22 38905
31432 22 71 736 200 989.13 29202
50841 31 37 1628 201 1715.24 95553
44424 30 69 426 502 1412.02 9579
29027 30 15 2811 200 154.46 4652
26804 46 51 5408 301 1656.39 65181
68389 25 89 5370 403 685.11 95039
15038 37 56 707 301 1373.75 83209
78266 38 38 5184 204 813.95 33274
45846 4 51 5219 401 413.68 10066
45571 40 21 6849 502 858.00 8007
6757 30 13 314 200 1100.44 90793
51097 15 3 8989 400 1742.53 72260
18493 7 60 5925 301 75.43 31059
73902 38 91 248 404 142.54 74523
32528 32 9 6787 401 1325.33 88488
28315 27 38 9485 200 909.18 69913
59983 48 84 7063 503 1375.40 11887
2968 36 83 3482 200 773.94 31278
76051 14 99 4315 200 1267.04 51015
70256 36 30 454 201 141.25 67066
23208 46 57 160 403 1042.48 93626
53680 41 10 1563 200 1337.30 25497
81078 26 99 8125 400 1182.41 75686
46605 14 43 2837 301 1743.80 25471
83791 12 35 6114 201 16.39 62355
71718 18 71 6191 201 1213.44 36269
53504 47 85 8626 200 314.96 58642
38801 15 36 9782 200 939.79 36364
75804 4 9 8977 200 1905.58 3277
57419 46 95 392 201 99.01 48872
6151 23 89 3315 502 1645.34 62085
57160 40 17 8896 200 1795.10 42564
43878 47 69 1670 200 127.39 16935
68727 18 63 1644 200 1486.23 4110
41258 9 38 4533 200 518.71 44797
75650 32 52 1392 502 887.12 36580
81904 24 14 1865 200 1740.74 82025
81167 31 8 9629 204 1569.42 8407
75823 33 72 9723 502 942.98 85465
14061 25 21 6208 200 995.21 60828
60321 39 59 7400 301 1654.73 31036
59219 36 54 2242 204 1179.89 47397
83844 15 7 8020 301 1874.74 52759
14294 2 65 8259 200 693.94 10040
27549 33 87 7911 200 1908.32 21396
73503 32 30 8110 200 347.75 28203
18074 45 62 9672 200 943.12 10478
47376 2 10 884 403 1302.81 53652
82749 34 34 7035 200 1626.08 53829
58626 30 89 3476 200 71.03 86592
57354 22 53 3812 500 1430.61 81566
80200 22 80 967 502 1024.36 29219
54387 49 68 3195 200 1415.40 87040
63418 20 29 6571 400 381.06 2276
28736 40 11 3171 403 1605.46 61123
57145 9 33 5464 403 606.15 33954
71941 43 79 4836 403 211.33 54340
12184 36 98 8806 204 761.31 52364
15951 11 77 7188 200 1147.07 18203
49314 5 92 2512 200 1294.77 57318
13900 5 94 2038 200 1027.07 43526
7303 29 47 225 503 1115.49 7833
3040 12 59 6737 404 66.80 92451
70196 1 57 5779 502 475.97 74790
21961 43 1 3540 201 1231.20 82284
27785 42 58 7268 200 1642.69 37460
46636 37 31 9162 200 1286.00 94497
8902 31 91 7313 301 1335.83 79465
1491 13 53 5292 502 180.18 95622
59015 22 97 2899 201 1602.63 93373
41019 38 65 2314 200 72.58 13889
71837 2 85 1370 200 507.46 7773
53151 38 46 7266 404 1461.33 9149
71599 18 75 62 200 721.98 90222
47990 33 73 3984 200 582.12 27877
46978 1 28 1201 400 446.39 17065
85907 41 17 4844 201 295.62 32281
28043 17 42 5636 403 772.99 22375
5285 31 38 2435 503 1904.30 69758
48666 3 70 2930 200 1660.20 70013
78304 48 12 5965 204 1698.69 14606
57878 15 74 3043 200 73.51 14815
82321 26 58 4558 503 1222.81 71513
67949 19 34 2278 200 1458.14 69730
15600 15 7 5487 204 1178.60 96504
79073 32 90 1527 200 1140.09 97195
30807 42 78 2709 200 477.55 96303
362 20 19 4007 301 1619.15 42611
54105 16 70 7618 403 1950.62 19784
55470 35 47 2215 200 1867.59 21371
26439 21 20 9918 200 395.21 47507
16277 4 72 527 200 592.24 14947
10164 21 41 1032 201 196.78 88584
68300 45 57 2092 200 1095.04 38211
54497 5 96 5239 201 936.74 87831
63981 23 84 1224 200 274.00 62244
1437 5 76 6947 200 265.87 87257
74481 23 62 2389 200 481.84 53778
16809 47 85 5964 502 273.77 7824
49101 48 80 6034 404 796.36 58331
70042 31 86 7288 400 1541.77 1706
57321 9 22 1181 302 1114.46 95348
45442 4 26 5356 200 451.56 40088
43702 38 61 2546 301 983.53 82007
76502 49 24 1807 201 853.82 33582
28929 26 57 7328 200 436.97 96944
54568 41 39 7512 400 778.73 49959
64940 33 39 6568 401 1276.64 29305
5599 28 35 3193 200 985.35 58715
73989 43 53 5866 200 161.38 40927
31248 26 19 7462 200 444.00 74964
32802 22 37 1100 200 520.16 32483
42057 26 47 6240 200 1437.67 98705
47270 15 45 6153 200 933.75 88330
17284 29 56 6092 404 1635.35 81546
51975 7 76 3681 200 865.53 6300
62697 5 60 8295 200 339.63 76783
68760 18 1 8898 200 1435.60 59586
81178 39 66 5060 201 1450.90 54391
43081 30 61 1469 301 290.94 38574
1262 1 63 6135 200 1008.79 86611
69486 48 55 6645 200 705.21 27045
42416 37 20 6103 200 1810.36 21820
17335 14 99 7494 200 492.53 20066
1516 1 73 7324 301 1584.91 21511
22178 35 45 5964 200 876.21 69763
49068 32 50 1147 400 1441.63 54117
56664 23 16 4611 200 1763.06 28065
70729 12 63 8054 204 1131.38 74425
19522 25 92 3178 200 151.34 96672
3878 37 17 9929 301 435.70 24936
17610 19 33 8228 200 1671.35 26940
55256 41 35 3592 200 1931.41 33618
20923 8 73 2678 200 1190.42 50150
12551 18 76 7720 204 952.49 19069
67337 37 24 3331 201 78.28 87875
42789 40 15 4081 503 759.81 43765
55177 6 17 2200 201 1953.34 75363
38809 4 69 7635 400 1343.87 6564
25221 8 49 8831 200 1229.05 24458
45639 18 38 1627 200 154.06 14200
79479 20 54 4470 503 703.56 62867
55691 47 14 1787 200 1951.60 73101
32071 16 3 5046 200 1414.61 98994
6076 14 76 9236 503 1200.08 86272
2868 50 9 2544 401 1500.58 60658
64557 22 96 9341 201 1387.76 82406
77456 24 15 4815 200 1561.87 14050
59287 26 46 3212 200 1965.00 749
13539 27 55 4175 401 1085.77 52800
80931 48 20 3913 200 776.93 64279
12592 26 23 3596 200 270.53 46526
61474 31 38 4219 200 1971.05 98355
31718 11 78 1029 200 1771.28 38908
45088 18 14 219 200 1779.09 59058
59650 17 15 7471 204 1747.77 70034
43283 8 34 8679 200 908.70 42918
45458 41 86 887 200 172.33 894
12036 47 1 544 200 1030.46 80936
41465 30 61 6350 201 1639.77 24131
76065 14 85 9208 200 1219.51 59429
58902 30 51 5280 200 179.25 85279
8826 8 91 4009 200 1090.88 28002
57866 31 95 4070 200 122.24 93269
11987 24 40 5613 201 820.55 33522
72445 35 19 7921 200 1463.24 90408
82548 45 91 5088 204 789.08 23590
40450 32 91 6433 200 986.54 13923
59964 43 96 9484 200 1037.77 60221
67314 7 57 5826 200 981.68 71423
53604 40 8 4942 403 1092.76 36923
35566 34 11 5291 200 901.90 92137
1121 13 78 3553 200 1381.76 54146
82960 27 65 7046 403 1885.35 8936
46947 37 16 6021 301 1797.72 80754
67734 35 79 9048 404 107.26 58171
52656 6 13 4592 400 56.42 9850
4915 37 7 9690 201 471.10 36953
72853 6 86 7323 200 531.38 86793
56360 9 56 9317 500 1744.11 27195
21657 40 86 2294 200 1565.10 84077
61162 2 19 3630 401 1628.10 77683
73327 17 17 6582 200 1014.59 78532
1618 13 40 7379 200 1972.54 42226
50103 23 64 454 200 1513.21 49539
31874 1 72 6086 403 474.37 56433
19100 48 61 1089 200 1216.31 93234
82002 47 99 2006 200 1401.50 64532
82230 28 71 6341 404 1492.87 46155
42930 31 47 3310 201 261.30 45832
39069 1 10 1741 200 1645.48 20587
24082 29 53 1490 200 723.32 95835
12413 43 5 785 302 695.81 6226
85955 41 31 2821 302 293.31 83530
20501 10 58 7095 200 1837.95 40116
7004 3 92 1993 404 193.82 97334
74032 50 18 6502 200 1012.83 87834
45719 8 52 7621 301 1086.32 71152
70035 36 65 1155 201 1137.15 59034
58964 44 9 2149 200 1921.52 50750
40919 39 26 7057 200 1182.78 95494
83732 48 16 6990 201 366.20 77424
10646 15 6 2879 404 720.30 80928
5444 29 61 9988 502 1310.56 64211
40139 44 16 7849 200 762.76 39905
66922 48 42 3420 200 1165.21 1648
52044 44 20 1009 200 1469.25 24404
74733 42 54 4704 200 590.63 34355
66858 17 89 2430 204 1800.91 13778
26532 40 19 4359 200 681.24 93092
44430 9 86 1443 201 1229.25 15954
41487 21 60 752 400 803.51 65844
29637 22 51 6795 200 667.87 80261
26231 32 42 7880 301 387.05 84527
4523 18 91 461 503 528.13 72449
10940 14 37 5425 503 1712.43 57513
26299 21 31 1178 200 1450.02 37178
52877 32 12 115 400 1480.37 81361
71740 18 85 5954 200 623.44 49291
1751 48 77 1907 404 517.80 70867
8875 42 44 2857 200 1943.84 55624
61977 41 84 2571 201 679.29 74308
45772 4 67 5674 200 36.22 56422
20388 42 29 7252 403 348.43 24315
19228 14 49 8983 200 784.86 97110
62542 7 91 1751 200 1172.43 61118
79275 16 26 7725 502 1886.91 63151
22981 7 23 4914 301 1158.68 20909
12096 36 17 2845 200 1758.62 90818
14038 41 7 9740 200 663.00 12396
2435 24 45 6274 403 460.51 26819
70619 26 24 6621 201 548.77 11556
68799 36 18 2178 200 717.29 36621
56444 19 24 7433 200 58.19 47217
79477 22 44 2339 200 859.08 21969
68101 11 72 5458 200 1146.41 96646
86126 18 86 9904 200 943.60 61047
30579 32 36 8782 204 456.20 99217
40480 31 81 4633 200 1993.13 54007
47652 8 71 4971 200 1883.51 94264
55128 9 86 2924 200 1584.64 69446
5360 45 9 5760 204 815.93 40687
58299 3 40 9575 502 559.43 880
63204 3 58 1926 200 42.97 49166
13472 21 79 2913 401 963.44 92163
56579 6 19 1632 200 1830.37 52689
67001 40 33 7690 200 1388.86 25756
81327 27 63 9419 201 1847.75 10580
33958 44 64 5167 200 114.96 61529
32899 36 91 8822 200 674.38 93124
34360 20 91 4282 201 926.41 11999
14567 47 2 2958 200 72.21 10725
23811 11 70 3703 401 539.25 91739
76209 6 6 713 403 1549.94 65912
22786 19 33 7820 200 98.77 6215
34172 25 86 1339 401 761.95 57257
45582 7 3 8407 400 1313.28 76701
40279 36 97 7371 200 1387.21 37243
15703 31 10 5755 200 614.04 71700
35165 41 58 9911 200 1930.34 76121
51943 27 82 677 200 1769.94 70392
65252 17 33 9243 200 636.74 96128
2692 13 28 91 200 718.58 49228
46577 24 80 778 200 1906.69 43042
9567 8 31 476 204 129.81 69970
63403 19 54 4521 200 1364.60 18381
64931 22 19 7996 200 298.25 65739
62539 7 19 4940 200 341.13 45429
376 43 33 7087 200 593.05 59819
75247 19 2 7051 400 1393.52 62224
80932 39 24 7257 301 1643.26 59529
55787 26 41 44 201 1865.66 87644
28907 14 97 3421 500 1157.45 39901
15462 25 67 6295 201 1073.90 74600
2079 11 26 8762 201 1778.69 29627
28497 45 7 3048 200 495.99 71552
23572 48 98 6910 404 906.59 83517
66670 29 85 6754 204 1332.86 62624
22876 36 41 2531 401 1900.70 48335
40196 43 71 4924 201 404.61 54757
68631 45 36 4490 200 1689.27 91609
58232 5 85 3332 500 1609.26 93445
78726 8 58 8097 401 1417.70 83964
11341 38 67 589 200 1115.00 41410
59132 23 14 823 404 1738.50 22078
86219 47 59 7159 400 1588.20 66787
30808 33 77 9013 403 1876.99 41734
75067 36 87 9008 200 531.32 60788
79427 20 95 566 301 657.08 28350
40416 25 69 9346 200 840.24 45115
78763 20 35 2398 200 222.98 80513
83903 50 58 3879 403 1976.85 54750
85003 27 44 356 502 551.48 31470
1398 25 8 2006 302 1073.08 4268
77593 19 82 6228 200 627.34 75077
36094 10 16 316 403 275.96 4747
76845 26 92 2479 200 848.40 36383
79068 43 73 8247 200 1165.62 97267
55296 39 1 6085 200 364.10 51783
59327 10 100 6110 401 1172.20 49560
68086 22 74 4104 201 734.42 14948
64694 3 88 631 500 1969.09 89602
8206 18 34 3094 302 610.09 49680
4576 32 38 5400 302 638.95 62993
11879 34 2 7338 404 865.70 30596
14379 10 32 9261 200 104.55 1410
75981 16 71 7799 301 1463.75 74170
70140 3 79 6763 204 1927.59 98362
83516 29 38 2028 200 1387.43 6739
79897 22 18 6899 201 859.88 91537
70685 14 80 3773 301 660.53 79668
75786 46 11 595 200 1976.72 28680
51774 6 52 657 400 329.39 43961
78963 7 37 4644 200 1461.60 24108
84123 29 47 5607 400 1515.87 13931
57947 49 45 1296 200 918.89 99022
56928 41 36 444 200 1144.18 36374
62335 10 56 3651 200 1039.38 18473
57740 3 80 5734 301 652.97 2058
53013 12 6 240 200 292.24 36870
50103 34 39 8318 403 345.16 21014
42015 35 74 3645 200 699.85 22894
19386 10 80 5901 400 638.96 69034
9046 14 72 665 200 1762.14 14857
30551 16 100 5927 200 42.30 77737
8372 47 30 8157 400 670.06 56110
5571 6 21 2117 200 135.39 72314
58003 42 47 2773 301 1725.01 14559
41421 16 43 7659 200 817.43 99319
26058 22 9 1760 200 471.17 78805
48492 33 13 5143 200 1285.82 15641
13424 9 42 5125 400 438.94 68537
5267 34 55 1491 200 86.78 74003
62163 48 96 1371 201 114.63 47610
17855 43 9 5520 200 1948.57 57756
71595 12 14 402 201 266.46 37253
29612 24 52 8346 301 119.44 66894
82737 1 15 6300 201 1623.92 18834
45935 9 36 8704 200 1309.50 53508
43551 45 73 5148 400 597.57 36402
38718 43 33 4681 200 1869.28 76453
68826 20 6 6502 400 646.15 16110
68905 12 34 6925 400 478.83 20070
22202 37 31 8876 200 171.40 10514
27109 34 66 7791 201 728.30 74457
37328 21 39 9997 200 1956.52 20888
17541 20 12 5441 204 936.90 81137
69995 18 77 9309 200 61.52 75135
25968 39 80 9565 200 536.03 25700
76805 3 78 3376 200 1374.36 62813
55812 8 95 5039 200 257.03 48210
1051 34 64 4955 404 1217.74 32351
3427 9 12 9417 200 668.57 15434
72564 3 65 5788 204 271.46 94626
40920 11 31 9891 403 1178.36 73353
57229 26 65 116 201 199.84 96152
56943 27 57 3784 400 1049.51 77646
1137 14 74 4993 200 1843.13 95671
46360 12 70 4578 200 1206.96 25997
32439 16 36 6877 201 749.78 79816
56516 29 17 9862 201 111.70 56439
4375 33 89 3073 200 165.65 61842
74044 25 60 9672 500 1967.69 44467
74861 39 91 127 200 342.40 70915
18223 49 77 5713 200 1195.20 88498
59320 13 23 9045 404 869.09 37473
8155 19 73 1331 500 1501.24 16452
107 27 77 5081 200 727.30 37024
7322 31 47 4528 400 851.49 76510
13293 10 98 6738 404 648.53 14401
77795 17 51 4421 200 900.47 3300
13578 2 56 5999 401 1503.34 87127
6866 10 96 2254 301 938.03 32977
43148 35 13 8600 200 1929.75 13624
22895 19 32 8105 201 218.19 28591
32208 7 25 7591 500 1201.83 43683
54822 22 77 9054 201 1132.82 36497
22629 32 61 4687 200 1405.79 99072
85939 45 66 7496 201 924.66 81062
15975 15 31 1268 200 1360.07 88240
86194 8 67 5084 204 1034.18 52643
76829 4 99 3994 301 1935.36 13119
36776 35 21 3727 400 811.54 85985
54225 11 77 4049 503 316.93 8914
58013 21 24 5458 200 1801.66 48910
78324 41 83 4264 503 872.22 39589
12906 12 41 3430 200 664.22 46065
39808 30 96 8449 401 1315.79 22963
70418 10 58 5190 301 89.62 97984
19100 8 46 4046 500 390.88 51165
72903 9 82 8945 200 1462.53 31601
67385 46 97 2341 201 1414.98 33554
23490 34 94 4634 200 1711.08 13660
4334 10 89 2450 400 178.78 49072
30291 19 92 9942 200 1180.84 95711
58897 13 94 9052 302 1481.30 11769
66091 19 51 1389 404 1499.49 36113
65451 21 66 8888 201 1734.02 33037
54153 7 60 7250 200 1404.52 50256
59811 30 46 6305 302 1312.81 32077
73317 36 30 1138 401 1522.25 48071
16097 14 72 3809 200 121.80 18974
40318 8 100 2365 200 1587.54 54824
63756 17 93 897 200 1563.93 69945
24107 14 15 3341 201 205.72 70377
55529 20 33 4982 200 19.00 17194
34180 47 59 5307 500 416.25 67071
52234 14 41 2557 200 1466.21 49502
8106 46 95 3772 200 1216.59 69370
53916 3 44 4844 200 324.79 73296
72350 6 80 2122 502 1453.20 10133
79060 43 31 3234 200 648.42 29539
26786 28 75 6275 200 1654.53 65796
71960 26 86 286 200 768.10 38206
64778 42 92 4903 200 1015.18 22456
12255 41 70 8460 200 1421.94 95656
63224 39 18 7871 204 1678.51 2704
65591 21 60 1550 201 1685.99 94345
45338 21 4 5284 200 1080.67 32865
52808 29 100 1637 400 1721.58 34904
76829 50 31 4555 403 433.42 76300
43704 7 97 7628 200 1711.24 79802
63843 9 38 7217 204 184.01 96703
9776 39 11 9907 200 548.80 46827
64045 18 93 5506 302 1369.76 25699
44541 43 47 7672 200 5.02 33152
47926 13 24 7434 200 1694.15 67893
28329 43 71 5358 200 1539.32 34389
22912 41 90 9671 200 1649.85 9246
60453 3 97 3633 502 1966.99 71357
17458 27 15 165 200 1843.59 75984
80012 23 80 7799 400 1157.04 1119
72015 15 20 307 200 438.46 24555
43507 1 85 9120 204 890.43 92826
62703 26 34 8891 200 555.17 64131
79178 39 39 4692 400 1853.89 66318
64281 50 31 256 404 8.85 44965
31469 35 17 4656 200 118.14 55394
82276 15 62 1337 400 435.62 52317
19325 39 28 1268 404 1181.48 1858
63786 13 4 4310 200 1768.46 94966
68058 10 63 7071 200 396.17 84380
29254 30 80 7845 400 1143.90 91686
26972 5 75 8299 200 1731.91 80475
7714 42 83 4730 200 200.35 2981
64226 7 89 4458 401 1547.57 93497
20329 50 16 4334 201 1554.68 9233
63624 28 97 889 200 254.46 69225
6941 45 20 8742 502 1024.64 64563
71778 3 43 809 200 1744.25 81843
54311 50 74 2564 200 1631.27 3892
53588 25 96 5743 404 1764.30 49295
36692 5 43 2618 200 449.04 92575
9170 8 96 9688 201 913.76 89872
15088 34 67 6181 302 1657.82 26525
75831 4 65 5194 200 1416.02 27801
62512 45 34 5415 404 81.30 72745
34345 1 95 1517 200 1546.10 95396
5734 45 19 5637 204 1739.36 76237
67037 29 64 9007 200 543.51 97552
63180 3 68 1390 200 770.37 79397
67628 2 17 7177 200 1895.75 42950
46502 14 4 5794 200 300.21 73065
64437 16 19 5753 201 47.67 9420
15451 22 56 231 200 1398.26 77290
7784 25 89 3100 200 1222.72 99075
57565 15 67 842 200 817.64 90551
54415 18 34 2108 400 354.59 35081
21924 37 11 9405 200 612.90 6509
40031 44 50 5137 201 743.20 66760
57874 33 44 5779 200 954.46 67218
30778 25 50 7823 200 223.91 1496
10051 22 95 8207 400 1027.27 24746
21580 22 47 6550 200 1474.76 64454
59608 35 55 4915 200 1626.09 43651
42762 5 100 3079 404 1149.49 68290
64169 3 58 2506 200 1479.23 75564
42702 7 3 8170 201 9.55 92192
44909 25 40 7090 200 1522.19 89961
62290 39 91 8468 404 1825.35 67948
9904 5 46 4107 500 872.43 92433
85139 10 6 6398 204 321.55 50104
20608 49 47 1297 404 1382.79 48506
22377 26 91 1345 201 99.91 38945
76165 43 35 6367 200 1299.68 76641
16532 16 42 2278 200 49.43 21267
79380 27 39 4816 201 496.13 8143
59198 34 71 2709 200 513.87 64438
79149 36 50 2774 200 1730.89 52343
71057 18 13 3212 200 818.60 65246
57026 44 23 1403 200 195.35 48073
33661 5 2 227 500 1620.96 84996
59975 3 87 2275 200 774.00 84750
69368 20 39 5528 400 170.51 8041
74187 39 16 4449 302 1364.89 32746
11695 4 15 8860 200 1260.47 37865
55639 4 29 121 200 19.44 60827
19878 24 42 2455 200 1474.43 89655
79170 30 11 9345 200 1354.61 1600
17685 26 62 5162 200 1326.39 93161
81643 28 46 9270 200 656.24 47347
34616 3 71 7418 200 449.76 2641
81930 36 78 3304 200 1021.28 83597
43637 31 14 9816 500 1945.96 40940
82233 16 1 1486 200 1940.50 70533
81518 50 49 394 201 1470.17 6978
21890 6 23 9162 204 1686.52 65710
77610 26 45 301 502 1312.44 6750
44536 10 28 4106 200 334.30 70280
38519 35 35 928 404 974.46 64484
33950 47 96 1079 200 1705.76 65549
43752 9 77 9912 200 790.17 92393
79455 32 53 1059 404 1585.18 23626
64876 9 4 686 404 401.53 22316
26590 29 29 2650 301 1216.53 95417
9344 17 66 4077 400 865.24 59747
80010 18 51 4597 200 708.91 42636
2497 12 99 1778 503 1506.22 38433
35308 27 83 3802 200 928.43 74365
23845 38 19 5002 200 154.97 15367
68148 2 83 2469 502 1657.69 71977
51483 45 93 1504 200 928.76 29701
25718 13 73 6381 200 1253.10 94161
26351 26 62 5226 204 537.39 91223
33122 45 56 9708 302 1365.76 33378
48298 1 13 9817 200 1877.05 89027
47463 9 61 9229 201 1431.42 69929
9525 27 27 6725 403 369.27 29722
53011 10 6 1291 200 1285.01 7186
39343 30 56 2201 200 260.14 78432
21484 2 83 3836 200 1584.42 4969
63700 40 91 6991 200 1458.60 18530
61910 19 46 5223 200 1430.03 33621
46940 24 83 8952 200 807.97 99871
52566 46 76 7779 401 1147.91 68773
16429 23 68 5241 201 1463.71 54176
71827 14 65 6837 502 355.25 13874
28166 48 55 4619 201 1502.40 33765
5910 44 86 435 200 1524.64 2296
82355 27 99 543 201 1437.18 3638
10527 38 70 6428 200 1015.13 53406
11193 17 88 3320 404 906.29 15961
35057 11 4 9920 400 1923.98 76123
25561 12 17 4131 200 1908.48 17577
51677 37 76 3618 200 664.63 94939
48700 2 73 9754 404 766.51 13980
72323 46 74 9288 301 36.25 64892
46403 2 63 8483 502 1324.58 85776
44294 4 73 9533 204 1601.97 71926
35181 8 32 1401 302 864.13 35771
76827 43 32 380 200 251.11 68456
34825 28 100 6834 201 1385.57 91515
3796 45 37 323 400 1311.28 23486
66333 10 50 9732 200 462.69 23514
72133 20 42 4498 500 1120.45 41712
3897 17 41 2864 404 324.25 59960
15643 32 58 7133 400 1270.47 80675
20493 46 88 7906 200 1959.96 99657
31378 41 17 8292 502 303.12 8418
43003 32 59 8581 200 1386.55 76266
34552 37 42 9972 200 1471.18 36164
47641 42 32 9630 500 327.09 59586
1226 42 44 5454 200 675.76 78365
32965 30 98 264 401 355.11 98049
4804 50 86 4766 502 791.80 38716
2271 5 23 6381 200 1732.32 54645
30913 4 50 2864 200 1719.20 67710
51068 37 91 2429 201 1635.24 51037
32824 32 14 5764 200 1692.07 839
55687 18 81 6075 502 817.69 65052
14080 10 54 5834 301 1994.47 59082
2638 46 10 8353 200 1531.99 82177
19860 43 30 7370 404 646.40 16946
7616 4 6 2932 201 1753.91 69892
10267 17 42 3800 502 128.55 78867
66850 41 31 2213 200 289.98 33158
40085 37 25 7077 201 1554.97 21168
50201 38 29 1504 401 1123.33 1371
71888 46 1 5457 404 1765.59 95016
38445 36 51 3202 200 1723.12 89526
78005 40 90 1266 204 1991.82 57320
51455 2 79 868 204 802.93 37248
49015 37 24 5000 201 1426.10 46135
67182 24 28 1777 404 1052.12 50803
74890 18 27 5684 200 1019.99 9477
31794 8 54 789 404 1822.97 90421
80988 10 96 6814 500 1077.80 13170
75722 7 13 7728 403 1569.64 911
72107 23 28 3691 301 1876.72 99530
7412 48 33 5985 200 517.93 77504
31429 23 88 272 302 1769.77 35004
44401 47 59 5039 204 775.06 23593
16288 22 23 9282 201 385.00 49359
22990 18 39 8079 301 82.71 39305
30304 29 69 2419 200 49.80 86626
21708 3 10 7258 200 1364.48 71658
53328 31 51 8526 200 1770.22 88967
34494 15 41 3482 204 1932.96 97553
32104 7 4 3409 200 150.28 80119
13155 37 5 9647 400 597.96 34010
55415 7 68 6457 503 465.42 19213
24155 8 98 5891 200 1312.36 24041
69446 47 44 9816 401 630.25 57000
34861 11 25 3432 201 310.64 41945
52922 33 100 1656 200 1263.37 33241
33299 47 36 8716 200 707.48 88946
61384 49 32 7193 201 539.30 43486
86339 13 59 2169 200 1262.05 84541
53088 1 19 2203 301 1790.40 2645
59213 11 42 6921 200 108.77 74150
53370 31 52 2915 500 1104.21 95999
68298 3 22 390 503 1290.05 5105
61808 26 10 4818 400 564.51 42777
18927 6 93 4464 201 1.67 19384
9870 50 38 1957 204 840.84 23256
76516 22 76 7149 200 1476.18 87992
73877 23 66 9316 200 1388.75 66041
5986 49 75 9519 200 1232.25 11953
76966 8 84 1858 200 1784.05 13796
31817 25 73 7229 502 1723.77 48241
17646 49 72 8463 200 1550.51 66614
16678 14 57 2344 200 102.03 22663
74170 36 5 4901 400 1031.08 88778
7472 17 74 1918 302 638.82 57242
28803 38 74 7521 200 329.28 56186
6124 27 32 2648 403 1145.93 43156
13436 37 21 6934 200 117.96 93937
47175 34 71 5062 200 1346.06 89648
84865 20 48 6895 201 106.90 26999
6772 29 3 9469 200 611.48 17358
41574 31 92 2889 401 1596.99 16397
66996 23 53 8007 200 1025.53 18691
52100 15 46 1840 301 1372.79 56589
56377 37 42 6361 503 913.16 50823
36717 21 37 5889 200 265.97 98066
35037 44 23 3167 200 207.96 53123
75775 25 38 6895 502 225.28 40869
72017 41 59 4303 302 862.94 48288
33934 35 100 2427 201 1369.66 25856
38771 2 87 7066 200 1642.69 97296
31438 4 38 34 200 1202.59 88502
54363 30 48 2407 201 9.00 85230
26991 44 21 6739 301 1195.77 29081
17532 17 43 33 200 622.94 1956
19211 48 12 8449 200 1233.30 68364
79768 25 10 9089 200 690.52 41080
71140 42 63 3807 200 132.61 17077
3693 49 41 9456 200 1965.78 64683
3096 35 67 2553 204 1370.05 57796
40315 16 34 6669 201 785.79 42742
15709 20 61 4643 200 1106.77 61092
28399 26 13 3883 200 1979.09 40238
64771 6 44 243 401 1832.58 65966
17943 24 54 6862 200 821.87 43720
74654 14 33 7004 200 107.09 24244
66327 24 67 7975 400 349.76 49792
20449 22 58 3929 200 1057.50 48711
59780 30 72 2511 200 797.73 37432
7087 27 53 4534 404 1393.03 11361
77644 5 71 8479 200 1966.94 96360
30959 8 33 525 201 1967.00 58630
36081 25 22 3111 200 641.69 31586
36819 36 35 9752 404 583.88 35149
28229 22 38 40 200 512.38 76221
4851 19 92 8799 500 49.84 82752
85407 9 72 8504 200 1178.49 51900
59242 17 91 6227 200 1242.62 57270
23789 11 2 6891 200 1114.94 42714
55953 4 90 8934 204 232.31 16836
44144 8 50 5248 201 1265.05 80853
64426 38 30 2030 404 685.74 21978
81778 4 8 7471 201 477.13 24840
48059 39 36 6269 200 1217.13 3078
42463 50 20 743 301 875.07 29321
21541 28 68 3166 400 1860.73 25136
31002 19 81 6327 200 946.02 93849
77263 26 69 4675 301 523.21 93664
28062 10 94 5319 200 1708.60 27184
62299 28 81 9714 200 321.79 4967
44140 15 39 3992 204 1595.61 99074
30223 29 48 7747 403 1402.26 21791
3815 30 16 4361 500 714.70 30669
65625 20 59 2411 200 1060.20 20395
23614 8 80 3294 201 1205.12 95481
50783 36 12 7337 500 418.93 90316
85930 46 78 7682 302 230.79 54624
7317 33 85 6204 302 165.68 84795
30728 32 44 1795 200 13.75 13979
61402 19 49 4935 200 1892.97 10405
66117 9 74 5018 500 495.25 53020
71330 50 32 7477 201 1701.77 4819
13400 34 2 432 401 1658.98 11631
77186 38 19 2706 204 1834.90 27236
27343 31 22 5138 200 1478.80 6316
69447 5 97 4321 200 1413.42 19307
75189 10 79 3211 503 185.43 71006
22409 19 9 857 403 677.09 50880
18856 22 88 1741 200 1252.59 35545
33447 29 6 7335 200 1187.09 59146
82324 45 27 4022 401 1829.59 26988
15039 38 90 2388 400 1595.04 80841
21358 46 72 6842 200 1046.46 16853
49475 5 29 5754 502 1646.08 21104
37656 6 54 3786 301 463.60 48260
66488 24 14 5220 502 1208.19 13617
52338 30 13 7990 201 1023.42 87733
72429 21 99 5022 201 388.99 8157
59572 3 91 2809 502 1104.84 73849
23178 14 14 6239 301 644.50 30739
70428 43 55 6045 200 843.60 86872
80199 2 91 2436 200 884.72 15538
76892 27 47 7500 200 1516.23 34023
57777 45 73 4259 400 474.05 34323
81976 35 58 8076 200 1693.75 49317
4998 46 1 8771 200 608.09 52404
38303 3 18 9972 400 1676.17 34729
18398 34 11 4821 400 1922.45 63815
10069 32 71 7571 200 1323.38 3383
33878 7 7 3198 200 1799.27 89604
64092 15 98 1904 200 1895.45 32833
59085 16 96 3265 301 1062.09 11357
33300 25 15 269 200 467.63 10836
57512 40 51 1125 302 771.93 12607
6339 38 82 7121 200 1213.18 89480
43485 3 7 2019 400 1419.05 10043
24993 26 7 8494 200 522.16 19652
76964 26 31 9103 200 1531.84 78884
49461 50 43 8032 301 1791.03 22998
78256 8 98 9129 301 876.53 71010
49529 4 75 3180 200 1899.94 42742
29268 15 72 6397 200 1189.60 56179
36286 34 16 8816 200 591.97 79949
59818 25 4 1653 200 1572.80 66966
35671 15 70 5996 502 1586.69 79636
28762 5 48 5249 200 135.06 29043
43453 19 50 5644 500 1895.76 72807
6056 21 62 6317 201 843.70 11858
51599 48 95 8644 200 1564.48 5440
54941 16 50 2882 204 263.32 88458
76235 39 83 5754 401 1973.86 93303
25935 42 12 4994 302 1134.29 11759
50798 22 34 623 400 1897.47 35799
43113 35 41 9533 502 1111.89 89170
52412 20 19 5595 201 1232.34 28540
81399 34 96 3104 200 1663.91 33418
26812 25 7 9055 201 1954.89 17884
85004 39 60 3217 401 348.52 84987
42584 33 69 8452 200 1270.01 92491
18707 12 12 4938 404 156.71 24430
4828 20 24 9733 404 32.15 19105
84655 23 37 6136 200 602.08 91178
53011 45 95 2818 204 788.02 36744
45407 14 56 4543 401 913.14 20913
73157 31 99 7590 200 1955.38 15044
4944 20 59 1311 404 47.27 22534
27284 46 19 5446 200 831.58 91213
76737 49 37 4971 200 388.26 53198
19260 8 71 8251 400 1060.66 60854
2237 33 49 6653 200 1612.08 85658
46105 39 11 2420 503 1806.52 6097
45677 20 54 4876 200 1735.55 53716
24550 38 79 2351 404 1063.30 19295
52142 12 9 474 200 691.54 41450
71984 39 37 2824 200 1165.65 78509
53137 49 13 2399 404 1244.03 8055
70614 45 66 3993 301 372.04 7096
71186 27 19 9904 400 655.36 83768
71470 43 77 3721 200 1547.36 11904
75903 44 63 8366 200 571.11 15273
68503 9 94 6699 200 313.47 24343
25248 27 54 2336 401 774.54 91739
72031 16 39 2215 301 1706.95 44069
54629 31 26 703 500 1147.64 38181
43875 31 84 7007 201 1840.57 92734
54261 4 88 1133 201 708.78 53277
40109 5 33 2302 400 1323.29 59389
14387 50 44 7869 200 529.43 11006
29021 33 85 6071 200 557.19 90502
34902 32 81 2269 200 1725.37 75008
77221 8 26 991 404 1674.51 77124
58866 41 61 5184 404 652.58 66799
13536 46 71 4370 200 542.21 8207
2048 43 53 2933 301 81.22 89759
52668 32 72 4815 503 894.88 53810
79214 42 77 3236 200 558.59 38495
82005 7 36 3568 404 1505.52 69958
23983 7 37 9850 204 1002.06 50354
33023 35 90 4673 200 1041.63 12329
30768 38 30 5956 204 437.72 88674
56261 37 77 6679 200 4.66 34944
29423 38 82 338 201 1939.08 20553
84779 46 29 9232 200 1448.59 87348
6500 29 60 3852 200 1893.59 511
45811 48 29 8293 200 1199.15 60221
20122 47 27 8567 200 1653.17 60189
36556 21 26 1909 200 1881.04 32440
67531 50 14 1340 400 1871.69 27769
44219 17 1 1264 200 1346.61 41677
23514 40 1 4388 200 1114.02 56679
50258 35 86 618 200 533.46 56637
81905 16 36 2952 200 1245.76 26614
19942 9 93 6499 403 625.80 4735
49921 18 74 229 200 1724.15 22995
3163 45 44 8245 200 448.67 83902
66456 32 49 7368 200 1888.85 95276
61280 40 43 1975 201 227.08 57683
31228 36 66 4171 200 1447.40 24553
52516 37 51 3596 401 274.24 79415
31275 48 47 8912 200 812.61 44536
69846 50 60 1932 400 1104.03 53649
35737 26 64 421 200 15.83 86494
78904 5 41 6531 200 774.04 60964
49336 31 48 2966 403 332.49 61870
4592 26 20 3234 200 1549.16 67085
69095 11 22 6767 200 295.26 88469
43962 39 93 746 403 74.67 65083
21876 34 92 6251 204 295.09 45809
46979 17 39 8816 301 591.72 12926
40020 18 89 635 502 237.94 73283
22336 2 90 6047 301 41.73 38485
72909 6 93 2003 200 877.02 66585
69693 30 59 8432 200 1581.92 34455
27174 43 79 879 403 967.90 38214
72329 12 32 1006 200 1560.36 78522
76153 12 93 9729 200 137.94 6976
51451 40 73 7833 200 1324.36 2626
39096 31 91 2897 200 977.45 10581
5573 3 49 9736 200 773.01 64603
56157 10 89 2062 200 358.72 52177
56783 24 100 3069 404 1498.90 41052
74141 16 17 9111 502 994.06 61231
25073 9 78 9958 201 1680.28 81914
12904 7 67 9769 503 1873.50 28937
42857 7 25 2960 200 1420.20 20674
15432 22 11 6639 200 667.50 62876
1537 36 75 8893 200 1057.69 96478
31626 2 1 5900 400 1576.00 3740
2962 1 91 7279 301 812.30 48260
57162 3 96 5620 200 1545.84 18704
34895 37 69 3532 503 1429.58 14057
31741 3 15 5414 401 1221.21 90561
49676 23 69 2927 201 274.81 31496
48518 36 6 1617 200 1192.80 52125
81422 35 61 445 200 888.63 49794
39725 36 98 8242 200 672.92 40260
19330 26 46 7624 200 1527.41 37509
6076 44 49 5154 201 1721.74 77115
42381 9 69 7993 200 1369.59 40497
79264 25 41 9658 502 1702.54 16245
27267 32 97 9233 301 392.17 70198
13157 1 26 1462 401 1291.50 79802
31466 18 51 9361 403 1817.73 39875
25444 7 58 2938 502 875.29 60748
40767 41 50 936 200 411.06 69399
68977 20 94 291 500 1898.31 91460
82007 18 95 7127 200 889.33 84467
43485 31 76 1344 200 1942.62 30366
30338 28 87 8761 403 116.83 35160
75942 3 10 1191 200 1675.79 8243
5477 3 30 3300 302 1043.99 62069
36029 33 82 3744 200 1440.92 46027
70080 1 14 1722 400 1506.59 16894
84007 37 20 5381 200 620.69 18560
83519 27 85 9753 201 1045.85 62419
58178 19 8 778 200 1188.37 17202
24809 32 85 5963 200 534.60 12578
33777 21 25 397 200 802.07 47139
41313 34 55 9565 301 1164.61 50950
73229 16 64 8303 201 665.21 73363
81850 37 85 9871 204 1799.19 37885
4715 15 57 6634 503 1253.80 15572
76171 18 33 7923 200 1201.08 75712
11718 50 44 7748 200 1062.60 3498
77804 22 56 5777 200 1083.99 51680
82374 5 32 7438 200 810.43 51580
69519 1 47 6159 503 584.72 95769
54502 11 1 383 404 1504.65 53077
20043 28 99 1770 400 1111.38 50553
23344 24 94 4492 200 1067.87 38185
39100 27 4 2916 200 31.32 86758
63058 30 72 7637 502 1288.43 90138
84897 28 32 6849 200 1692.84 47133
70538 45 3 5600 200 1485.53 18220
43704 18 17 3311 200 84.73 84279
24107 30 30 3771 200 939.83 44777
64980 20 37 1207 503 1651.82 82174
46735 32 48 1368 200 207.34 5123
53248 21 12 9840 200 1055.88 36698
736 23 13 7117 500 1788.29 90579
4975 21 17 2081 201 1590.15 13408
1677 26 51 7809 200 1742.70 90290
4576 14 79 1707 201 350.89 72122
58726 40 50 9340 200 1372.35 67354
52066 28 53 3744 200 1415.33 28283
70300 27 13 1783 404 1295.54 35056
41289 40 82 996 200 4.20 374
32226 19 30 1388 301 958.57 8538
26071 38 47 6755 200 31.91 5491
9950 44 25 5114 204 605.91 91849
83523 40 29 2872 403 234.33 88122
3120 27 61 9904 302 418.19 68753
35043 43 34 3222 200 1068.17 58468
56435 2 21 8775 200 1994.15 62554
82442 46 95 9073 200 291.01 53310
65832 12 96 2597 204 82.63 68380
83761 12 92 9980 200 1863.44 46666
37221 45 93 6887 200 894.24 95106
37062 33 96 6776 200 948.97 88075
76616 45 25 8718 201 1319.83 22376
48674 15 7 4276 200 1826.83 32566
63880 47 37 3041 500 501.02 42480
27178 12 63 4302 404 138.14 88224
31826 3 97 9222 200 1768.59 37546
34634 10 84 150 200 344.51 91814
2195 13 34 2442 401 212.64 81910
19184 45 51 5492 500 12.29 54812
11579 36 30 8606 500 1569.50 61852
56404 20 44 6659 200 916.29 99275
43852 37 11 168 200 1229.68 53517
59588 17 72 4373 502 770.44 94227
8940 35 47 2369 200 1843.93 33301
76679 20 41 4638 200 1334.18 28463
81623 32 92 5842 204 1434.85 82600
1644 42 11 8296 200 51.84 7624
84948 33 96 8154 400 1634.26 77078
57530 26 74 3894 201 1032.09 18398
85865 11 50 2890 502 1976.59 7233
68679 5 63 6599 200 1315.40 69593
12495 48 40 3166 200 1709.59 8921
12947 49 95 3951 404 1942.37 33746
78586 36 46 4829 204 1009.24 9573
83559 44 70 312 502 1344.60 29474
36254 19 15 1022 404 572.94 71142
22370 21 93 663 200 630.73 76956
749 46 1 786 401 1095.29 62442
57818 12 50 6028 204 1045.62 76295
45045 2 37 4554 200 1647.32 34599
27100 30 46 8563 200 1419.76 48167
70142 40 22 736 200 1103.52 90183
81828 9 8 3372 204 1811.46 64152
22092 20 77 8256 200 393.63 47999
25922 25 63 3047 400 1851.94 94387
61912 18 98 7132 201 446.29 89397
73114 45 82 1072 200 1670.95 25857
11105 35 27 3091 403 435.55 79735
1279 39 27 3427 301 227.06 20450
85732 39 49 2414 302 1157.36 196
85212 49 100 3592 200 290.98 38707
74147 38 88 9567 200 1076.29 91843
18835 7 56 6210 204 1739.59 55141
49477 49 44 5522 403 640.32 26345
37852 5 48 9754 302 25.18 59892
60853 30 41 6365 200 632.35 71058
52844 32 14 121 404 280.09 7353
57334 13 78 196 200 1310.30 97521
5279 12 44 6279 401 1878.53 30613
52186 47 26 3297 200 1988.12 2326
75170 46 47 5754 200 1159.88 19529
12529 11 4 4696 404 20.98 75591
67608 31 6 2094 400 816.68 68708
44129 3 90 4187 201 133.03 96180
11672 23 67 5608 201 482.18 53571
63670 46 73 156 204 148.23 99895
557 30 16 1811 200 1235.97 28250
11890 32 4 4112 200 1028.98 31029
68901 3 84 4863 200 796.16 79367
23671 11 18 7385 500 28.47 26696
38047 17 65 3293 200 1687.17 97222
34743 31 81 1644 200 1566.75 18612
6886 2 15 1584 200 1017.50 68721
38874 20 72 7739 502 542.92 33314
60742 32 93 437 200 855.08 22455
70100 27 68 5626 302 1993.65 22750
2906 22 7 5868 200 765.65 13721
50452 32 39 3247 200 432.11 32467
74832 44 59 7757 200 306.12 12478
30039 9 42 9891 302 99.51 86773
60807 26 42 8857 302 1417.07 84007
44824 4 85 2899 200 322.65 63714
43907 22 2 9822 404 1544.27 31122
23665 19 98 4732 201 1617.61 92189
16443 9 88 1391 201 114.37 8771
57368 2 25 5941 404 1169.30 46649
18423 9 10 416 200 1519.29 17336
75531 2 10 4083 201 1412.30 37526
69979 47 62 3521 200 419.58 98420
82946 46 46 8717 200 1501.83 25367
73535 41 68 285 301 1188.95 45137
12465 7 17 1098 204 875.98 26647
8163 3 75 7665 404 1639.87 20306
40265 35 54 108 200 798.24 82319
72165 40 40 7774 200 1729.15 49943
80026 48 33 9411 200 371.11 18014
14116 45 79 3380 201 1189.84 53842
44495 13 16 924 200 549.14 75176
44159 40 98 1452 500 976.03 93206
54335 44 65 3943 301 176.63 75201
61563 30 98 1187 302 1405.82 18813
47389 32 10 5905 301 53.14 47812
47409 46 60 23 200 1599.92 27694
851 36 2 6063 403 592.02 77674
78803 39 75 3611 404 26.66 25773
26973 48 34 3104 200 379.99 58630
69712 27 28 3195 400 1429.87 43430
24252 21 33 5038 401 1638.75 75304
68974 3 11 1506 200 1650.85 12560
3802 48 67 8194 201 1750.07 91281
85481 25 62 8046 302 1591.47 23291
66249 9 21 7596 200 271.01 34419
27205 49 36 5832 200 1315.86 53133
70488 49 40 9032 201 1811.45 95622
34932 32 24 1885 200 1819.59 50157
1171 33 55 6861 200 109.03 30767
46023 11 20 7924 200 691.62 58618
39140 16 91 6399 401 1996.14 4022
72441 29 56 8871 200 496.30 93773
64644 11 61 2560 200 1473.71 17678
35127 15 7 2069 502 38.20 33176
54091 18 52 2903 200 674.75 67050
47342 50 78 1687 200 279.66 52922
23266 43 42 683 200 1112.78 91534
55219 24 22 6471 200 312.87 92338
75121 9 11 7514 200 1131.02 86128
47683 36 39 2817 201 27.13 52066
41059 11 9 7435 200 1663.28 95553
72411 27 84 9133 200 1275.67 1535
26521 43 44 7230 201 1461.45 24724
8149 48 53 6888 502 1125.17 85727
83009 37 90 9338 200 1801.86 24382
28100 29 74 8029 400 1453.77 36170
32423 1 14 9971 200 1086.08 14838
68304 12 21 4246 200 426.17 16104
12940 39 96 2994 200 1117.02 11568
35451 44 93 5995 403 1734.83 35991
51526 17 92 2676 201 1610.15 41667
26849 46 20 8242 200 1153.20 70158
77486 26 80 4964 200 1809.44 36809
7818 26 87 2327 200 1075.54 72904
16531 6 26 8316 301 65.57 36219
11551 12 64 5074 200 1846.89 72053
25442 33 89 7663 201 522.32 24782
78829 9 2 8495 200 1492.64 42773
29772 2 75 660 204 1929.76 36045
47681 19 51 9814 404 91.14 2196
49546 14 19 4492 200 175.61 55979
62012 34 90 9371 403 492.26 5372
49474 38 96 1101 301 1558.95 75515
62715 17 96 7293 200 856.78 26248
76890 47 2 1796 404 626.01 19939
11246 42 83 6965 200 989.43 26305
40340 45 15 6915 301 731.27 76218
5132 10 84 3151 200 287.82 60076
76307 25 11 1987 200 247.37 64626
74564 6 4 9718 200 1532.93 11121
3011 29 63 800 204 1701.40 64351
4138 31 80 7984 404 1020.70 17692
42361 46 63 1107 404 1088.94 50514
3374 30 47 9884 201 449.15 48930
50802 44 82 1204 404 1693.04 88833
61195 17 82 5076 400 529.64 56104
32104 18 84 5689 200 881.12 99599
24259 13 13 9005 200 1419.89 38170
19016 38 31 1752 200 230.60 67351
11976 9 62 934 200 1248.77 47495
21422 44 31 1743 200 1304.34 44746
4622 48 98 3970 200 1476.67 43056
67306 29 77 907 500 1251.66 98228
15895 48 57 8522 200 1741.93 63089
19080 33 80 5837 200 1207.26 61492
4882 5 61 8954 201 1312.84 89559
24495 43 88 9807 502 1544.87 53475
82635 36 87 6951 200 771.13 5000
48577 42 93 4897 401 626.52 33770
34357 27 71 8700 200 1421.26 86162
25445 40 21 3156 200 93.88 91235
1359 4 48 5219 200 1517.62 84693
57490 29 30 6337 200 1657.49 67458
74993 1 53 6279 401 1181.95 73160
36695 37 59 1054 200 134.63 96709
750 9 16 6231 200 420.70 97019
57824 30 92 2373 200 438.97 32005
85015 20 85 1537 204 1193.24 72135
38212 5 48 6707 204 438.36 37489
65530 45 9 6677 200 640.49 96878
68073 38 11 1589 200 321.96 55214
66236 15 6 9865 404 1856.97 67696
15964 11 85 3601 200 1209.64 21828
57772 36 56 9143 200 467.49 8231
9021 24 27 7756 200 1410.97 27952
70823 32 67 4796 200 1021.21 34277
14512 12 64 9627 301 594.64 17853
80326 50 75 8237 200 852.98 20023
22394 49 77 5173 404 693.65 1938
74377 7 6 3650 200 1202.65 36384
4391 39 86 7523 404 615.20 48431
40221 23 87 7249 200 66.84 84589
23650 3 47 7821 200 572.96 18222
42613 37 45 9369 200 1442.17 33220
39686 9 69 7685 200 1012.18 28953
55702 40 91 2347 200 1950.79 83873
66194 50 32 4725 502 1095.11 26713
39711 36 34 5701 200 1382.06 10583
34427 2 3 2924 200 1104.60 85677
25293 21 99 223 204 1482.65 10417
25422 14 48 484 201 1502.38 35172
16909 32 37 1801 200 1849.92 78019
20666 4 32 3649 502 784.66 78167
45464 3 36 6931 201 951.63 99752
59750 39 20 4044 200 714.11 36629
85154 31 71 2165 204 57.41 52097
29478 50 75 5231 200 45.17 53987
30646 27 92 4215 200 1406.75 72970
21804 28 92 5907 201 1414.39 29145
36190 41 67 1137 400 774.50 83617
40607 46 17 5391 200 1854.02 58813
60658 32 42 2551 200 1660.76 46588
65772 45 34 1611 200 6.45 88895
27129 1 15 8135 200 1437.04 22797
32089 17 61 316 204 1138.03 51328
8383 37 60 4764 200 26.80 366
57137 40 85 3537 200 592.67 47166
27798 12 53 9892 200 833.11 24666
58849 17 88 3084 200 1999.31 56942
67214 31 98 701 301 1056.60 39036
71507 25 23 4169 401 930.54 70417
25541 40 78 7820 200 557.89 66815
22471 3 94 5295 200 59.35 29029
52956 44 31 8471 404 777.67 14025
55412 37 28 5146 200 1303.53 22422
52658 31 52 9043 200 1836.11 99053
29841 26 43 1159 200 365.48 25993
51592 35 70 7582 401 683.24 46918
66064 5 64 6822 401 1924.80 99233
12856 38 54 7763 200 995.30 62765
45648 8 5 4364 301 1400.87 42669
74569 10 19 5134 200 1032.46 98379
51345 43 36 6603 400 146.31 87831
3583 48 11 13 403 1012.70 21623
39865 44 24 4458 301 1306.09 21158
27635 9 25 2419 201 1860.67 58669
49583 13 25 8179 200 1398.67 4752
37938 26 74 1261 403 1098.38 44253
72974 8 96 8064 200 151.55 94488
62126 40 30 7777 200 359.85 48362
84254 15 22 7164 404 1.61 91345
59430 24 77 9206 200 453.83 9019
42785 38 62 8475 200 1633.10 21884
66664 14 35 6732 200 160.43 93188
11936 28 38 6204 301 1123.18 6158
74024 21 61 6689 201 558.33 17195
59451 46 64 6817 301 1970.98 54764
6497 33 43 9620 200 1530.11 80701
10067 49 89 4546 400 1834.19 14330
59039 2 25 7015 200 254.81 98758
16200 33 10 8870 200 492.91 26683
82329 23 14 8442 500 975.46 59000
48967 31 26 2920 500 1830.28 49265
33874 16 44 5821 500 1776.08 38292
66462 21 28 3481 200 916.82 18213
59308 31 75 4390 200 909.63 76488
77756 1 9 4771 401 1260.46 94294
40959 23 65 5001 502 917.44 79999
43506 50 34 7056 201 75.93 65544
32355 35 57 66 401 985.34 96011
44992 14 97 7446 200 972.49 57521
69336 36 30 4179 200 1092.71 52927
32395 40 23 9684 200 1183.79 84748
58862 24 99 5568 503 1903.06 52227
23474 9 87 3842 201 1450.68 57621
54898 49 72 9744 200 1542.70 14459
69365 9 37 1629 404 152.99 22866
69250 39 24 2628 200 380.85 58636
62145 11 46 2841 500 854.86 15810
50715 45 46 4652 200 254.25 68651
14511 36 93 2749 400 1709.22 8143
79546 33 17 9216 200 1158.70 19934
81235 1 72 8709 200 829.58 8668
38563 44 85 6217 502 40.49 61733
36554 27 11 3257 200 1248.49 32947
38611 41 92 1607 200 1843.24 41731
86294 40 26 4249 200 1724.20 41412
51566 44 60 7862 403 1600.71 31375
20309 2 56 8106 200 1443.92 15480
7112 16 38 8577 404 1220.70 65349
43050 9 72 3717 500 885.34 19090
69340 23 93 9183 404 991.20 31809
11647 49 82 8124 403 31.33 46306
82446 11 78 240 201 322.93 23333
16168 49 44 5007 200 1680.04 13279
7546 48 42 1317 200 610.43 30838
74852 11 42 1730 204 1838.87 72223
43965 36 30 4178 200 743.90 97153
50966 18 71 2910 204 1550.88 27685
39347 31 64 6482 404 821.35 16587
46448 50 27 3922 302 1145.26 28678
42048 4 70 9640 204 347.12 48941
10088 27 38 2020 500 455.72 46873
35357 46 16 5681 201 1613.29 48979
347 12 20 538 400 1282.53 48555
29440 9 5 9300 200 1576.64 93082
77018 24 35 3404 400 1753.80 90439
32029 13 41 9313 200 1587.55 69288
37641 13 18 1851 200 527.86 38994
19887 12 66 2156 200 820.82 62543
38220 15 87 653 200 252.81 51958
72217 39 66 565 200 902.97 27931
82427 29 48 5229 200 629.71 77953
11905 17 75 4301 200 1852.80 5956
4618 37 20 7266 500 506.58 25228
64124 15 6 3674 200 1636.24 76915
1193 44 90 3649 201 235.69 50891
36020 33 37 448 302 1521.76 14894
14358 32 17 8902 404 1586.69 27273
15218 40 82 5406 400 1107.79 70938
29010 40 92 851 201 1642.46 63780
74441 31 3 3582 200 637.20 61491
86358 35 59 1074 200 1570.04 5091
33235 15 11 4460 201 1952.39 58780
84864 9 10 153 302 1100.73 23847
56229 38 82 8787 301 656.08 94005
79759 28 89 6153 500 1863.24 79211
49429 16 30 2530 201 1994.27 40903
69493 28 73 4159 404 965.52 85605
71153 29 85 8133 200 1508.16 85503
74973 20 40 1147 403 996.84 91501
11005 35 12 7373 200 1402.84 71115
55839 11 18 8470 200 1586.18 32996
42233 19 74 918 204 478.01 84153
69406 2 40 9748 204 865.53 76212
54264 12 13 9663 204 12.27 23603
35909 37 44 4350 301 410.57 33190
40648 4 99 2836 302 1269.88 57603
7032 29 12 6152 201 34.84 83309
77768 1 83 3291 200 1822.35 77079
43321 50 27 9512 404 317.59 67033
79011 3 88 3895 204 567.36 46045
51127 33 36 2609 200 283.32 91805
38026 9 29 1586 403 1738.70 91756
8032 45 91 9088 400 214.89 6952
37855 20 14 4508 201 1051.02 58575
39873 39 96 9207 400 1349.33 71371
40261 4 61 4829 200 620.74 54424
80390 3 29 9200 200 1737.31 14664
74035 19 82 6809 400 1627.02 87568
17067 45 4 4581 200 351.11 96073
83671 42 22 9121 200 395.21 24360
52398 47 75 110 200 1010.25 20938
42168 25 17 8565 200 484.53 89045
5423 1 15 9763 204 304.54 28691
4040 41 54 9158 200 257.29 24589
19337 33 74 5536 200 1053.53 1547
68359 38 9 5058 404 1152.76 95068
38592 8 67 9936 204 1135.42 10842
44520 22 3 2146 200 1982.11 9253
49604 2 70 508 204 1228.42 94419
43171 33 31 4761 200 721.19 2039
28899 15 33 532 404 1450.72 20279
86064 49 31 4278 201 1405.50 45367
53022 12 32 7384 404 471.38 56943
15153 14 70 6158 200 1544.63 28530
19659 21 90 3844 403 1542.97 38644
50887 36 28 904 200 273.51 97052
48598 30 15 8212 401 675.32 1660
83291 10 3 9300 301 611.80 33957
3914 33 59 5623 400 1732.49 68728
52103 49 82 8490 200 1339.46 43124
70166 34 58 1873 301 788.79 13144
68738 36 4 6807 503 1257.99 94100
69132 36 27 7964 404 1350.43 75544
25069 33 87 2541 301 1773.64 71082
19941 44 71 9757 502 651.33 76370
36434 9 11 2529 400 1484.52 36149
21961 32 95 6660 400 366.42 73817
26335 20 45 1304 200 388.28 83511
53727 24 36 8793 200 1571.87 23137
19325 30 78 1946 302 1250.62 27399
68960 21 7 7493 200 1319.43 19137
61863 6 66 5621 201 1687.14 58752
36092 48 54 6108 204 1473.14 57401
28789 50 71 9942 200 1270.26 87025
41541 11 73 4560 403 1648.00 81906
77062 33 95 2802 401 854.84 39109
10402 18 100 4316 400 1003.38 80816
70335 49 75 8729 201 1091.85 43714
24268 23 47 8184 201 1771.36 1286
61586 6 56 9239 403 972.84 2805
53307 5 29 4376 200 1968.54 69514
46854 19 67 4305 200 1896.16 33613
81782 35 82 4738 201 1184.41 23542
66425 39 10 3253 200 549.43 66943
36601 17 68 4094 200 1958.62 68409
42941 39 100 5515 200 862.08 50795
65506 2 69 9048 401 1451.92 22414
52689 12 58 4599 200 1967.99 77991
6608 30 31 9759 401 1997.05 1739
50831 5 21 2579 201 1535.78 77459
59313 1 57 5051 200 1749.95 46031
13211 15 67 6294 301 797.54 94063
2431 13 10 951 200 1009.73 59243
55444 10 33 2290 200 77.54 85749
15313 41 66 9855 500 713.04 6218
34497 45 75 9965 200 1935.31 11942
20378 23 70 5521 200 54.24 51091
62152 19 3 7176 201 1017.05 66424
84917 22 95 597 200 1034.00 25590
73845 18 74 2311 503 306.17 31258
31666 6 20 4569 503 1029.71 64004
64098 4 69 5726 401 1533.28 75408
13061 45 92 1716 200 1940.23 73764
67460 37 29 4969 200 1160.23 49048
66160 18 28 2794 301 1557.31 57428
75510 20 16 3038 403 1507.92 42791
29846 46 44 4546 200 320.58 68466
40866 28 77 9544 400 232.07 87714
48223 38 41 8955 200 1859.93 41131
34249 16 93 1412 200 1345.93 73596
31249 50 59 7689 200 1114.94 53001
31670 6 20 2185 401 1005.23 54927
61005 46 57 9128 200 160.72 6526
21178 48 26 2154 201 128.11 58814
77322 29 98 5435 200 1413.20 1685
71408 40 35 3115 201 79.40 13823
61816 24 53 1560 200 442.78 9015
63826 29 3 6500 201 365.64 199
68739 44 100 6716 200 1328.48 41869
52846 17 48 686 200 312.94 24590
21974 20 90 3292 400 1833.01 19416
73421 46 80 1416 201 1287.68 75131
39957 50 96 70 204 1478.20 7637
79300 43 89 4134 302 1364.81 53785
58429 1 51 111 201 871.11 96184
38987 42 41 1088 200 998.44 85638
67032 46 32 4996 200 1522.28 45953
61169 13 33 9178 200 816.27 13189
30530 15 43 2619 204 1909.04 32490
59248 38 93 2030 200 1393.17 41465
74883 17 25 8463 404 904.31 62119
783 23 80 959 200 1554.91 80519
39033 26 86 6853 404 1082.81 93427
43476 9 30 5431 200 718.49 44958
12795 9 19 946 200 930.45 89227
56459 23 48 5977 200 939.53 90689
48734 8 2 6898 201 1497.42 45304
13011 27 95 9922 200 1111.00 24736
45843 37 7 7811 200 768.52 10466
56833 9 10 8237 200 934.39 19140
16871 34 17 984 502 1736.92 23855
54112 5 82 8015 201 314.55 84957
40731 10 7 4134 201 1428.07 10442
2604 10 30 3458 401 348.34 77526
9475 33 52 2345 200 1258.46 28520
38920 14 17 1863 200 75.18 10902
56294 28 99 7637 201 1652.76 66825
11021 29 44 8468 204 1268.52 69610
19151 37 42 6515 200 1390.92 31397
62621 25 100 5999 500 478.99 51530
13169 44 87 9969 400 1225.39 11610
6821 25 73 1095 404 1416.59 12543
20834 33 89 2958 400 481.51 98051
59096 1 30 1203 201 1911.75 11415
85902 33 57 9257 502 472.61 76410
69919 30 36 5488 200 1450.54 7484
74136 21 31 3374 400 821.16 91483
59148 18 61 2725 200 509.73 42827
11658 37 60 8295 404 137.20 8395
26099 6 33 5362 201 543.75 49671
71464 34 19 4974 301 133.82 86735
75685 21 94 3987 201 634.07 13231
61272 40 25 1192 200 648.31 99272
50595 16 31 8789 200 492.86 86094
19540 32 86 2153 200 1694.99 19779
33392 49 54 2448 200 1887.85 29468
77838 24 25 2149 200 125.09 8538
26263 42 33 7716 200 181.19 78760
17836 3 78 1066 401 1247.48 81845
16500 12 41 6797 200 1171.01 6135
23258 30 93 7171 502 1614.51 84085
23866 22 71 2385 201 1680.14 82033
37426 46 14 985 200 1593.00 7295
21805 21 6 6481 200 690.56 12744
81266 34 4 37 200 702.35 27778
7223 11 85 9149 400 227.65 24324
18333 27 63 1842 200 1032.49 95160
63505 22 10 8817 301 244.12 42970
64325 47 53 9915 201 576.80 55778
68323 31 16 9682 403 412.47 43421
66873 11 1 6512 400 251.02 59761
23931 10 23 3653 200 675.50 71400
81428 34 100 63 200 447.37 70875
23497 39 15 7391 200 621.28 75028
29672 40 37 5743 200 1780.28 74786
83431 1 21 2964 204 241.41 54031
6151 17 83 4786 201 801.87 82374
80338 45 75 483 200 592.99 68901
11770 8 49 3585 404 1134.78 88969
18748 23 13 6365 200 806.61 33508
75270 32 3 687 200 1093.00 12288
5340 50 89 124 404 707.99 39181
11464 20 16 7649 200 1451.59 64143
43648 47 60 8425 200 1339.19 61600
26320 40 46 9491 200 1154.66 63306
7454 11 36 6476 500 10.88 51388
67890 37 65 191 200 1802.73 22529
19380 14 4 936 201 996.95 45501
29996 23 17 6699 200 1504.03 54104
13229 13 40 962 404 193.01 79175
1138 37 47 3591 200 434.45 5235
74722 35 86 6424 301 423.19 53728
68748 33 48 7107 204 1540.25 28752
31058 13 18 48 200 970.72 35097
64178 5 7 3215 204 1789.06 36735
72542 3 26 6532 302 1857.65 97103
29102 28 26 1826 403 790.99 93720
77693 11 27 7053 200 961.26 89273
10315 44 66 5744 200 807.31 32030
84295 20 61 2481 200 638.32 53248
68483 22 37 7030 403 1015.22 4258
41547 39 35 4831 500 787.55 31676
61175 41 7 7154 401 1873.60 52448
53859 7 90 9456 301 108.84 77251
13409 14 40 7408 400 1662.54 99750
27033 33 69 9223 200 1420.85 46351
39717 30 33 4159 200 356.88 98057
6701 25 62 8112 301 959.77 6717
40966 23 35 7378 200 544.03 91819
20045 11 40 9257 200 1060.63 72882
29689 31 12 812 204 954.68 4829
80746 6 29 1423 200 307.35 22228
49877 46 82 4912 301 292.57 72979
22274 1 59 7342 200 457.34 37463
10374 33 25 4872 200 1299.71 99418
36471 17 35 9220 200 376.61 22455
48845 47 6 4326 200 278.49 69950
6828 9 59 6424 201 1511.57 37069
25695 41 94 3205 200 1442.85 57247
37441 22 80 580 500 1903.61 50448
1614 49 36 6617 404 358.34 19737
41751 49 91 8473 404 285.17 9798
18257 46 61 4453 200 1759.16 88397
21767 46 3 2917 200 299.04 97784
41854 6 14 4620 200 1490.33 88423
10200 15 24 5607 400 1192.23 87332
82431 26 61 583 201 1595.24 56120
11418 28 8 9895 200 282.85 59209
52848 28 23 2495 200 1931.80 94657
20790 12 91 1709 201 1173.97 46785
57218 48 75 4186 404 513.60 79038
49327 4 85 200 400 1097.17 64005
60358 1 39 2533 200 187.89 60853
24165 12 33 6879 401 909.08 42658
75662 50 86 1533 200 1294.48 30548
4802 25 72 7106 200 1477.95 16053
47355 47 10 6833 301 1111.43 1529
25298 45 63 4900 201 560.60 68991
46893 7 17 1907 401 1320.57 85603
54517 6 42 5578 401 257.30 74027
8598 26 82 9693 502 825.45 11060
70902 26 55 3949 201 880.35 57440
49119 46 73 7802 400 320.70 19974
30970 20 24 713 200 1940.71 36542
55445 29 16 4386 200 191.71 18323
77055 25 2 3449 200 294.05 99682
56684 37 56 153 200 1943.67 84815
69863 29 57 2663 200 781.37 2184
39755 31 9 219 503 367.58 48398
61405 20 16 5123 404 1978.19 76702
1751 30 40 862 403 1094.49 64939
79626 50 92 6468 200 1686.02 12183
83519 50 72 4877 200 1539.56 96861
22834 47 73 4119 400 1308.70 27477
15526 21 54 4133 200 335.58 86274
39093 8 52 4881 200 1797.58 51782
167 12 74 6632 401 639.42 45746
55754 33 15 9728 400 135.70 91141
14474 29 83 7024 403 1917.15 70013
42326 50 57 4699 400 98.46 42338
39968 40 19 8049 404 103.88 23713
45546 16 11 7025 400 1315.61 49730
86114 38 87 644 200 1348.81 59726
11526 41 33 4754 400 39.30 97093
79993 42 78 9747 403 1710.54 10378
49868 41 52 7687 204 203.81 18288
22666 3 46 9479 200 1953.68 22673
62973 18 33 6523 404 770.68 24612
59781 39 14 8044 200 84.81 2890
17636 14 21 1325 201 1359.61 38060
4992 45 8 2522 200 1278.40 46349
75813 48 53 3203 404 1948.54 31094
20882 4 52 4451 400 62.53 30460
50620 40 60 9711 403 1818.37 27956
61202 23 91 3570 400 1283.86 73215
65571 22 83 798 204 104.71 98472
33039 11 40 7144 201 1633.98 82064
41193 3 79 5298 201 1257.87 77633
69984 4 77 2050 502 1386.68 72775
48509 25 37 670 404 1780.44 49942
27896 11 92 1732 201 1172.22 33217
20729 49 59 7127 200 1284.33 85754
49380 47 53 924 200 952.61 65514
50812 46 43 9933 302 1855.71 307
74167 49 30 2321 404 218.92 33059
20570 32 24 5270 201 1589.98 64000
16822 44 99 6723 200 1916.66 38373
77200 31 44 4504 301 368.07 98259
34614 23 7 8474 200 744.25 4686
14240 33 21 7751 200 546.88 23190
17416 21 30 3732 503 1707.28 36956
33520 41 92 8010 401 1134.50 96669
28156 20 42 6799 200 533.36 93805
49607 15 98 4589 301 1689.55 91446
21888 13 29 4019 204 1036.57 60585
8290 44 100 9218 200 739.96 61855
22227 5 57 4954 500 1793.31 51325
29149 28 54 4144 200 607.35 6581
21339 26 81 6017 200 192.06 48961
17910 11 35 1852 403 1889.68 27691
6913 44 77 1451 200 1905.70 68973
54001 14 72 206 200 370.67 64649
2941 32 33 1105 200 1830.74 32634
17719 10 47 2307 404 410.24 82476
75966 38 45 3655 200 699.62 17850
58734 28 71 5878 204 823.58 63281
4199 27 63 1507 200 1090.13 59729
82145 1 37 1061 403 1659.66 24323
81736 10 57 1417 200 44.83 58984
38452 40 99 1258 204 1906.95 11988
13993 24 75 2863 404 363.40 69752
39634 47 59 7120 200 22.77 23222
68508 19 41 7921 201 804.83 89109
2543 22 76 9197 302 243.80 85669
50042 26 91 2317 200 1307.14 95512
42604 14 79 3752 400 466.58 51081
44528 22 73 2868 200 1745.87 63004
3666 29 98 5579 401 368.61 33221
64935 12 77 2765 200 950.75 39614
4952 20 72 7339 200 677.53 54531
54040 49 84 6952 200 1554.05 9755
63718 26 90 5603 200 1831.27 30172
40734 48 15 2811 500 1927.62 96291
12570 23 98 2678 200 1466.51 44473
53333 50 98 4886 201 1389.16 99160
83661 22 79 1503 200 637.43 9853
43968 33 13 1808 200 1776.34 508
28231 18 57 1162 200 393.88 36350
71031 21 9 8958 200 759.10 45918
67642 28 76 3762 200 1531.99 79577
80171 21 96 8216 201 556.15 47888
26172 33 23 8231 200 1833.65 6411
28017 45 54 9311 201 1681.14 69606
15860 17 91 2191 200 1417.60 14217
43498 16 58 436 200 120.80 57171
20392 46 27 294 401 781.64 23995
64361 35 95 8594 200 1751.36 23306
29388 12 20 7419 200 102.82 36778
59928 34 56 2370 302 695.53 73552
39387 6 56 5533 401 725.50 83612
65925 37 85 2341 502 1329.93 71763
39089 40 16 7338 200 319.08 43006
26760 21 21 7200 200 1643.92 95910
28177 48 45 7696 503 1996.03 30872
76486 20 8 3058 201 665.92 12496
62700 41 58 1487 200 138.76 22222
45325 20 60 5160 201 1509.29 59095
16344 37 95 7621 200 136.34 68550
3250 41 77 3785 400 1767.59 18530
66252 39 4 5990 201 1246.39 66963
11880 39 32 9795 200 135.38 86456
39821 30 5 7294 200 528.88 31031
19469 35 69 8220 200 1800.38 70942
6898 49 85 1619 200 390.50 29942
63500 16 20 8114 403 660.12 29513
51200 4 14 3993 200 369.76 15968
45151 48 68 8243 502 359.98 24695
18448 34 2 8103 401 740.35 17889
49012 40 80 2992 200 845.70 83669
7859 19 27 4555 301 136.70 79276
33319 23 30 7246 201 682.34 39649
62715 10 69 6024 200 79.92 68330
23763 20 2 8691 200 1767.89 68850
29573 16 13 3752 302 962.35 81569
48077 22 85 6686 200 419.70 90021
33527 15 61 8930 400 1861.58 98808
59714 35 68 9316 200 123.68 20107
26870 17 14 9789 200 1445.25 57548
14942 38 1 9714 404 237.62 96551
29247 11 26 1921 200 660.31 55371
2083 12 50 7119 400 42.94 24082
34193 42 90 4626 200 1397.86 25442
61766 13 77 998 401 174.23 6731
25254 20 5 8551 200 1152.33 30899
60573 29 49 4096 200 551.10 7258
68929 15 98 444 302 1796.09 3752
54735 38 66 5524 400 1395.30 871
78408 18 89 7515 502 862.74 30882
31569 26 45 5021 204 373.01 73442
56645 40 46 6497 200 1900.26 43496
61432 11 43 8754 200 450.74 44110
3560 26 68 2916 403 1045.05 53417
47739 15 89 6577 200 1640.73 6630
26631 23 99 3434 200 1818.00 7374
76902 18 47 7375 301 389.29 43903
30776 2 27 6096 204 1797.98 30974
16420 11 38 4091 200 1925.18 6066
13349 6 92 8135 400 1751.89 23209
10269 32 77 6856 200 112.36 97394
79359 29 99 9069 403 666.92 45085
46306 17 44 774 200 1636.95 78508
1471 1 59 6878 200 449.22 18407
69227 39 9 2551 200 756.60 42041
33912 17 88 7205 301 651.62 53486
37755 48 21 1133 200 1925.09 13369
82713 7 18 3224 400 51.98 5066
22271 33 17 775 200 970.89 23400
82753 11 43 8581 200 1994.12 53244
24391 19 9 3859 200 1024.93 99983
37917 41 28 4289 301 1635.88 50918
44386 3 28 1538 500 1086.17 84823
5482 20 70 2867 401 64.81 75022
51318 33 88 7323 200 1453.83 49222
11809 36 34 5167 200 157.57 96747
62323 5 40 4776 200 1260.79 58194
6800 46 18 214 200 1249.13 16480
5687 43 65 1320 200 790.70 59133
84624 45 12 1163 200 857.92 31285
29069 36 1 2001 200 531.31 65321
39012 7 77 3783 500 1234.24 92845
52134 14 92 2404 204 1242.97 34637
4021 19 61 6857 200 1118.66 80831
24122 28 17 18 204 1498.01 89860
21512 16 47 5975 200 516.78 22393
30295 11 92 5589 500 1217.77 19810
26207 3 64 7817 201 1007.95 16026
23518 32 8 4302 200 1079.99 12090
85473 47 35 2748 201 133.95 73272
36724 6 13 2736 201 1185.97 73037
66978 36 62 906 500 939.47 45271
73637 12 2 1618 200 1425.79 42841
3675 45 13 3280 201 1708.58 24362
52343 9 73 5928 400 664.98 23107
49957 25 10 8010 200 1130.07 99752
69536 49 24 7789 200 1087.41 3993
7502 3 90 910 400 379.48 60878
62700 27 45 5190 200 937.91 95971
54899 13 94 2293 200 821.42 86293
39663 26 97 3475 204 892.31 79870
7036 9 38 778 403 1951.94 69698
7613 43 82 6488 201 1415.40 28397
37095 37 10 8078 200 320.70 66573
56017 27 71 547 502 1585.28 84465
12882 33 99 8692 500 1611.59 61176
82828 6 96 5605 200 1090.17 69971
47753 32 88 194 200 201.06 88855
25942 29 7 6064 200 1715.69 19017
80435 30 78 1965 401 612.53 86127
27207 25 87 1640 301 1368.56 41348
24790 18 3 5063 200 309.25 16839
18966 10 82 3914 502 1528.72 27747
27626 48 96 859 201 1044.49 46883
62701 21 27 2330 200 1056.26 28643
45621 17 77 3488 200 1856.18 57852
15109 49 89 3853 404 1641.46 19931
55094 26 66 6693 404 1305.24 10783
41788 29 4 3301 200 1220.76 37934
78525 2 46 7334 401 1085.39 16139
34808 10 86 7162 200 961.20 2546
12806 9 44 9409 201 1611.38 16429
42033 13 84 3676 200 1169.09 89981
52491 8 7 4506 200 95.43 33449
4585 28 77 3460 200 1595.25 56455
14006 19 62 7751 404 120.38 72781
54899 28 32 4774 301 1604.78 33435
84039 5 63 5595 200 313.08 53071
84860 11 32 942 201 1493.91 86565
35620 15 68 3669 204 1740.10 29097
70521 20 27 3498 204 232.92 98985
8003 47 67 5332 400 1140.79 15329
51407 21 11 7898 404 1405.45 96667
5176 7 68 444 200 1176.77 19668
81947 39 70 6487 204 1336.28 3700
20457 49 45 587 400 91.55 79207
80487 15 11 7704 200 1340.68 9669
39374 40 95 7471 201 756.55 57696
79106 9 88 661 401 315.75 27330
16114 12 98 5413 404 1547.45 59136
68732 27 45 8445 302 1663.61 79351
18274 35 65 322 201 694.74 71382
16951 2 70 5798 403 760.50 29878
3874 28 72 8278 200 1657.49 57887
62527 12 93 154 301 462.82 43092
74145 40 47 4505 200 56.18 77966
27045 33 72 9385 503 1893.82 2121
71209 37 71 8807 201 52.72 27221
18802 1 44 1375 200 293.93 91596
77904 47 81 1072 200 716.75 81926
36394 41 59 9455 503 1952.56 80284
35436 31 26 9809 301 1432.47 80660
16866 27 77 7940 200 1016.55 5651
48731 6 95 1079 200 642.96 80506
85912 37 35 7869 204 488.92 45504
16372 10 87 1921 200 864.66 61548
6526 23 91 1587 201 563.76 97950
8315 34 47 9016 200 1660.16 40269
23433 13 48 307 200 278.93 91109
15800 5 81 3646 401 1406.61 10119
2276 15 45 7981 200 320.63 41244
34915 37 56 5513 404 1174.67 39571
34623 1 87 6739 302 1258.05 69666
29542 48 53 2506 301 1619.12 58400
60661 5 22 6431 301 742.03 44731
75668 37 85 3787 403 864.41 44143
3459 37 2 8141 201 798.80 54321
79095 40 24 3758 503 1891.11 85961
1119 47 90 2201 404 517.15 58317
83863 43 60 9511 201 363.40 14833
55275 10 8 7677 200 1938.31 35398
54960 4 70 6923 200 498.94 66815
59545 44 97 9565 200 194.08 60091
69414 8 87 8133 204 1931.69 65298
84627 16 36 2384 200 433.09 64020
41792 17 96 7534 200 1260.06 80653
2123 18 63 8121 500 1894.12 77841
59028 15 22 7079 301 370.29 96559
51592 24 86 8550 200 1321.97 67476
2085 13 25 9187 201 711.23 17235
14200 39 48 3645 401 196.84 72733
58731 40 30 4411 201 1972.86 66569
83640 47 42 207 200 1540.79 15354
55848 39 30 4362 200 1517.94 19325
79071 22 94 8341 200 1173.14 14272
75492 40 31 9454 404 1503.82 20341
394 18 41 9799 503 447.24 6658
5740 27 28 1362 301 1584.72 61919
55465 45 80 3304 403 187.86 38328
3617 48 51 2882 200 770.28 89689
31649 13 48 7060 200 90.80 75648
48098 2 84 7128 401 1791.37 90013
36634 40 32 1939 400 1004.28 53651
64451 6 50 6518 200 201.63 49264
28610 26 38 8790 404 907.62 3475
39375 8 52 1152 200 425.05 64976
25362 14 48 5316 204 1279.90 83332
50566 28 18 8568 201 1818.62 42810
22009 4 62 8150 200 1827.35 41906
13341 43 6 5640 302 1773.90 93747
86133 1 74 4127 500 769.45 30979
8044 5 31 536 201 1621.37 46710
3122 42 57 8727 200 322.65 14624
23785 29 60 9710 200 1483.81 71696
76244 6 19 6246 200 510.82 13842
15368 16 18 6250 404 390.48 17685
63176 50 28 4219 200 242.02 52339
50448 33 98 8765 200 1538.73 44469
13729 22 71 5001 301 735.86 79384
74640 28 3 9363 200 262.51 60743
72786 14 85 4275 200 1374.13 67972
66834 50 74 5324 200 889.34 84882
84714 14 38 1952 200 905.24 44267
73509 28 78 6075 301 154.32 59387
80662 15 60 1091 301 286.85 43159
57689 29 65 8296 200 1912.96 78370
40258 50 96 8511 400 1324.67 46797
36442 30 74 8381 201 1476.64 79649
68313 23 52 1213 201 530.82 24549
33215 46 2 8404 200 1738.91 54318
2180 1 46 4699 200 955.62 97236
34965 31 94 3923 201 1524.84 85118
19283 48 45 1777 201 88.14 3296
43129 26 13 7375 502 75.06 51378
46649 27 45 9717 301 576.39 16446
20805 15 13 7818 200 1987.35 61027
33390 3 47 7629 204 1927.81 92237
50734 38 31 3335 302 1931.60 72320
6397 36 27 2007 200 154.93 18001
78795 16 24 5439 204 1616.56 41421
35192 36 54 8706 200 1373.14 24884
30461 36 99 7712 200 426.74 51613
67299 8 68 445 301 1464.79 20599
39804 42 68 1752 404 1540.87 59711
49236 34 65 1997 200 880.49 33132
38545 42 78 4658 200 1669.26 25221
19753 11 82 7317 200 1417.55 27345
35961 46 89 888 200 1272.13 86396
73450 26 10 9347 403 1983.57 58195
53835 25 78 3211 200 1349.19 35540
5640 45 59 560 201 745.60 55942
33410 45 89 5791 200 159.84 27365
54172 24 55 4083 200 206.47 82531
46925 47 31 401 400 71.29 43173
38456 3 47 9926 201 49.45 82109
46762 18 88 3426 200 1368.05 14032
6617 33 37 7663 201 1785.61 6192
23932 10 25 4463 201 539.74 244
56181 18 34 8579 200 7.49 55242
24300 48 92 3594 401 1476.94 55369
76912 17 96 2438 401 213.48 67467
42107 20 64 8192 200 1614.15 57795
11684 38 30 2349 200 1139.47 34969
84942 5 22 8537 302 1600.87 82626
45557 5 36 3005 200 743.72 51504
84783 34 11 2290 200 404.03 71298
30592 10 15 1296 200 1542.32 85688
9211 11 23 8220 200 1265.24 59256
6540 36 59 6514 200 1190.28 90833
11354 31 41 2418 200 714.44 11995
60530 2 61 7983 302 164.56 47865
11008 23 90 5167 302 1364.34 25473
32211 25 88 2365 204 231.71 94975
10993 28 8 4552 200 1620.57 61812
32296 44 71 7404 200 1968.73 30616
39420 15 12 8735 404 1068.25 55034
1641 16 23 5036 201 480.95 70093
48112 1 76 6826 403 938.97 26897
71632 42 79 7250 404 340.93 27263
6357 44 12 6486 401 1104.38 97095
14849 18 98 9586 200 1853.82 20893
15651 19 92 4401 500 1776.51 20160
71126 16 38 4910 200 1335.39 41154
84223 38 61 7949 200 1496.46 62819
72570 23 93 8858 200 1359.23 49507
19712 3 26 1553 200 344.36 25462
882 3 86 8368 200 1774.84 41037
10840 24 7 739 200 1703.40 49175
64253 29 57 2871 301 1005.30 47179
28921 30 83 7127 200 1626.41 84778
29878 47 51 5369 200 1831.67 57239
16371 6 5 4322 200 172.97 92336
16558 32 61 9519 200 122.45 55328
52202 46 97 7887 404 1166.38 22200
35418 13 73 3379 200 1809.88 34527
44544 15 68 6756 201 277.39 58689
78495 45 60 5285 404 1622.17 9820
6553 40 21 3647 301 1861.52 29141
44730 21 3 4453 404 207.81 78188
24168 15 54 3345 400 233.26 94171
73165 40 27 5571 200 902.30 95261
59908 23 84 2565 201 1365.01 52740
27544 1 73 721 200 110.47 55016
34634 8 34 9405 200 1511.64 59638
24146 24 85 2778 502 173.73 10229
81120 40 32 5174 200 561.03 7186
72694 22 20 7417 200 1125.13 99851
24075 31 39 1042 200 133.53 51650
24680 12 35 1932 502 406.23 1254
69826 27 37 2236 200 44.28 35217
64778 32 96 9616 502 1414.71 20723
65198 47 57 94 201 1741.66 48661
16097 31 59 5374 201 1780.21 27515
30725 50 21 9221 400 994.19 49890
66233 46 14 6175 403 333.22 64538
77835 41 61 9463 301 1464.45 95146
77367 4 94 5825 404 20.38 46695
54511 28 48 6316 503 1835.21 5365
34246 38 12 45 200 1008.41 35666
32574 44 31 4380 201 359.15 87385
42582 27 88 8842 500 819.07 86222
24489 14 10 6658 200 1349.61 56135
3084 34 61 1129 200 929.48 93705
82189 3 37 8918 200 1428.12 61740
56294 31 17 8599 200 380.67 84667
18981 48 95 206 200 1336.62 53493
45596 27 95 8441 500 1077.55 66914
80351 11 73 7259 200 902.63 66778
58427 21 27 6803 200 229.25 91392
62120 47 83 9786 200 316.39 95669
2956 2 90 3327 200 97.20 92776
35055 29 63 1298 200 265.24 80829
26581 24 38 7238 403 931.15 72565
67829 25 49 9997 400 1937.94 67618
29579 37 13 3568 201 1819.83 49296
84353 14 23 4911 500 578.78 41527
85833 2 23 3469 401 1595.06 84221
42741 38 48 7236 200 46.01 52652
13975 1 35 4756 200 1350.06 20144
55154 37 39 5791 200 744.04 63372
41996 4 67 1077 204 1511.78 45243
27782 13 49 3165 400 1280.93 30820
64124 41 30 5940 502 955.75 18940
66935 35 77 3294 200 539.46 26178
39124 7 78 4252 500 1001.99 62158
54886 15 63 7349 200 1596.51 70724
67412 49 68 1681 200 191.09 75666
20941 37 38 641 200 173.26 22833
31193 39 58 9627 200 1376.30 62380
22298 9 93 3540 500 1495.53 5030
47157 30 26 5277 200 525.60 35411
50114 8 71 7954 200 379.62 17129
59717 8 91 6232 200 882.32 21226
31104 15 65 8708 404 1281.67 35303
27098 38 23 2573 201 1105.59 66215
28435 49 48 7053 200 565.73 21643
8026 36 69 7710 200 816.68 22844
3228 1 24 9785 401 788.95 20656
81742 13 68 8169 200 668.98 75710
57400 9 57 5624 403 40.07 22049
10665 38 25 1591 204 1741.38 62471
39562 15 73 1582 404 1390.37 70613
21259 46 37 5764 200 254.76 17726
22441 47 11 7853 403 288.57 22418
12386 22 31 4740 201 1411.52 14406
4080 36 9 303 200 1888.42 4280
7227 38 54 2231 500 973.32 89991
38562 23 79 9422 200 1340.17 93522
22430 22 64 8086 200 1676.85 68297
22418 9 29 3013 400 328.48 22992
29742 16 67 6790 404 1349.46 51705
71523 5 55 3792 200 1299.23 55484
65477 17 25 2206 200 1333.33 28430
33263 27 81 3797 200 1513.93 98521
68906 15 81 6448 403 1159.47 84058
68213 17 42 7481 401 1536.54 98579
33679 41 94 8689 301 372.91 69822
2680 3 87 3906 404 323.00 56211
35804 22 41 6517 200 1394.77 99621
73736 13 20 7050 400 1169.41 96211
8421 19 58 3812 301 838.98 64005
82186 48 90 7980 301 1942.33 5897
14738 35 78 7073 200 440.15 52115
79063 2 43 3126 200 278.24 41465
29146 41 81 3876 204 420.50 74891
35988 13 93 9243 404 503.11 90213
85505 48 67 8954 200 1868.10 66659
11876 31 4 7117 200 1957.99 62119
74122 21 75 256 200 884.82 70678
65392 43 28 9462 404 812.68 30444
77458 30 1 4716 200 749.25 88319
32047 47 98 2561 200 1967.77 70851
48908 1 50 9932 400 1365.22 95460
35020 19 56 1727 200 41.70 83619
47987 45 93 1625 400 1482.56 90963
15411 25 43 4866 204 222.76 83783
52504 5 47 5630 400 1572.59 31109
12786 31 53 3661 200 1350.47 42569
26468 41 89 894 403 623.00 57198
125 10 24 4399 301 637.74 69315
9835 11 62 9348 201 920.74 83964
37522 7 70 4377 200 1265.44 88030
28893 22 42 741 201 1295.05 57030
23810 11 81 1446 200 327.91 42141
5151 49 29 2742 201 618.80 6359
64351 38 5 3828 301 106.33 43484
79549 18 77 6076 302 403.20 64436
16021 47 96 4459 200 476.36 80165
33092 27 29 2417 200 794.32 4202
74295 35 7 6818 200 1771.04 12261
22992 32 40 2136 204 766.83 86131
8784 2 59 1838 204 677.06 63740
3763 26 59 5195 204 1380.83 26510
56581 1 59 1824 200 552.20 26096
75547 46 15 7594 201 504.86 27656
9581 16 90 3301 201 708.41 79743
55918 23 43 3240 400 1229.04 24521
67394 41 8 7990 503 350.93 33042
73253 26 88 2831 200 736.19 95731
63529 49 61 6417 200 1634.51 32618
7711 2 30 1084 200 131.86 93965
52067 30 100 4077 502 619.54 11969
65440 34 56 6432 404 228.78 38438
27254 28 10 1832 200 1230.76 78175
61769 37 6 5331 404 899.43 2915
12932 8 84 6537 200 42.77 12691
10191 31 95 6071 200 1454.63 30471
66842 48 93 977 200 172.92 75335
84368 13 75 3103 200 39.06 96529
25695 22 48 5984 200 1516.96 46378
17003 37 79 8338 201 950.02 47935
33202 41 20 3849 200 1107.07 46554
58793 40 75 7041 200 1021.10 58475
38363 17 43 9469 201 945.06 81310
26715 46 34 297 200 170.44 89242
22743 22 45 2921 200 1345.03 90329
2228 47 45 1636 403 963.96 75007
39167 34 79 9715 201 1076.09 67120
21240 44 39 9945 201 187.43 31231
14387 28 33 2550 204 895.72 29757
41632 49 95 7026 200 952.61 50442
40339 24 50 7951 403 567.60 68662
70947 25 18 7910 401 461.84 29863
4183 43 71 4201 503 304.73 26035
40033 8 74 2875 200 848.33 2133
56627 50 28 7607 200 313.41 85578
7809 25 54 9648 201 552.52 36577
16702 26 70 9990 201 1928.44 75538
1413 37 73 434 401 1065.87 57100
33843 3 54 1496 500 466.62 41800
85790 17 68 3505 200 320.53 79520
13982 22 38 686 404 1530.31 41678
68319 16 75 7874 200 393.89 323
18199 12 100 466 200 1065.23 27293
3218 9 19 1247 401 992.01 46935
54536 23 34 7685 200 697.63 30873
83156 33 1 1504 204 1704.62 78303
10404 41 90 461 302 1440.79 61090
18496 28 12 964 401 1946.33 267
15658 12 90 311 200 670.70 17691
23449 40 92 598 404 1348.64 95748
31990 44 20 3093 200 1187.07 36106
79303 23 1 8266 200 180.18 41106
78735 37 39 6920 200 899.74 89753
48918 11 72 6367 404 70.79 2928
71607 34 42 4974 201 746.56 69583
61692 13 68 220 500 33.72 10279
71202 16 17 4952 502 144.85 20672
29123 44 93 4978 200 1325.21 30908
29496 43 35 5054 204 478.41 20157
61056 41 33 8054 200 1053.78 24059
60141 12 51 3692 400 450.14 14849
68024 30 70 8859 301 1761.97 74615
29059 1 28 3057 301 1974.60 70998
217 8 51 7559 201 537.95 2411
42725 27 70 43 400 618.44 54205
66147 12 95 7530 200 554.45 20494
40713 10 68 6258 201 20.06 39707
33845 4 91 7586 200 1414.15 38258
27837 29 85 8528 201 1936.43 7973
69038 26 96 7665 204 47.37 83118
84010 13 30 2296 404 170.27 54262
35300 39 83 3933 200 1070.38 48822
34075 24 92 3238 404 1306.58 119
84688 46 7 1244 200 305.57 42326
15536 14 81 9979 404 1093.40 23222
48531 25 1 9775 401 1457.50 3769
16327 9 77 8211 200 1883.63 60956
86391 31 89 7266 301 137.67 8334
39514 37 67 3969 201 587.49 12544
20922 21 33 9869 200 1063.34 31240
64216 22 2 323 404 1103.97 86926
9057 2 29 1457 200 691.58 29211
73249 22 2 2585 200 1684.22 82340
25270 39 84 5000 200 1269.36 80207
13500 19 20 7078 403 1926.01 89118
7414 30 1 5386 503 1095.25 46963
36298 4 91 5016 200 1677.34 63446
65620 5 8 3732 200 1095.53 35351
85679 9 23 8354 200 98.62 60801
83484 37 26 4821 200 1242.16 83160
46583 34 18 8613 502 1743.10 98265
34876 43 82 7344 404 1471.23 92984
78054 24 6 1345 200 1206.68 58372
49502 9 58 3405 200 523.43 90752
29647 20 52 6306 200 97.51 83542
50607 45 5 4162 200 116.19 36996
80394 21 7 9178 200 1127.04 94884
79778 21 92 8167 200 598.88 9980
51453 9 100 6797 200 1767.09 78647
50797 40 5 4360 200 384.65 3656
83284 39 96 9200 502 1467.58 24593
74030 50 62 666 403 711.56 22495
36190 6 84 7619 502 1155.38 95208
41691 35 54 7550 400 122.08 94710
17557 24 50 812 400 783.73 78167
61404 1 58 6605 200 127.05 3483
35276 19 85 6932 200 867.37 67883
84742 12 22 5124 404 1024.94 89147
13592 46 63 5074 301 1238.16 9150
26693 8 28 1363 200 908.76 75763
32116 49 90 8678 200 104.78 52752
65413 5 40 4633 401 389.01 62579
7880 13 33 1041 200 1020.01 13610
84626 13 7 6823 200 1265.47 30506
46336 43 55 1395 502 1824.84 2457
76682 22 18 5727 200 513.86 80801
18967 36 8 4481 200 1925.95 35453
12032 24 5 6531 204 1899.84 5764
74093 27 80 3673 200 1481.45 61744
4752 45 32 6242 502 201.61 25989
37958 47 98 9310 200 788.10 3137
26558 35 86 9347 200 43.58 85348
2411 27 90 4156 200 199.75 5553
82659 41 75 8099 200 603.74 55602
67394 9 53 4273 204 568.74 67729
28651 26 13 9430 200 460.36 11741
28221 31 86 3978 301 630.36 54472
49118 7 62 54 200 1210.41 13721
61489 49 83 8437 201 1780.83 74078
33042 4 4 576 200 897.69 16269
18254 33 29 8135 404 553.78 55782
11122 21 25 1690 200 473.23 58296
4985 46 62 7701 201 44.58 38772
28777 41 6 2227 200 1002.74 16865
55831 21 60 5149 200 1465.42 42878
51007 12 70 7592 404 563.39 93631
8226 12 26 2702 200 1185.58 53866
34144 49 50 3994 200 334.44 61940
14950 14 20 4655 404 1547.22 99742
19608 27 88 5443 200 1380.82 8103
40734 47 33 408 200 1830.16 29170
50298 22 80 3504 200 372.68 98449
16373 29 70 8497 502 1370.40 70925
28307 10 31 5630 400 1266.45 91548
51841 24 74 9110 401 1968.39 27338
81881 29 71 2424 403 961.64 70370
55550 36 80 7211 200 847.70 14962
25407 43 15 6186 204 1842.76 65162
21499 3 24 8113 500 1659.02 44780
62859 32 16 4526 204 1644.70 7778
15593 6 70 9343 302 550.90 32391
28284 1 39 7972 200 715.26 17765
29031 41 50 8459 204 1539.94 39318
14846 34 58 7207 200 194.15 11817
77299 18 68 3251 201 1530.71 81806
49299 29 76 8479 502 1914.24 53708
73966 2 2 6433 201 441.52 85135
66046 15 94 6101 200 1542.59 12904
9651 47 42 3188 200 957.38 703
3739 21 26 420 301 1937.93 11304
56614 44 23 9305 200 1261.20 22483
60126 29 40 4005 400 1734.91 37734
29448 30 67 5152 201 1658.89 27267
60830 27 97 1541 401 138.94 73875
8171 34 35 6461 200 125.87 40028
82208 37 86 9531 400 359.72 82466
80829 22 40 3902 301 1517.59 28127
5429 45 77 3323 201 480.83 33908
68893 9 78 1027 200 413.71 70418
35539 29 25 6006 201 164.65 30895
57911 37 47 4918 200 454.11 2420
61314 13 31 1215 200 552.08 29064
85404 26 28 6673 200 493.13 60225
43815 50 93 2919 403 1995.15 19143
50851 30 31 7402 200 1500.75 17218
26145 23 71 3192 200 1721.78 83082
36431 40 34 2155 301 1077.54 23066
85194 27 37 4093 200 108.85 39746
44995 6 82 2397 200 319.24 60005
779 43 80 4088 500 1806.05 61294
17982 42 26 5038 200 1233.91 90796
58559 47 63 519 201 1128.90 43320
33743 41 64 6918 200 1080.21 12129
62947 2 56 3639 200 862.21 72261
43486 42 76 7027 200 771.58 82706
50679 43 40 2328 200 1650.41 63952
6860 7 33 5402 302 331.86 18073
60828 22 14 7546 403 1958.49 29878
6392 6 22 7359 200 173.98 32835
66769 11 24 2805 200 355.13 19533
83309 4 11 5933 200 131.86 42373
60672 37 54 6716 200 678.80 59206
44334 29 64 6426 500 778.17 44371
26019 25 4 4344 201 1776.08 33611
54676 31 73 464 302 795.47 57878
83247 2 57 9997 200 790.90 88897
9082 26 10 3968 201 804.74 80134
20797 14 33 2565 200 1232.68 9451
70416 22 46 2353 200 1584.60 11763
38734 25 96 4085 200 537.13 24901
2457 47 88 2272 400 125.17 52204
54416 30 22 7009 404 184.41 92378
28594 32 71 4083 200 1315.24 63847
10054 10 83 1193 500 868.42 59636
16832 19 94 6639 200 70.21 62564
82881 5 33 3388 200 1209.39 66934
41222 6 1 5189 200 904.25 25895
83480 12 14 1589 503 590.92 29107
35036 14 88 3488 200 542.22 89844
57671 38 5 2280 204 1844.87 75167
42894 8 74 9407 200 740.68 10333
17254 13 29 5951 200 1915.13 16341
35022 3 46 2300 500 1690.79 38276
38031 4 49 5965 404 1371.84 88089
32961 25 13 2001 302 1053.26 38889
57753 37 16 4108 201 1673.12 33267
7207 34 54 5923 204 1930.70 64479
60583 2 65 5939 200 1339.30 83936
12232 20 74 7003 200 296.37 91133
11211 15 64 274 301 1206.17 59247
2369 2 13 2463 200 1417.04 90660
47088 8 86 3846 200 939.07 3416
65066 48 79 5015 201 1846.95 38198
25049 47 34 2297 200 1493.91 69962
63381 40 92 5752 404 1100.66 46793
19815 47 55 7694 403 267.06 24377
68415 3 44 2525 503 369.75 67824
40121 19 64 8682 400 44.34 90905
59347 31 20 8654 200 861.70 87285
72902 23 33 8085 400 829.66 36403
43284 16 71 5470 200 74.17 77005
77536 13 93 9812 200 1828.26 54015
28034 19 77 5690 200 979.78 15662
65261 14 53 999 404 593.29 64112
60003 34 83 6184 301 620.88 89313
38546 10 67 7370 302 18.00 36597
19062 36 50 2222 200 942.86 36038
14979 47 38 4595 502 1474.97 33208
71654 33 11 6740 200 163.07 29832
60511 32 8 7263 200 1062.36 28109
48843 43 8 6750 200 1957.28 5417
21047 39 61 5765 403 436.91 9121
71995 35 10 2579 200 978.49 87615
68321 36 17 254 200 583.21 21900
12379 3 64 9264 200 354.77 95210
55109 33 79 57 200 1026.77 5148
43129 40 61 5019 204 1912.89 10980
70042 14 83 8332 401 551.47 94939
63123 30 68 1026 400 86.81 88876
64134 34 88 1690 302 1483.13 30491
76626 44 23 5478 201 1323.75 60109
25940 33 44 4190 200 1781.93 3527
55751 3 50 4281 301 773.34 12584
86369 48 20 7641 502 72.38 88696
58771 8 5 4790 200 1331.78 9667
4717 29 66 2802 301 1316.69 84905
60912 20 100 9929 200 1577.48 80481
37483 29 44 373 403 103.95 8563
14758 31 11 2416 302 1215.12 5597
64489 23 75 2529 200 1317.75 36640
19536 46 2 5780 302 1759.26 31929
78283 23 53 6690 204 1874.59 80769
44730 35 48 6045 204 726.46 14163
72655 25 62 4214 301 1835.33 86175
81786 32 17 3988 200 1220.82 51876
15924 23 48 7107 204 1941.46 92219
50455 2 47 2798 200 390.01 61307
10712 33 74 9715 204 761.19 2435
59730 33 66 9706 200 885.42 74317
60643 25 64 7797 200 1966.66 72848
25305 33 10 1629 502 1111.79 34975
45400 13 85 6721 200 1263.11 50709
67312 40 77 7000 502 50.81 45021
22569 44 55 8788 200 184.38 82698
14479 9 37 9 502 783.72 33204
82727 34 28 9378 301 317.97 83599
50083 25 55 739 301 365.11 42352
73386 30 28 5245 302 81.74 59690
48688 40 13 405 401 278.16 15825
30967 16 48 7031 301 182.99 55965
49876 33 15 3166 200 981.45 11023
16165 50 47 1654 400 1659.85 38578
85922 31 43 1 201 1950.50 17372
26979 24 60 601 204 1163.23 41908
17636 8 80 4638 200 1392.14 2761
38181 33 85 788 200 1444.10 55795
24227 7 52 5880 200 459.84 81128
12261 4 35 1268 200 1988.21 85231
15568 20 90 5617 201 1851.55 63142
66539 39 99 3927 200 868.09 96293
66691 50 79 1231 404 1328.74 92065
79660 3 92 7348 200 1675.96 11853
78228 8 30 1178 200 707.22 29916
59094 21 36 6650 200 714.55 66655
67613 24 65 2956 200 987.81 76555
62173 30 55 2395 200 1605.90 6773
71075 39 70 2198 204 1608.78 82121
12019 20 60 1981 201 1652.79 14852
4222 42 60 942 201 887.38 65039
19160 32 31 1305 200 1238.37 3647
1528 45 64 1635 404 1727.29 59854
39025 27 50 2607 200 1819.34 67111
36858 48 63 4148 404 897.02 8222
74894 39 14 3503 200 1494.90 65652
14684 23 25 6840 200 1192.10 58581
47886 17 32 3930 404 1769.18 17227
71514 24 87 8918 201 1684.29 55762
44718 40 79 5511 200 1619.35 40229
65714 28 83 1759 500 1403.22 29646
74205 26 21 1339 200 365.13 51717
22875 41 71 3978 200 745.72 56633
60792 2 34 853 302 1471.48 75335
70328 30 48 2331 400 895.63 25047
58959 7 67 7976 200 311.87 68180
53837 40 8 4478 200 653.10 124
77887 35 94 5623 200 466.78 73059
70068 39 51 8155 200 20.46 23848
30858 49 16 5657 200 812.77 82553
28454 9 22 6273 201 681.42 19995
44676 18 59 7624 200 1183.54 82356
60462 50 66 7318 400 436.73 96485
45193 18 71 8786 200 577.12 94019
4203 26 66 9699 201 1586.97 64695
64111 2 67 7148 404 1322.58 58191
2637 46 86 6012 200 641.12 32930
53841 24 60 8672 200 202.83 35566
74704 27 3 7863 201 652.78 50872
29257 7 76 9023 400 1848.39 15388
59031 48 19 901 400 1261.22 60766
54674 47 77 3840 302 1922.06 28942
13165 30 87 9299 500 1406.22 29424
78294 17 97 272 502 1627.09 48374
8114 47 100 6701 401 233.11 6759
16753 20 35 6697 200 978.32 21767
38247 28 22 855 200 495.58 28936
84922 11 80 5363 301 1450.46 95626
65167 23 4 3277 200 72.42 90496
24160 31 36 524 200 149.38 84802
64674 13 7 8026 401 670.69 46319
60227 21 29 4634 302 739.17 43889
47325 7 31 4906 500 1463.05 49101
63838 37 76 5606 401 887.37 92478
42425 42 67 2746 201 1230.40 62522
11400 2 26 4370 201 1934.78 2588
75774 16 29 783 400 1850.04 24151
48627 39 14 1234 200 1888.14 71870
71181 38 79 2792 200 298.78 12146
82556 26 62 4443 200 1668.25 85291
40101 11 7 581 500 1963.35 88760
49018 33 89 5604 201 1300.58 50032
65221 41 56 6547 204 35.90 99536
27431 34 94 9327 200 1719.33 75956
78553 37 91 9893 200 1364.70 15975
16731 17 40 7673 200 957.07 90691
48850 36 61 2838 200 576.45 78652
53826 30 83 8336 200 420.55 25006
80034 18 70 6362 200 468.62 37732
24727 28 60 1206 200 911.28 69824
46512 34 64 1547 200 1020.49 88385
6189 28 37 6270 200 267.39 11125
50083 41 40 3462 200 531.69 88242
58994 49 75 1477 200 1330.30 37119
26394 34 27 6716 401 1394.67 77404
3358 27 52 4426 201 926.22 25658
43449 22 21 1968 200 1202.26 68130
42610 48 38 2844 200 1652.45 685
86263 23 58 6326 200 253.29 7467
67241 28 33 2776 404 903.21 2015
77627 17 30 7507 404 1183.86 20211
18801 29 23 3886 400 259.46 17808
37775 40 70 2003 200 123.80 70541
60598 26 28 114 204 1839.84 87426
9592 26 60 1579 400 417.70 2359
35638 24 57 7912 200 1673.44 83698
56728 24 34 9893 302 1985.15 21722
39180 25 15 6245 200 88.00 85299
1162 16 33 5107 403 1729.61 99733
2219 4 68 4328 200 268.85 93022
27900 23 40 6743 404 261.11 49678
73945 13 73 2 404 164.35 3445
83311 34 14 3746 200 883.08 13932
42587 22 67 7805 200 1379.88 67194
6944 41 24 1222 403 775.17 18127
45686 3 44 5877 200 812.01 17078
10287 6 75 4514 200 490.73 17240
11544 30 11 7786 200 52.69 92384
18519 33 69 8440 201 925.80 30685
45660 4 33 3164 200 1841.80 78258
6960 24 78 9540 503 986.71 51389
74705 2 1 9463 200 1195.77 77340
75830 4 8 171 200 613.28 98635
40150 37 7 2784 301 1411.83 27510
60477 42 86 9870 200 644.22 64098
80477 48 51 4659 502 1876.23 20334
78011 33 91 6649 200 540.63 69529
71869 2 28 1323 200 48.06 47301
10083 11 92 6495 200 971.94 79357
28379 25 97 1422 404 677.99 98394
60381 6 30 9924 200 831.49 15762
20645 49 96 703 201 1832.14 99745
81708 31 24 6462 200 1718.24 4293
83816 25 97 7964 201 376.84 36668
42080 16 93 3057 204 1611.41 33693
80937 10 7 2557 201 561.16 35808
46826 22 71 3892 502 874.82 75069
47657 34 75 121 200 1292.85 86098
33152 32 15 8748 200 264.92 95757
70806 37 39 5278 500 1238.60 32738
62696 26 29 8950 404 1498.96 40508
65901 2 90 2167 200 776.17 12166
72838 22 38 874 200 1900.39 51002
58396 12 86 9222 200 1378.14 2613
53675 48 45 710 204 205.30 87291
24550 42 19 9414 200 774.82 63599
1617 34 95 9090 400 1732.05 90791
35976 27 87 5662 200 997.82 3967
79333 13 56 3784 403 1482.75 33697
82544 29 56 427 204 1047.30 67990
67689 36 3 8485 201 1298.36 37116
17543 49 74 1602 201 642.64 11656
45575 16 56 4756 301 641.33 63485
72601 39 38 907 200 1300.57 64458
11813 41 68 3489 200 148.43 84687
9659 39 81 6448 404 1418.83 75864
44874 31 98 9837 200 332.07 40946
63700 46 28 2958 200 394.28 92649
9462 48 32 6157 301 189.40 16981
65927 40 21 5043 201 724.86 21316
74703 4 32 4839 401 1541.51 71564
60205 33 83 1881 200 1322.07 60608
58439 8 37 4145 403 1943.63 20644
57493 29 93 54 302 829.15 3447
16698 27 76 2911 401 435.87 4195
996 17 42 6260 401 1092.58 64411
50176 15 80 2458 200 271.21 51670
45434 45 69 2356 200 256.79 64811
70802 28 42 3813 200 367.12 92689
12640 49 34 1423 404 658.09 60198
1093 48 40 6259 204 749.46 53814
11518 41 45 3777 200 678.28 82627
79755 13 5 2413 201 1132.46 89392
18830 5 59 4115 200 1776.90 29175
18618 30 65 7684 503 1822.23 59343
43505 32 49 4338 200 426.14 16679
52184 3 96 6964 200 128.48 14962
59666 47 65 3505 200 926.22 16238
62056 4 72 8172 200 1085.52 3098
41922 16 93 3461 201 1117.04 32019
61335 48 72 6124 200 1112.61 2058
31438 36 4 1021 302 1054.71 50429
37778 32 70 6398 301 775.80 61683
31968 43 1 3812 200 1037.95 84258
53768 14 43 4012 500 501.64 3678
46011 12 3 4507 301 440.28 88487
84349 26 32 6497 201 134.88 88501
13713 40 97 1955 500 632.36 50944
59805 49 82 6900 204 1049.28 86442
60538 50 67 1827 200 1272.82 42208
63335 41 54 7998 200 474.35 96092
82826 21 45 2249 200 475.36 48159
60473 38 92 4824 200 192.91 69584
80202 14 88 5699 302 1675.60 51600
39096 45 75 7918 401 619.79 18812
36586 18 71 359 200 1304.79 64687
55980 22 8 7931 200 1436.39 31923
12546 21 94 7129 200 553.51 52190
12301 5 13 5826 404 315.31 52756
27761 37 44 475 200 1664.46 37812
74476 33 38 2240 200 352.52 29577
37567 6 54 2576 200 105.36 51324
41358 8 75 673 200 516.03 44071
43139 36 87 581 200 741.83 32923
16844 16 94 9875 301 610.60 70508
28432 19 44 1322 200 1285.85 19911
4482 5 28 4058 200 1152.49 68309
60412 42 32 7159 204 1832.99 63534
5045 32 17 2782 204 762.53 41864
29069 11 29 1496 201 1856.18 24593
33866 35 5 9007 200 59.99 24585
2125 17 14 7239 401 1176.52 29556
27862 33 32 425 200 469.06 63851
23922 2 20 6624 200 1945.14 14931
70767 38 18 2501 200 1657.79 18786
77861 35 83 5474 200 1293.53 67249
54863 26 15 9549 401 1383.79 13964
72437 43 39 275 200 233.10 98802
45628 30 63 8143 200 1517.42 80952
33470 4 60 2803 200 28.77 35743
30532 28 20 3340 200 564.05 16381
19681 40 85 6751 200 1093.57 3096
38399 40 13 5320 400 875.24 88037
3566 42 69 798 200 291.38 73841
71779 18 87 7241 200 399.69 13648
36278 41 23 9292 200 23.26 21031
28594 1 4 7840 200 898.67 64222
36105 21 19 3456 200 1541.29 81371
60095 25 37 7229 502 697.46 6448
43568 32 52 5147 200 1655.18 67564
43537 7 39 9271 201 1718.96 57668
77349 5 56 6489 200 1622.96 46102
79394 22 61 1862 200 1981.52 56070
23316 38 77 4968 201 1798.00 5935
17115 24 10 276 204 1173.43 85065
68934 33 59 8333 302 175.67 13352
65840 14 18 263 200 1019.56 31525
81730 17 53 1693 200 40.31 15400
40859 41 77 2475 404 340.53 41704
73577 37 78 2879 200 1352.27 33138
56056 9 81 1571 200 893.01 85332
75688 32 9 8077 400 596.43 72752
6441 46 18 7700 201 1201.90 46007
54278 46 13 8721 302 49.20 11611
29496 49 69 5072 200 315.92 91467
35988 18 31 7059 200 1381.94 26571
1853 35 16 914 404 1181.91 64153
56754 24 79 6750 400 1933.00 43015
76779 14 80 4868 200 1653.24 12149
21345 9 21 8203 401 1229.30 99348
37915 29 3 1132 404 291.08 48633
13443 47 20 1088 201 736.48 77851
85544 3 87 1105 200 758.96 51455
85511 9 97 5559 200 1272.99 69258
80995 21 79 7397 404 361.10 7021
16933 15 41 927 200 1416.99 64605
64902 41 6 3020 200 1559.71 10519
32920 19 82 2994 204 1766.72 66303
39298 19 75 655 400 1955.96 15344
5873 10 1 1065 200 1105.27 8254
85363 46 80 796 200 1139.58 62369
65389 42 40 7365 201 1338.70 50592
64447 1 14 1136 201 1587.53 85058
65932 21 75 9799 200 833.98 89522
32704 45 94 5320 200 1184.76 18804
48201 27 23 8575 200 1621.77 80631
78737 3 8 1972 301 1719.80 17615
45033 31 71 7057 200 79.31 96196
78512 34 74 9223 201 1686.91 2876
10727 17 13 5226 201 417.16 33093
67111 36 30 9027 204 427.21 42574
80428 11 53 6331 200 33.22 98985
2433 26 48 8081 201 973.42 40878
46458 33 49 9524 201 1574.97 25043
65063 31 93 7130 404 664.42 90562
74356 20 95 3139 502 1255.64 40630
32890 48 80 6709 200 809.12 54443
53374 29 24 8258 200 1629.36 59220
26898 35 58 8598 400 1597.85 85769
78877 11 60 8103 200 69.94 81493
9498 12 75 9347 200 344.50 69951
12801 18 19 4750 200 1894.75 91388
27643 20 19 2175 400 270.17 69767
77093 47 41 8818 200 910.87 14638
64564 40 92 4298 503 1049.07 89959
73064 18 98 4806 404 1604.68 2298
21032 34 33 7453 200 325.05 99895
53284 39 90 4844 200 1395.28 26445
33640 44 64 8889 200 366.78 94445
75570 2 89 7122 200 1427.87 53355
58339 50 2 4451 201 532.90 16782
77669 37 45 2396 200 494.73 78847
50132 25 73 55 200 388.27 82504
64952 5 48 7107 200 246.18 50458
47144 1 23 4242 301 1035.99 9955
51676 27 33 5890 302 519.26 90574
72728 26 96 3051 201 1758.09 52533
59737 4 86 3262 200 1977.77 65340
19787 29 64 5283 201 1699.49 21119
79142 40 12 1109 404 1681.00 13560
58649 21 7 891 200 1808.32 12285
38550 8 69 5441 200 444.93 89060
49750 29 38 200 503 984.89 38763
41115 37 63 1028 204 873.55 62986
35083 15 24 7269 200 1435.83 32708
12426 35 92 9476 201 794.90 93852
23178 28 94 7017 403 168.06 42673
14626 43 30 7137 200 1199.56 50634
37168 10 1 6822 200 723.54 51045
15468 17 73 3421 200 1994.05 78526
35284 45 19 9740 201 655.46 10644
27818 3 38 229 200 854.02 65399
16031 2 79 1059 502 1990.78 58799
64511 2 26 9630 200 900.50 73171
24560 6 73 6490 400 1719.42 10510
63444 37 93 2371 200 999.36 37018
69359 1 28 7567 404 348.68 14868
2474 31 17 9551 403 124.57 23447
27640 1 15 2971 302 1918.22 23576
27020 34 25 8417 200 376.17 32883
968 4 42 9920 301 1853.23 12861
29538 11 65 4081 400 1224.09 99308
44396 6 60 6312 200 1623.51 99208
65158 5 90 5193 200 1080.29 2278
49578 13 58 3672 500 983.25 51684
48076 1 89 7896 200 1633.29 11459
22951 14 2 4569 400 1423.65 32048
55530 6 89 1188 200 76.25 88928
44192 10 22 577 200 1235.39 43043
55564 30 27 621 200 605.75 91920
20767 24 61 104 200 205.54 15972
3803 15 72 2097 201 922.67 26520
28537 2 79 8207 200 1199.41 11742
29050 39 5 3683 404 149.27 1267
32376 29 34 8931 200 1853.61 19061
8433 32 83 5356 200 336.39 95790
85471 21 46 1413 201 1993.23 26908
77699 26 28 3356 200 333.83 46239
28229 27 8 3153 200 1839.96 75715
43212 18 84 4744 200 1393.19 9437
72969 30 29 7899 401 397.36 19596
34702 32 63 945 204 1027.30 37940
9841 18 65 1081 200 1670.71 35403
42296 25 57 916 502 1331.46 45012
8859 12 83 8377 503 1778.30 27786
45643 37 63 7231 201 482.61 63896
21920 32 39 7082 204 1341.74 68468
62717 42 81 3326 200 1665.45 10110
76957 44 42 2901 200 1607.42 78426
55035 1 31 5951 201 758.04 8868
64780 1 43 6730 204 1475.49 24921
63213 31 87 7370 502 760.84 23306
5570 24 99 6418 201 318.64 10472
50913 18 89 1340 403 1760.81 61632
43313 19 19 5653 200 1092.67 50687
69019 35 76 3053 200 43.70 80015
52716 14 43 531 200 1479.20 39930
69854 14 99 9053 200 654.50 60989
81519 41 66 2341 200 817.39 83355
66782 11 25 2483 200 317.14 28278
82366 15 61 184 301 1552.12 23134
2801 1 59 5989 201 955.82 43331
5346 19 46 3157 200 333.04 22316
38075 17 95 3532 200 1957.53 77793
80588 7 58 2713 200 1886.38 35658
15854 23 93 9591 204 426.65 72383
59562 2 21 990 200 148.86 24573
85328 1 59 8808 200 173.66 97699
7515 48 56 7931 200 132.85 10052
8499 22 1 5634 200 605.74 92710
36674 34 32 7267 201 476.45 23533
79003 41 28 8340 200 1947.55 87029
59906 33 28 6427 200 839.52 15087
45352 15 30 5801 401 727.69 49413
30058 18 47 8016 200 143.96 32747
3949 30 4 3894 302 330.19 69069
22198 33 43 5421 200 1701.06 96544
61318 6 28 4602 200 1200.81 32945
70154 50 85 2239 301 477.60 94909
81055 20 32 8328 500 983.59 58853
62994 29 38 5733 200 869.39 19727
51272 23 68 8729 200 61.83 92336
52399 38 34 843 200 871.09 8753
29074 1 50 8985 200 852.73 23732
83974 11 83 3493 200 136.54 73036
16987 35 86 7609 200 352.67 87795
40165 12 65 5843 200 1666.97 6588
11282 49 4 1519 200 1535.50 13032
35396 17 19 3165 401 843.63 45332
52839 46 41 2847 301 225.48 37466
33893 43 75 6911 503 1576.05 15428
39010 6 68 5233 301 227.62 6095
79296 21 23 1447 200 1893.74 17040
73188 5 60 7979 200 777.65 57189
82134 27 38 7808 500 658.55 23973
17824 25 41 2916 201 1338.92 86184
67158 50 72 9233 404 1985.21 54291
78435 10 69 850 201 654.26 4973
65331 21 32 8089 200 733.28 5863
9438 26 6 5627 301 996.10 10444
41769 20 37 5029 200 1369.59 31828
36175 4 10 1673 403 1173.68 5326
67287 48 81 5712 200 1718.42 17794
80934 8 23 5740 200 1116.54 5534
43068 36 61 630 201 1338.80 72188
31714 10 89 6522 201 1963.61 31557
72179 2 42 8115 200 934.84 38700
70616 37 22 6227 200 353.88 27255
69392 24 28 96 200 1665.27 37336
35725 3 64 2325 404 1636.13 99998
49667 30 47 6284 200 807.36 64467
74367 16 84 8385 302 660.62 14379
71769 33 49 2489 204 175.71 69991
81528 44 79 8075 301 283.61 75939
8125 11 35 934 200 272.37 24212
48877 39 43 5739 200 1086.29 98208
69633 40 28 6295 200 55.11 7739
10068 8 74 8371 200 1594.09 88910
45898 25 49 8996 404 161.28 80224
81679 6 8 6364 302 1798.30 76111
19381 36 61 5185 204 1899.89 10760
80123 7 66 8370 400 765.30 82880
71581 32 9 8263 301 599.34 83903
16371 19 8 7453 200 1680.44 63088
45858 3 77 3757 200 741.30 55074
4690 31 73 6957 404 1571.58 94635
18976 10 83 8281 502 1068.71 88288
45456 6 37 8497 401 1008.05 15294
26688 19 41 8162 200 1459.98 58003
56297 5 6 2179 400 605.90 69248
85170 17 51 6678 301 1613.30 95658
8595 9 58 5384 200 831.75 32618
55581 36 67 9739 200 1042.77 79069
22382 23 68 1659 200 425.55 56825
10870 35 38 601 201 862.90 60422
11557 50 21 9642 401 533.42 3429
1936 35 84 5542 500 1816.10 54491
50074 9 14 8338 400 1511.78 95179
70513 19 22 7847 301 157.51 66718
48209 7 19 7056 502 88.16 97309
8106 47 13 94 200 1538.50 80712
59239 24 81 4846 302 724.58 44298
30517 14 76 107 404 1071.15 14464
84273 11 72 3517 200 1337.37 1810
71551 28 20 3503 204 1083.61 50627
22580 32 17 8937 200 174.93 43626
54191 38 40 570 200 1161.07 55935
64903 16 53 9975 200 425.36 31397
54332 5 25 3472 200 1931.92 45411
49897 40 45 2167 404 1582.89 41628
28781 44 19 641 404 621.86 55738
48826 3 27 9144 200 559.27 44751
9442 32 26 6157 400 1449.11 22809
68527 44 24 8008 400 1695.42 95589
53538 21 51 2219 204 855.11 55786
21607 45 72 5940 404 714.48 43110
60060 16 65 9460 200 695.67 22243
75223 8 13 9787 200 936.01 59205
36727 20 37 6086 200 523.64 90533
48830 20 22 5642 404 1987.70 97369
83747 4 72 4605 200 1648.66 82540
77786 43 91 7464 200 1280.00 44969
27324 18 46 7189 200 1317.71 23492
80092 29 28 3610 301 1129.56 12226
79832 6 11 1386 200 1126.10 36942
66267 9 13 5034 301 90.61 72767
25196 22 81 16 400 1758.09 28267
28968 32 72 1994 401 1353.48 6924
40727 30 92 5976 200 159.17 66175
82022 29 54 3353 200 797.02 89117
25154 4 72 8933 200 156.82 39846
56788 19 98 2835 200 537.14 53026
27751 13 55 9829 204 1688.86 94482
35923 42 36 9849 404 1233.84 71524
51708 14 13 4496 404 1512.46 50743
14521 35 89 4441 201 797.31 29496
61981 23 88 8069 200 330.96 1477
32685 46 7 2749 404 394.74 28584
37985 45 75 5405 200 1095.79 67895
18859 28 3 2758 204 409.29 87991
59960 39 1 9267 503 1490.13 30380
74988 26 68 6454 502 1666.30 11115
61962 48 48 6728 400 662.98 35974
39780 43 4 3841 200 544.40 78503
23685 3 7 1743 200 526.86 60636
72443 28 20 7989 400 1543.14 42559
43134 13 36 9603 200 1454.89 15347
15901 21 83 6140 200 1438.93 50699
48274 8 49 250 500 252.26 16262
60908 6 66 2897 302 1176.99 17915
41482 30 58 5470 404 1280.37 9835
70785 45 4 6000 301 928.53 25359
65360 37 59 7935 200 1580.36 30623
38339 7 86 881 302 1408.23 77658
60494 32 92 5591 204 1860.45 61988
56638 49 65 3124 502 298.32 26265
66010 31 64 5840 200 1041.11 7905
6009 4 19 5930 204 1812.30 57934
40401 17 7 5554 200 889.31 77694
74938 41 38 9980 200 39.58 10139
20280 20 59 70 201 1696.03 12245
47699 36 61 6673 200 1626.48 38562
11126 49 93 1205 500 1268.95 34018
4522 10 98 5270 301 982.35 88965
57076 9 37 3434 201 1359.94 81960
75330 4 77 4492 204 382.00 96612
49938 12 54 741 200 1762.91 75921
12985 17 89 2441 400 1472.40 49576
23881 17 88 3937 200 1479.67 42806
51088 37 97 2116 200 1307.46 81352
46612 19 61 4653 301 1721.63 41080
35915 27 54 7801 301 853.76 44878
84188 32 11 85 201 113.34 22934
74093 32 81 396 200 587.40 75387
59041 19 88 5751 200 346.76 56584
25581 2 25 3106 401 913.87 55458
12955 31 44 4701 200 287.87 48835
30634 18 67 9370 201 1685.94 64536
65727 11 67 8601 404 641.34 61386
47322 18 61 1178 200 1471.37 73998
83089 34 38 5201 200 216.53 33467
25834 8 22 2819 404 319.63 87674
28444 41 47 8126 200 895.20 42639
27471 47 98 1615 200 1898.55 31421
44036 27 19 2787 401 1638.64 82710
62583 44 69 5696 404 1020.55 83711
52450 43 76 496 200 54.23 35082
72531 32 18 1924 200 586.87 81626
2774 26 75 3245 200 654.53 69944
68133 43 72 199 200 1890.52 7707
33286 42 94 2660 404 1194.00 21489
49059 5 17 8965 502 1909.06 46852
73615 6 85 8356 200 521.66 20913
68107 20 92 6409 404 1321.28 65287
72491 50 48 2040 502 631.23 15433
35593 47 36 5224 204 1755.86 58956
35394 16 42 1323 200 763.08 49717
32888 15 36 9280 200 919.18 83638
81861 10 91 1457 200 741.84 28145
48494 19 95 902 400 648.42 41652
57696 15 36 5403 404 1753.61 80206
38492 11 25 3988 200 152.45 84283
52244 14 19 3590 401 240.93 53478
39850 7 13 535 200 943.20 51811
57755 40 65 6763 201 1657.69 40546
19680 24 84 8015 200 294.85 12930
75466 6 22 9322 200 667.26 68387
45718 41 35 1839 200 252.64 32666
46746 5 30 2102 200 577.67 6062
39180 22 76 9582 404 1988.02 35861
36014 38 5 4241 200 855.40 13603
39295 15 30 562 200 418.63 69277
7883 43 42 6665 401 825.64 74930
43232 6 5 7912 200 886.76 62585
50754 24 96 6079 302 86.39 51803
22315 20 18 4794 200 1002.15 74025
12963 14 75 8245 404 701.72 88973
58869 31 12 3162 200 1264.82 68773
32265 22 91 9285 200 62.77 94936
41530 49 80 278 302 443.77 84344
60600 27 87 2066 200 1961.02 2505
81071 3 28 297 401 597.29 57844
42613 43 79 779 404 784.65 1256
41531 29 45 1248 400 516.22 71064
58250 27 65 6848 200 1873.43 26782
5575 44 55 129 200 1220.73 25832
70593 47 36 131 200 1564.30 6547
16283 32 82 8140 503 60.25 20986
57029 14 42 1670 200 73.95 12330
74072 19 53 2614 200 985.90 54516
31035 17 56 8638 200 1764.72 85392
57377 12 96 5079 204 1129.69 50140
31592 46 65 7308 204 64.17 53308
30599 2 35 5077 301 1518.66 26789
9795 32 100 9446 301 1336.59 24984
85209 29 16 8818 201 1323.28 43935
30905 22 39 2254 201 884.90 35983
29847 10 45 3695 403 1476.77 98028
28913 42 91 9905 200 1686.01 12834
35132 6 75 879 301 1202.08 8438
55953 14 69 8220 400 1002.99 62269
58129 30 19 9437 200 118.39 83339
56462 26 75 9439 200 866.74 6047
38884 49 36 1100 200 89.18 38970
36916 27 10 199 200 1194.77 26096
75965 32 50 424 200 586.59 89990
19752 36 65 9662 200 1805.32 66518
73063 36 90 9354 500 1103.75 54939
42801 29 34 4693 400 1999.68 93295
61390 12 68 3103 200 1612.19 34277
8557 17 46 7844 200 1518.74 41139
70316 26 53 652 201 1918.52 17891
84578 19 54 9059 503 844.29 99713
14415 14 29 4530 200 699.12 63043
6172 42 75 7113 200 790.69 28722
72560 41 64 33 200 1319.34 79131
78444 9 24 6911 201 295.80 87431
59519 3 15 4245 200 44.04 69033
12703 40 98 1684 401 15.42 20605
45797 47 52 6547 200 1164.25 1084
27519 23 39 715 404 348.16 66445
36740 39 44 3292 500 1876.99 47268
3515 2 2 7712 200 1283.47 27863
69416 13 29 6784 204 335.13 80408
76421 36 68 2314 200 1390.94 11354
30945 24 17 1690 200 677.31 32149
13023 7 64 8296 200 1026.12 2558
59732 40 32 21 200 989.67 57087
70731 30 84 8242 301 529.35 72047
5149 13 1 2147 201 1358.03 9501
4583 25 7 1516 500 494.42 60484
43342 22 17 8454 302 1159.61 47595
27627 21 20 3308 200 969.49 33992
73458 26 74 1691 401 291.91 70872
41558 24 75 1503 200 266.34 47542
9891 43 3 9905 204 1587.09 69975
1251 27 89 8585 200 532.65 75406
81309 26 45 2863 403 1194.08 47162
50058 8 66 8513 200 621.21 21191
58187 24 51 9803 201 1876.55 64976
70275 24 67 1544 400 823.20 64378
45928 22 97 7988 400 624.95 76981
60716 34 50 8969 200 1641.72 89547
32641 18 82 2874 200 430.02 89496
47056 30 15 5077 400 534.71 59846
1326 7 41 9785 200 1644.52 38398
66411 7 72 2773 200 602.67 67882
25838 14 56 7859 502 1803.08 51177
9931 7 37 2797 302 28.30 9902
81027 20 45 9921 201 1243.94 50390
40696 48 67 9153 500 1624.93 6597
25608 25 35 9928 200 1188.17 36140
9213 6 15 7784 200 1242.25 30615
79865 20 58 9665 200 1637.71 61279
29510 8 85 4565 200 1252.90 13022
49711 8 32 7588 200 521.58 25166
17660 15 36 7626 400 940.09 86029
61993 21 46 6121 204 1498.77 92737
44987 28 52 5357 301 682.37 34734
62582 17 33 2698 201 720.95 37907
46683 10 41 8720 500 1253.84 57264
70083 29 99 3838 200 1600.46 35990
24250 36 88 559 400 1659.78 77309
34661 31 64 5253 502 566.03 10742
13318 42 29 2743 302 651.00 90891
4866 21 21 8500 200 627.02 10160
5116 41 26 9970 400 948.00 38952
49089 32 1 4278 200 1007.56 2270
5694 46 89 1133 200 351.52 64058
69067 6 48 7026 401 1643.67 94076
24561 29 27 988 200 1591.95 92061
54093 18 93 7799 500 522.59 40428
71737 33 27 3849 503 811.35 50758
47195 43 23 5281 200 504.30 58903
48631 1 59 2848 204 1624.69 75395
26988 46 65 5106 302 1828.12 69826
55522 7 68 6651 200 346.02 58310
43231 43 46 2962 404 1241.14 78997
36562 6 63 2075 201 926.89 48284
85437 46 59 5099 301 1995.49 31290
12697 14 74 4944 404 1417.32 59686
58534 47 73 8660 200 275.47 19357
51941 9 52 3622 403 1429.19 56443
48943 3 2 8738 401 1570.95 24324
1382 37 5 1847 204 1256.79 34297
64970 18 44 1343 301 1293.71 94740
8754 27 47 2096 301 1097.39 67469
69451 41 18 6859 204 1707.33 93011
77811 23 39 478 200 495.00 21454
35828 47 32 229 500 1178.78 64499
66938 34 40 6607 201 1222.60 26508
70027 3 79 9405 200 1350.03 83911
59395 29 88 9575 200 354.31 71061
40887 38 44 1860 200 150.62 65593
32318 10 50 7345 201 1157.04 33146
58601 39 57 5314 200 1231.00 72401
83564 12 13 4971 200 80.77 32190
72095 32 38 8411 400 926.25 16232
78557 36 31 5718 200 1901.00 89875
25206 40 56 9015 200 1336.63 96090
63803 43 75 9211 200 1097.16 26217
72590 17 91 8521 403 210.26 73103
82066 2 19 3150 200 310.36 86048
25134 38 8 3536 301 369.55 31263
33030 8 38 7184 401 628.76 67917
24062 14 25 2422 200 693.82 66947
45513 42 28 6637 200 578.64 31700
35376 47 43 2629 200 765.20 7151
20839 48 22 9103 200 367.99 76732
26922 35 56 4572 201 535.01 90278
6420 6 34 3989 400 1777.28 8914
29034 14 17 3671 200 236.65 98006
19511 7 27 7095 200 1829.34 7315
35236 36 45 3861 200 253.92 40144
19570 1 24 4376 200 1607.88 1624
9254 31 77 2560 200 1411.49 8418
11370 43 45 2495 200 718.71 97766
34636 40 33 7742 200 17.78 87311
63453 20 100 9629 301 1664.16 14256
43275 15 17 1708 200 1594.17 96860
29433 13 91 9924 200 736.97 78726
51323 6 70 7738 200 562.34 7775
51793 25 91 3347 301 365.37 77683
34034 13 97 8273 200 352.14 9155
30250 8 25 6050 200 1097.45 18175
76021 34 82 5800 204 688.11 49016
66505 23 13 7399 201 212.43 52809
12263 17 36 7906 404 1485.42 65675
15170 1 28 6041 400 341.14 94125
15635 20 3 9518 500 1321.39 45745
762 20 41 4545 400 68.00 18820
67722 20 67 8356 201 1694.75 5024
71415 19 91 1741 200 714.82 8372
62736 47 93 4752 200 643.74 99951
30362 15 81 1872 200 1010.32 2284
30656 46 70 2156 204 124.58 50063
7043 42 1 9270 301 611.44 5141
59582 15 26 8515 200 433.88 43176
36667 40 85 4087 200 1413.83 35591
34958 20 94 1222 301 487.69 68076
54334 43 23 2919 200 1646.43 73917
55626 8 36 6078 204 182.05 74211
40245 31 27 8280 200 1900.18 15910
47694 7 33 2694 502 1495.90 56907
1680 36 41 8752 500 205.81 45984
51918 49 67 2190 201 1400.72 33550
71329 4 41 659 400 1231.30 43604
61786 45 69 9500 302 749.33 25323
70853 20 3 9392 301 511.09 29196
4837 48 69 4361 200 1356.48 26192
66318 26 48 3618 401 139.72 32103
23798 9 61 6317 200 1942.73 13763
54639 2 99 8635 200 314.54 14641
14922 3 89 330 200 166.93 80025
44251 39 33 4999 401 825.89 16393
71453 39 76 5821 404 730.32 63109
84907 26 58 4616 503 1009.29 72825
2763 41 63 532 201 1604.08 63306
48474 1 7 1198 200 423.31 81766
69101 3 31 1374 200 1267.10 41303
84357 4 12 5852 200 1143.76 83639
67361 24 93 3217 201 521.79 65282
34660 16 34 4511 200 1387.30 75982
76315 22 98 5044 200 1493.98 65221
51535 25 91 9379 404 1976.10 68499
74471 14 55 6674 500 1836.95 57854
62176 42 5 9423 201 319.15 31112
13440 10 12 1163 200 1508.45 61776
20376 25 3 9731 200 1747.76 17006
8668 3 61 1892 301 165.41 50352
47955 10 15 3690 200 838.79 10172
45789 9 63 3490 200 1498.79 46312
6461 5 87 7971 200 1093.35 31006
51476 42 67 1829 200 90.87 94024
81156 41 31 8893 200 1698.38 90767
6243 46 75 9237 200 1732.03 18500
82146 23 33 4118 200 1661.17 30106
73802 38 79 739 201 245.50 93756
25343 29 26 5827 403 699.48 80865
4327 40 75 4989 200 454.57 24120
40169 42 1 9583 200 467.51 15555
16378 29 68 9618 404 1700.91 15792
71008 21 31 3033 204 435.26 49630
53119 18 38 4143 200 425.62 67417
53434 29 57 8518 200 81.20 79710
15726 9 35 1146 204 797.89 44590
5167 34 36 7516 200 956.61 36342
65273 10 36 6318 404 1292.90 88061
70235 23 53 5796 302 699.25 77341
69054 46 44 4312 404 1243.51 1236
75172 32 4 4519 200 975.74 17503
14564 34 63 8250 200 811.09 41253
49206 12 52 6531 200 1644.21 10136
1223 14 41 2459 400 1145.92 21662
66007 17 7 219 201 1262.11 85010
19658 36 55 8693 200 1441.93 5960
46656 7 83 4945 200 162.86 5271
21993 34 7 2732 200 133.81 731
82709 25 35 5199 204 1940.23 94333
84905 45 53 8949 200 303.79 53163
55232 34 49 5648 200 126.25 56330
33408 44 65 6092 201 882.06 91788
39985 4 96 9310 403 42.87 65618
25763 22 6 2833 200 468.08 66252
29713 12 88 9338 200 521.17 38514
27181 6 47 9041 200 1960.80 3263
30027 27 84 4579 200 660.21 3270
60969 31 1 3116 200 1637.48 15312
21436 29 31 1690 200 1544.79 82785
23027 19 38 3984 200 1832.78 53221
77482 46 99 5539 200 1179.80 41554
7789 23 29 8301 200 441.40 7793
27192 19 79 9994 200 315.39 99883
47470 20 52 2478 204 1603.96 28087
6014 15 62 1403 301 643.42 25773
69357 16 98 4671 500 1421.62 25485
80943 22 66 7778 301 1557.10 90588
40291 33 92 9817 200 594.20 94854
31308 49 33 4151 301 1629.72 64266
70615 16 2 798 302 918.57 23211
48080 40 46 5343 200 103.02 92336
65657 26 32 2926 200 1044.74 50769
45791 11 69 6707 301 285.46 77882
46043 34 61 4819 503 810.22 48335
9209 6 83 3344 200 21.28 17980
2757 1 6 1598 200 214.13 89322
17079 28 77 7599 301 1041.12 84132
64344 22 55 8676 201 941.72 83867
62081 29 22 3773 200 991.22 12817
21807 6 96 1650 404 1981.88 9378
30842 15 30 922 404 1708.85 21000
83882 47 71 6674 404 1108.47 94646
59675 44 62 8615 301 4.21 59021
37110 32 64 9219 500 1328.84 81909
669 30 11 220 200 458.40 21430
29271 12 62 6003 201 579.55 43744
17937 40 77 307 403 768.38 13404
10215 33 57 8045 401 1439.65 68695
76674 41 22 7994 200 1482.25 82246
82032 30 71 9630 401 1401.88 31975
5206 34 11 4923 404 1948.79 2980
70831 46 100 8909 200 1560.63 33060
4145 6 29 6214 200 1843.48 1138
42525 17 93 2144 503 1342.29 75936
35050 36 8 3552 400 967.11 81660
61793 15 56 9815 200 592.59 36682
30106 47 52 5298 401 1152.33 57754
82763 9 37 1494 201 1457.69 70576
64887 27 23 3264 200 965.07 91826
57560 28 58 3202 200 265.04 10884
40886 35 80 7343 200 541.77 16805
7958 35 100 7568 200 1700.43 46354
71653 49 48 6599 200 896.87 67708
66890 1 43 1225 200 1511.60 93571
38023 48 55 1317 200 884.69 74915
71896 23 74 3772 200 1929.92 78099
66698 14 3 2855 200 606.85 15002
21522 4 76 3082 204 1233.48 82375
23833 4 45 619 200 417.41 51746
50210 18 68 5429 500 287.60 49890
169 32 8 1195 200 1781.10 58119
29577 25 81 3540 200 753.20 50090
52845 45 17 8193 200 1819.96 26989
41447 26 5 9628 200 399.85 54678
38740 4 64 9223 302 1602.76 64293
50459 44 67 3294 401 757.06 97821
21837 33 92 3417 200 1926.73 45906
15984 50 81 5396 400 15.13 74780
42912 8 74 4663 200 1341.14 41955
5043 21 9 1037 200 1614.38 20177
25935 30 44 5193 200 1810.93 59193
64753 38 16 7609 302 1453.18 24541
5098 46 54 4621 404 332.83 1303
17741 41 36 7123 200 1880.85 59982
66234 28 97 6024 400 1785.74 75496
35833 34 81 8115 400 307.31 87496
20194 2 27 5467 503 992.95 49584
74676 30 19 8270 200 101.31 43210
41696 25 92 821 200 937.95 6570
72876 32 94 8345 301 850.72 73513
10657 36 92 7691 201 916.42 81617
13750 50 85 6602 204 639.54 52040
1763 49 20 7860 200 1428.18 88396
80470 10 54 5222 201 1208.29 31222
28290 46 88 7973 302 1178.60 63628
83763 6 30 6227 201 1797.31 74204
76108 40 16 5972 301 698.57 98664
3435 2 26 6729 204 1293.51 77742
18860 9 23 515 403 152.10 7553
33982 5 10 5730 200 587.94 20329
27286 30 21 3634 200 1400.47 69835
72300 7 28 9483 200 1886.98 52838
71997 42 69 2508 200 322.45 17714
34923 13 2 2449 200 1151.69 33348
2434 45 39 1830 200 1885.30 98519
26699 26 94 4257 200 1570.11 75368
6219 6 96 8523 200 1384.70 97410
43235 47 71 6420 200 1497.32 83515
28992 43 39 4126 404 1439.44 74481
72487 14 99 9388 200 133.46 80675
55673 5 85 5408 403 38.96 20045
81174 49 98 9195 200 1118.01 12805
47996 39 45 4816 404 426.00 62759
58117 11 79 5274 400 494.21 95804
33986 31 96 7849 201 1196.61 22277
1153 22 53 7741 401 489.97 17022
57202 13 10 7561 200 832.64 22515
21642 4 55 7299 200 1592.76 27020
57365 19 73 9187 404 321.90 60128
71649 11 30 8155 201 454.75 99860
54014 39 95 2418 301 587.32 84400
7729 6 43 394 200 933.95 51889
49200 26 51 6287 200 42.26 98384
28067 24 40 844 502 9.22 20418
67055 35 4 975 200 1018.76 38987
61204 13 86 2263 200 342.60 68425
58140 42 37 5256 502 9.62 54305
70732 8 34 7078 404 556.70 30694
15585 50 77 1033 200 1784.49 61963
10297 12 39 1719 503 584.44 95472
78057 40 18 8446 500 1107.82 7951
29672 37 77 8921 200 1451.45 78555
38452 48 76 4425 200 994.54 17954
33982 24 38 9336 200 1258.12 38110
1044 44 72 7297 200 1028.29 90476
7887 8 96 2616 503 313.41 83418
62262 28 73 3364 403 306.41 21592
15549 34 23 1863 301 985.56 98920
33404 10 31 8057 200 707.54 56169
21061 48 98 6539 502 213.63 24847
73150 41 34 3113 200 1386.39 27222
22254 21 49 7261 200 1511.31 40743
9544 8 92 7416 200 1150.07 11803
52487 14 94 4040 200 1.13 38139
76780 21 1 5019 200 922.91 52436
59343 11 46 6074 201 329.31 35211
20573 18 7 811 200 1384.21 22125
4205 34 76 3163 200 264.68 19450
49720 28 35 2181 400 624.96 58511
25369 14 1 5087 200 1805.92 34390
66216 8 50 5947 200 1663.67 32921
24585 5 22 5438 404 1733.57 50870
52234 6 40 2214 503 1612.25 41221
30228 24 55 6807 404 1582.23 77891
1934 36 13 4089 403 1069.94 38942
5634 30 26 9059 404 1566.40 57151
18108 7 74 2006 404 1999.62 15000
47542 34 62 6103 400 1103.60 18328
5146 21 71 5352 200 353.04 99169
63600 30 20 7108 201 1540.18 16261
64979 43 66 6107 403 987.96 70649
44890 40 62 3761 200 1938.37 54737
2789 48 34 8830 200 83.52 89924
58781 15 5 2578 401 556.69 35236
56818 22 83 5194 503 771.08 8955
20973 4 58 3068 200 1001.36 25999
34109 50 56 4187 401 1296.91 33541
80654 10 63 6494 301 1658.63 78669
75578 45 71 2669 200 69.67 11067
31975 41 85 2330 200 291.45 69510
16861 42 78 5835 200 1929.11 15252
8177 34 77 7283 200 1569.71 89833
20728 38 70 3656 204 915.04 23309
5748 5 73 2631 200 340.22 54110
28867 34 42 4381 200 823.99 97180
78775 41 17 8815 500 1506.73 11716
68150 45 44 473 400 748.08 37888
4420 3 85 7628 201 1629.94 26826
6527 18 63 3226 200 1054.08 11080
34279 43 34 886 200 470.88 64556
28775 31 63 2793 200 146.90 20506
50746 43 57 450 200 1263.12 53202
78891 37 87 1130 200 551.62 84109
49764 39 34 9025 200 1823.62 3465
34788 32 64 1168 200 1453.43 54709
60769 18 30 7928 204 1379.82 18948
19961 49 97 3450 500 1816.62 75075
31523 9 26 634 201 1107.49 52173
16326 6 35 3860 200 567.60 15641
57481 50 100 3024 301 463.89 44860
47530 10 39 6101 302 295.29 58459
65415 48 71 9893 200 1668.81 39428
33015 35 60 4961 200 1574.15 15970
48004 29 73 5468 200 1083.92 41425
84076 40 72 5992 200 404.63 57574
70496 7 57 5476 200 1535.24 68604
83564 32 37 6376 400 279.08 28601
47489 40 51 6178 200 1677.77 51930
16164 17 98 2932 400 134.77 7874
27040 18 66 8024 200 1809.30 30286
49692 43 93 3500 200 1060.68 56560
11721 42 80 2216 404 1184.25 39948
62683 42 8 4936 200 448.83 80543
61435 26 90 2747 502 1530.36 79928
85163 18 37 6893 200 1626.97 68787
56794 2 44 2918 404 848.22 84595
83000 2 22 7533 201 1393.75 77662
35626 20 87 9071 201 1362.20 30245
8191 39 64 4953 201 1663.48 73799
72003 2 17 9263 503 709.01 86867
9251 42 66 8494 302 934.29 27251
34968 24 40 183 200 32.94 45083
53493 47 57 8793 401 1177.03 88433
8774 14 33 8320 301 68.61 4358
32413 34 51 8883 403 337.12 98276
78730 35 70 3729 200 363.55 71629
42129 36 50 5947 200 1622.22 20207
81001 30 87 207 200 1528.45 34307
34517 36 84 8315 200 1894.60 14586
58521 19 22 95 204 1643.32 59748
54427 9 79 6931 400 959.19 26740
8105 44 62 6541 200 1974.60 51370
82096 4 58 6361 400 321.85 41662
38798 10 75 5202 200 426.41 67724
58130 37 12 8459 200 780.16 41042
47724 16 76 2580 200 327.59 34720
34858 39 91 5347 200 306.84 14264
73543 18 100 3212 500 856.54 15533
59656 12 61 4247 200 1403.15 34652
46470 3 83 3005 200 186.40 12426
53566 45 35 8196 200 261.60 98208
77637 9 24 6594 302 344.05 80913
9651 35 16 341 201 1307.62 67433
65607 22 48 5378 200 1722.64 7066
14737 17 37 6619 400 1477.26 66614
9562 35 89 6770 201 1905.09 61485
43820 11 45 5081 200 464.84 54861
25234 16 43 5241 200 1676.51 73571
86374 9 33 6277 301 1604.37 99609
73209 18 16 7561 200 1249.97 75717
60898 14 75 5259 400 1535.24 42155
56490 11 8 5426 404 1934.21 2766
64645 46 1 202 200 331.49 10211
54174 20 55 3385 200 1764.59 45549
53173 3 80 7635 401 100.73 31830
20982 22 78 6104 200 1676.00 82336
77772 5 47 6773 200 126.24 73531
57240 33 13 7455 200 136.19 4946
13229 5 15 8413 200 605.23 85468
42439 29 64 3683 200 1182.46 95853
10068 21 75 4127 404 859.19 15045
73975 40 3 3079 200 941.64 25355
79717 14 30 6302 500 398.29 8444
79631 35 67 1906 200 273.61 66814
28706 41 29 1752 500 332.03 95498
2217 37 70 6949 301 1766.05 79525
25594 12 31 868 201 1780.55 91212
73206 27 12 3002 400 625.33 35004
83227 8 99 3779 204 1012.65 26394
71499 26 65 8515 200 209.70 6512
6434 30 51 3897 200 615.62 21311
77595 35 59 8259 401 1570.35 97894
11214 19 40 7569 200 212.88 60283
71976 36 77 9513 200 274.60 70396
57797 11 97 114 404 1047.53 42333
84988 5 39 1689 503 986.88 51270
1038 16 96 8253 401 834.44 54891
62838 6 45 6156 503 70.44 26323
72731 32 24 3799 201 1748.42 89891
30030 26 8 4472 401 98.77 44995
7469 10 3 929 200 1438.09 87615
35577 25 58 2219 401 589.35 1229
80844 34 26 2645 502 617.60 5146
31416 2 47 4961 200 19.70 87634
25579 1 48 6547 301 1922.89 58010
32002 36 20 6756 200 276.05 79195
43155 46 90 868 403 1818.03 9396
79845 48 77 7431 200 591.41 92028
77347 18 18 412 200 1465.97 39700
38185 2 76 2278 404 1046.71 20371
70454 22 56 359 200 138.17 48341
75773 16 58 6017 301 997.21 22659
71045 36 19 6716 200 478.04 24744
81784 22 31 9638 204 1898.17 77573
62419 38 73 3819 200 996.71 52020
28675 13 38 9987 200 462.14 79138
53903 31 52 8347 201 1969.99 81124
83162 25 28 1461 200 507.05 77683
19318 46 96 6527 200 755.93 97037
36217 40 86 2545 200 1724.72 58067
30880 27 57 3762 403 1151.91 63987
27053 24 45 213 401 227.20 7219
40097 6 58 6237 301 1273.60 73582
65930 7 95 6535 401 1779.00 21832
50074 16 32 5878 403 1403.75 54044
46916 10 61 9526 404 66.88 81628
48553 40 79 5174 200 40.01 40659
3752 10 4 6148 503 731.21 14297
47725 25 33 4815 404 147.99 17959
82705 45 22 1516 200 1306.22 65237
33342 16 54 6119 302 21.73 29366
2957 24 99 2666 200 174.27 73017
69271 19 92 1509 502 1169.41 65260
16619 48 69 2996 403 1012.54 9104
82647 12 14 915 200 1048.14 95300
59356 23 79 5301 401 1445.53 55773
53534 47 42 3876 200 1039.12 1080
25689 30 27 8660 301 1601.86 50282
77333 39 76 1871 201 1272.76 86383
42393 41 12 865 200 1113.96 63560
61306 9 31 746 200 74.94 77127
72508 44 71 9130 200 745.70 11098
35139 36 38 1467 200 266.68 2132
82161 22 45 2242 200 942.22 20051
17794 1 46 7584 200 1885.03 99090
51218 28 9 6469 404 748.63 33877
14389 27 29 7996 401 1396.28 558
76555 43 20 761 404 1898.92 32157
85545 26 81 7440 200 261.19 20412
58705 45 82 3167 200 1835.39 46994
1143 13 20 1611 200 1450.22 64792
46327 34 99 8801 200 1044.80 51560
62681 8 64 1482 204 1663.01 6139
64602 6 66 3433 200 852.74 124
15434 6 78 7664 404 481.46 51182
68679 48 20 5356 503 285.12 5267
74496 10 50 3736 200 619.62 96509
44472 20 38 9542 200 1360.54 93106
16582 28 25 6784 200 1505.82 812
20388 21 15 2281 301 389.70 28750
72771 50 27 2499 404 633.56 64428
64724 6 66 4782 200 1768.39 67144
6342 21 83 5482 201 535.44 20312
29353 6 2 5210 503 69.62 18434
39841 19 39 4211 200 1596.69 89513
62676 1 77 7750 200 767.21 61492
36301 37 31 6813 404 1540.63 29883
10407 42 93 1347 400 578.45 77221
76331 18 43 8060 502 511.23 17746
74080 29 78 5693 200 1903.03 11075
72911 25 83 1057 201 1640.77 9809
86196 39 20 3809 200 967.01 46959
79982 46 18 7690 400 204.81 13766
3099 43 32 9697 200 607.77 45128
33743 27 82 8138 200 1090.31 70620
72776 21 44 3303 404 1834.75 57979
81906 26 28 2581 200 740.14 15506
14362 31 67 264 302 1467.40 22557
68199 13 18 7874 301 1750.48 94671
34863 34 55 954 200 1327.26 98965
41184 50 74 8906 204 14.93 17778
60440 28 24 9579 204 100.94 75626
85429 33 16 3652 201 1869.96 29507
63038 9 51 1778 403 1745.95 39439
40188 6 11 3259 200 546.65 43933
45703 21 31 3651 201 1209.48 91825
40299 32 90 3144 200 987.27 30065
58158 38 59 1022 200 1602.60 91089
15828 1 63 8906 302 345.21 18821
22726 17 55 8235 200 1447.30 79139
67163 16 51 699 503 502.21 51665
5837 35 33 1681 200 1304.42 48086
56623 16 50 4234 200 1437.02 88145
8609 37 52 3147 200 1335.71 97991
77281 16 18 773 403 304.75 28018
2156 35 50 778 301 1801.72 1140
83754 3 22 8333 200 1823.28 9227
26882 21 7 9195 200 1867.59 47426
45549 1 10 5812 200 780.92 28292
22586 28 53 4836 200 177.20 89077
69320 20 49 770 200 620.58 31782
66497 1 3 9113 400 215.40 96844
60629 10 3 6279 200 1097.30 9694
47957 49 8 8939 204 128.35 31982
28065 14 38 2243 200 4.63 57794
50957 22 30 9473 500 1131.38 52938
55672 46 14 8311 302 254.04 69947
57550 10 70 5703 500 691.00 64066
16054 31 95 3854 301 174.30 26830
55599 45 61 8457 200 62.20 87455
38590 11 19 760 204 960.36 9997
36944 48 77 476 200 326.24 714
59513 30 8 6540 401 399.61 95012
45302 35 45 995 200 1463.46 88414
18604 26 45 8771 200 1307.39 84675
82661 44 95 6196 400 718.56 40361
86266 4 28 3095 200 1240.65 11296
67456 29 52 3534 201 1117.80 82066
46851 9 13 4610 200 1746.44 31583
83461 23 26 4939 404 1311.54 50334
8657 29 87 463 400 465.47 46659
28938 38 23 4788 400 1760.34 73259
76943 13 46 4250 503 202.05 10271
76149 28 95 6519 200 944.89 82099
8152 45 61 9810 403 891.73 37891
59499 50 49 6630 401 1339.73 77007
85486 32 83 8266 200 748.02 68248
27007 30 20 6294 200 858.03 53847
48219 15 84 3541 204 706.14 24631
46513 2 28 80 200 1598.84 58504
78170 5 40 9732 200 166.80 95299
60600 46 71 572 200 99.24 3422
53269 49 72 6962 200 317.05 45336
49219 50 64 4 200 604.28 39314
2203 43 79 5424 200 1398.24 5351
8916 13 27 8413 502 829.64 90814
83803 5 63 3135 200 846.02 29603
85261 14 32 6566 200 272.70 77103
5785 26 79 6058 400 203.16 89634
83244 21 85 7103 404 1681.59 76257
44159 43 69 1884 302 67.65 25829
9986 22 78 2096 200 1177.49 58211
74687 38 3 9061 200 230.53 66624
72489 9 35 567 201 1637.60 57851
3044 24 35 8598 200 27.46 23671
27947 27 1 9533 200 975.57 81414
34554 40 90 4347 200 845.44 84628
55410 50 20 6988 200 824.24 93225
30385 26 61 8472 204 1109.65 41718
58936 36 82 9163 500 1408.35 19127
55028 14 54 2298 401 173.17 48623
68762 8 39 5771 204 1051.71 30120
3147 30 6 4726 200 1724.67 98990
35149 18 48 2920 200 1271.01 39050
56349 21 18 4959 200 206.22 23109
35978 25 4 4584 200 1635.45 48990
9440 1 42 6758 403 1413.78 86150
70682 11 65 1030 204 348.50 28035
6474 16 43 381 404 1800.71 26045
9312 5 56 5604 200 1932.78 60342
29491 7 70 6601 204 1062.92 74900
34768 42 96 2414 503 42.36 737
18748 22 79 7004 200 813.69 85568
16565 48 34 4743 502 823.83 45530
18846 45 52 4906 200 1575.35 56741
23140 21 10 5248 502 1000.16 67738
21874 5 76 6671 500 90.86 5778
53258 17 38 944 200 1317.12 77128
33293 28 88 5931 200 252.76 72117
58988 32 1 7996 204 334.86 38915
57915 16 40 7043 200 1121.94 36060
39378 31 81 3635 200 907.60 114
51586 31 41 99 302 470.61 3065
32830 15 39 8118 500 825.19 66724
76792 50 20 224 502 37.79 90336
72675 12 97 594 200 523.50 86710
65789 7 51 4254 200 790.96 89034
60651 5 9 6948 500 427.49 87365
72383 42 70 7660 200 1033.42 60624
28352 26 12 5280 200 1350.33 23139
23018 23 39 4045 200 1256.54 9116
53468 11 97 2005 200 415.98 40424
52450 46 74 4087 200 505.44 5338
100 48 12 1681 301 1825.87 32321
60288 24 22 2974 400 1685.16 61315
77683 31 18 7256 200 1635.86 65097
63824 18 15 6360 301 794.70 49630
8984 6 61 874 400 312.78 22383
14868 36 84 281 502 26.12 47987
31000 29 8 6018 502 446.72 73322
18538 25 6 4195 200 173.17 11212
17696 19 64 1787 200 1902.58 54441
59039 3 1 5118 502 615.38 71516
62511 24 75 9941 400 1036.31 47258
69526 15 71 7548 302 1801.20 55645
53406 23 39 1792 200 562.81 61700
886 43 92 9105 200 628.79 57276
56186 35 56 9819 200 1425.34 41303
31063 6 86 6237 200 1342.37 645
83555 15 26 1340 200 991.40 37945
22110 11 73 4919 201 699.31 17848
64792 19 91 6223 204 156.98 13205
73117 12 60 5615 200 84.38 54638
25477 46 91 8485 502 1701.15 72257
70952 6 47 3295 200 47.28 72283
14950 15 21 3410 301 956.16 52678
7040 17 15 9083 200 1206.12 50814
77814 39 5 7512 200 197.69 92886
51075 34 75 3492 302 1165.73 87042
29995 48 79 4541 200 516.14 86528
20128 20 24 6455 200 1762.84 12338
56232 45 58 6200 201 1974.57 6619
54271 26 93 4241 200 1240.59 51701
53146 26 40 2265 301 60.24 89003
59670 46 46 1674 301 635.71 97737
72267 17 74 9826 200 1367.84 68380
39244 48 83 2020 404 1336.48 9564
47717 42 83 2141 200 436.26 25442
41410 41 75 6504 403 703.70 64633
28659 50 3 6009 301 1122.77 32789
67595 35 98 2529 404 1076.59 86049
83763 49 8 1292 201 1585.13 73070
46080 11 41 3754 404 229.99 34979
64396 50 71 6365 404 1615.73 57022
56356 15 85 3112 403 462.80 59102
44304 32 69 1687 200 574.03 26137
52008 16 98 6662 200 1255.60 30554
79145 2 25 3989 403 1831.59 81896
20433 9 27 3467 204 809.70 80496
5656 33 95 7860 201 516.21 16838
19698 44 1 2915 200 633.49 76852
85023 4 15 7623 200 212.08 37230
38057 40 48 7319 200 1129.70 15416
2802 12 44 2857 200 576.00 11883
62951 4 25 8537 404 686.84 32361
14184 21 98 7095 201 15.55 74187
79689 9 7 5800 404 47.11 77122
58142 27 56 5058 200 478.25 85904
67180 16 90 4299 200 1727.32 6088
16883 35 86 2785 200 1332.04 26522
41966 7 2 5550 201 713.86 6460
57268 44 10 3114 200 1519.76 12982
45310 46 31 4598 400 179.14 66304
4964 19 50 7141 204 1302.86 18411
68506 11 64 2886 404 841.78 12046
58703 39 2 7612 200 1725.50 30973
50890 3 48 4097 403 758.09 64104
78503 5 87 4596 503 1433.36 91052
47249 2 54 7659 404 1541.21 92826
64265 35 85 991 200 368.64 6369
44891 40 21 9053 201 1065.49 1864
34844 38 86 1889 401 710.74 90751
29256 6 2 9592 502 1859.65 42331
39964 5 39 6992 200 1976.57 6927
82127 46 74 6349 200 37.80 28063
62512 13 86 721 502 120.89 64898
74018 15 77 1440 201 964.21 708
44649 11 83 4939 200 1171.00 84198
66697 33 38 569 404 1811.24 33336
32404 15 53 7644 500 1830.01 47997
11875 7 51 1834 200 1734.21 21601
72976 10 97 8889 502 1395.57 82230
10454 35 49 1829 200 1858.39 13346
12625 9 21 8642 201 1411.97 11470
32232 34 54 1322 201 1073.59 67512
3682 9 96 1218 400 1688.37 13149
57742 18 16 8943 200 699.28 28941
42708 41 4 2860 500 1828.99 32464
3737 44 78 9368 200 1064.51 46039
54502 29 67 3259 201 342.15 86573
1929 11 58 5842 204 329.76 65018
65802 45 87 4595 200 1261.67 8195
58331 41 53 6402 201 461.04 14966
31263 34 92 2452 200 983.75 93593
41230 24 60 3883 404 1821.87 71660
30640 22 60 1914 200 1344.71 4076
27385 26 23 2913 201 1448.87 67204
5968 33 89 8633 200 1273.86 33770
8736 42 55 1707 200 1943.63 39230
84727 42 26 1485 200 1865.53 64882
43555 48 73 2985 200 1233.15 21900
48701 38 72 7534 200 645.67 15092
34433 30 83 3742 200 1919.01 99662
47947 40 15 6664 200 135.01 13634
49519 36 37 6286 200 847.05 46418
27839 38 9 3982 200 923.23 78390
82167 49 81 6561 201 592.79 92787
6640 7 62 2540 200 1142.29 41245
35487 50 8 3977 200 1742.10 60681
34171 26 88 4937 200 1278.80 7278
37266 8 42 7001 200 421.66 1601
69252 7 95 2366 301 1153.91 71437
65459 41 75 9992 200 1113.68 34572
11579 42 34 2377 200 389.46 50704
78956 9 41 8894 302 56.44 24540
75747 48 98 3677 301 691.14 26420
69746 5 90 4917 200 1008.17 10278
21820 47 48 6244 404 1369.19 44919
17439 24 61 8337 301 866.88 40959
78213 8 76 9793 404 1787.19 8258
68154 16 70 4357 201 1702.97 90067
1551 45 43 7479 500 1106.61 24179
38676 7 97 1423 201 782.42 37369
65158 32 33 7202 204 1029.61 88316
25929 21 65 8337 200 563.49 13479
66948 6 21 9233 301 1903.62 18866
50355 19 47 3996 200 959.91 38196
49413 24 19 2985 200 157.13 73428
17105 28 34 5543 301 666.70 34729
37085 4 59 5572 204 1731.17 27321
70772 15 29 6990 200 191.49 96900
81977 34 19 426 200 972.11 110
17956 47 81 535 200 59.18 46336
44886 13 95 5895 302 742.53 18630
43627 44 84 7548 200 1610.37 34906
75786 36 70 189 301 206.69 7692
5595 33 73 1106 404 700.61 52014
44194 27 18 7071 200 74.79 90174
19876 4 24 3783 200 963.24 80505
72034 47 74 9987 200 454.92 65461
48384 10 89 1028 200 248.94 13530
30411 22 94 3870 200 1774.71 53512
5123 32 98 1701 200 326.32 54850
57634 36 75 1872 301 1764.03 46251
12051 24 13 2699 200 1693.79 11153
29697 34 87 2139 301 1724.00 56072
56335 6 12 9221 401 1341.34 34403
85374 16 2 9295 400 268.56 43359
41127 1 32 1578 200 1336.23 32021
14053 18 45 5995 200 426.99 89604
57059 30 34 4407 200 405.63 70052
6610 34 75 5089 302 922.47 75010
10034 36 19 5776 201 181.57 71168
15112 19 54 936 401 1367.62 79838
39072 33 25 3258 200 1182.81 88537
30114 10 26 5687 502 1274.60 13691
38013 25 72 8285 403 1698.84 87197
36367 26 80 8301 502 1002.99 31942
52272 36 61 9045 502 581.16 2820
82613 37 50 7839 302 1427.68 87794
3577 35 45 8950 301 881.37 23024
81911 29 97 8044 400 1238.16 38334
1614 42 73 7912 503 930.96 76605
63657 22 86 9938 400 1157.78 54816
80714 38 91 6955 401 622.98 52758
18693 17 81 2509 201 1155.99 33748
21127 4 93 7732 302 1105.83 43620
61870 3 38 8825 200 1285.28 42303
52482 10 59 7491 200 424.49 28132
2351 27 98 7894 200 408.64 75806
7598 45 67 5280 200 730.92 67480
21004 11 64 5091 200 1863.45 64886
19724 30 42 9065 201 1015.92 64495
71165 16 21 1107 204 1832.15 44291
39101 21 63 8871 204 1606.02 61529
69970 13 13 3781 200 1728.15 48055
30096 37 64 5668 200 391.19 64879
37483 39 49 4622 200 1820.63 10115
11733 20 73 5146 502 1009.13 93549
66984 37 75 3016 200 782.83 21954
2661 13 92 387 200 1221.42 73044
12464 43 18 5534 302 606.14 13620
64418 49 35 148 200 70.84 31644
72407 25 59 7759 400 422.22 12397
12462 25 31 6695 200 994.60 42971
39520 34 92 4276 500 522.68 85501
54205 33 62 8763 200 1216.37 36611
73023 9 92 4773 200 357.46 93125
38869 29 43 9902 401 1636.46 64786
33361 36 26 9412 200 236.61 72598
4477 24 54 7533 301 1826.19 79811
22771 35 12 9859 200 117.57 97490
23743 1 2 9334 502 102.87 55288
76859 16 48 2459 200 641.41 95526
53172 31 98 8987 301 1074.08 3622
14903 43 18 449 404 1077.80 11610
14555 50 46 8760 200 506.98 27019
79660 6 13 5972 200 1532.25 95352
79421 31 94 3362 200 888.74 9801
7895 29 89 8150 201 1744.24 23451
69265 26 28 2111 401 1550.77 39665
12804 12 8 9372 200 1308.47 54894
63243 27 78 2030 201 1006.01 68639
43994 28 36 5974 200 517.26 43919
80411 13 30 8485 200 1534.28 13946
52835 11 88 5537 404 653.07 80134
27942 29 57 8446 200 990.80 37847
70216 25 85 5334 400 1128.25 99399
20663 10 13 1745 200 1978.69 2394
30069 42 77 5906 201 25.45 62423
67467 27 20 2078 200 218.46 79656
46889 2 10 2359 200 315.86 54754
41563 7 29 4008 200 1513.06 56692
55396 12 94 4087 200 1525.30 77082
28612 32 76 6917 204 624.22 17195
30299 1 58 5949 502 1294.46 14352
7406 23 55 9632 200 1298.49 16774
84892 41 38 8940 302 1983.13 33971
7794 5 55 1786 200 1918.31 79370
23712 46 93 3617 200 725.52 29431
58027 32 22 697 200 422.21 1105
295 26 16 7265 200 1498.04 72285
37878 34 18 7994 404 1639.83 38633
38712 46 31 5403 200 698.63 31386
11356 28 60 1058 200 1492.35 20199
15796 15 14 973 200 856.78 32922
83292 19 66 1400 200 472.43 14537
34732 13 34 2565 201 683.60 57613
74079 29 99 3988 503 75.62 65783
18648 10 29 9181 200 1474.18 84627
30033 21 37 9147 200 1305.22 14111
80976 3 76 4021 200 1375.51 29547
65692 6 86 7173 200 223.02 74856
47672 47 63 1932 200 1987.87 88220
58888 6 88 5839 502 1024.31 69802
12078 9 40 257 200 1831.63 60734
57726 2 92 1432 200 1411.72 46350
50486 11 5 1514 503 668.39 88727
13828 21 1 4903 200 1445.19 53448
64984 32 73 9224 201 1676.72 33919
27979 42 98 552 200 204.32 66091
17484 10 4 3889 200 189.89 10069
50525 41 100 539 404 1741.81 4127
18004 7 8 5133 503 1753.34 60132
29394 16 55 2969 201 611.95 68810
80725 40 39 250 500 141.05 63208
41140 17 92 1888 200 616.46 23001
54072 29 18 879 200 658.86 48882
70434 33 12 5437 301 645.87 58817
83242 11 46 6098 301 141.39 4365
71223 35 87 2626 502 421.68 59442
45748 1 74 3424 502 1111.35 98543
80629 46 68 9629 403 1755.46 72246
51739 28 85 1272 204 1620.76 56302
65058 50 25 1044 401 547.35 88753
31210 16 9 8241 200 394.49 39767
15655 34 9 1208 500 1655.66 25970
33376 43 35 8027 200 1288.63 25879
62366 50 72 8106 200 1963.47 31577
1341 43 44 8984 200 47.02 16187
74284 13 38 7203 500 1249.45 41628
48614 19 54 5665 200 1943.11 54123
80909 12 94 1369 503 35.93 22189
80649 3 22 994 200 1008.26 85996
85817 28 44 1411 200 641.32 18155
76544 47 77 5291 200 1870.28 57921
54039 50 49 7853 200 1357.96 15538
64396 44 52 9596 201 1364.86 93788
74290 13 38 3790 401 1378.83 42458
83684 34 10 5217 200 1591.93 116
48762 7 80 6168 301 877.24 76686
3980 50 64 8844 404 495.67 51307
72402 18 17 4648 204 320.85 85775
77163 6 56 1382 200 1145.75 46372
76047 36 42 7841 500 1996.69 26668
47487 7 57 4100 201 568.76 2968
73094 32 99 986 200 281.52 78999
11870 10 8 3532 200 1833.28 46501
56923 22 5 5237 403 1263.96 31885
1493 25 18 8379 200 753.70 7900
28454 36 1 331 200 1540.53 28838
29715 7 44 4906 500 202.30 52814
38093 19 3 9639 401 245.03 70000
80128 24 22 9077 200 1028.66 73690
60073 36 53 5341 200 1939.12 9320
70896 22 70 6094 200 1261.54 75004
77144 50 34 1330 302 1958.19 69226
39968 6 74 4082 301 1149.19 69935
53442 2 57 5197 200 263.36 70876
61223 50 4 3900 401 492.97 64859
24356 13 94 1822 200 465.35 48344
74693 21 79 6292 200 142.02 64391
31910 27 53 2655 302 274.03 54912
44155 13 20 7646 200 397.51 5442
63882 26 28 1819 200 769.35 50748
31258 18 87 9943 200 1254.47 14769
76753 18 64 5554 200 256.99 49697
57145 41 66 505 404 1173.00 74571
73343 6 2 9233 500 1742.11 72150
18202 21 2 6811 204 327.63 31110
44462 14 28 2446 400 1815.88 8217
67915 26 68 6177 200 1906.05 23773
44954 6 19 1203 204 77.92 37586
84089 10 100 307 201 1197.60 76831
12251 48 61 8914 200 171.31 88861
24946 41 44 2094 200 890.45 25853
53536 43 86 2257 200 896.17 64780
25161 23 77 4542 200 1973.34 96363
41056 43 54 5227 201 432.53 25609
51173 11 96 2758 200 1140.73 86968
33478 50 90 3348 200 460.32 88600
68175 7 15 22 200 1647.93 37556
69354 22 35 5591 500 495.31 90484
67325 3 68 8132 200 783.85 9152
16585 37 71 7158 301 554.11 69847
49539 32 77 7765 200 858.40 68820
13100 14 43 1531 204 1519.76 70972
12296 16 18 6623 200 1889.04 54275
29667 26 61 3161 200 1532.71 43849
15707 19 21 4301 200 1308.20 34105
80587 47 13 577 200 920.46 10101
62509 25 38 8653 404 1029.19 46237
2155 13 11 5164 201 1506.56 15027
46642 39 62 7507 403 212.36 79183
17119 38 84 6273 201 690.17 98977
67735 44 19 5205 200 1139.78 14570
55174 46 34 7707 204 628.54 77962
55118 2 48 4980 404 173.90 16273
44732 38 16 8001 502 1099.28 93399
46213 44 93 7366 200 605.70 78936
42928 25 59 415 200 1286.34 12915
34228 25 61 1579 301 1151.69 23549
64032 36 7 9091 400 240.96 32612
46479 34 84 452 200 154.29 28526
50242 17 90 2422 200 1178.14 34666
44011 1 74 217 404 206.04 68070
86382 49 17 3489 200 899.13 36293
62543 37 97 3509 200 404.41 46494
70929 2 26 8943 200 278.19 32798
86068 22 35 9901 200 732.94 51433
71514 5 32 3527 301 1831.95 70095
34338 3 57 3740 200 490.39 34288
56530 35 29 7357 200 14.47 21797
593 14 54 1707 200 1238.76 72204
58129 47 17 9902 302 1028.48 7532
12182 25 39 7331 200 1556.77 12785
84630 40 9 9990 401 1534.52 14497
22350 25 1 716 201 39.69 10817
62952 15 49 5626 201 1086.43 36190
84748 10 2 7354 200 1233.89 29403
24158 27 66 6733 301 176.63 67333
69332 21 94 8214 302 1081.74 51224
75778 7 83 5034 200 1870.79 56643
38748 18 100 5402 204 1290.03 44377
58192 44 68 5553 400 847.70 63092
3500 21 65 7629 200 383.85 17171
48251 24 51 4467 400 775.44 3594
57309 2 71 950 201 1727.57 80589
22483 33 4 8342 204 318.79 13903
26736 20 34 1588 200 1296.69 59552
83595 30 68 4786 201 17.17 89798
8315 11 69 1180 302 743.45 32933
27448 13 68 294 200 55.03 30016
33 40 80 3124 201 47.33 29845
68405 47 63 7292 200 422.04 26323
11906 29 77 5484 200 1388.43 91972
76813 20 5 5435 403 1666.92 58685
55119 1 89 2106 200 1138.36 34966
55761 20 16 2406 403 244.53 81999
30679 10 1 5484 400 1659.33 24974
57591 37 30 3816 200 1912.37 70477
50863 4 26 433 301 1889.64 64819
66850 37 84 4223 201 480.32 67806
40247 36 32 6754 500 734.99 61440
3426 39 91 416 200 411.42 87334
85173 16 81 8305 200 1588.72 57429
6033 28 66 5696 302 788.57 68741
58511 47 79 7339 502 897.78 51853
45644 37 27 7290 201 646.04 35926
57623 15 9 3866 404 736.71 27615
79227 48 43 1866 200 1609.27 31204
21711 23 10 4244 200 579.99 28104
16109 35 34 3952 200 288.95 71262
83997 50 53 3772 200 329.06 40789
33887 28 73 1818 200 1567.63 37700
36070 41 1 6237 502 1809.18 6105
13058 9 5 7279 200 965.44 51606
51686 7 79 1249 200 1701.87 12228
81885 47 12 5773 200 442.07 87763
62691 48 3 2618 200 725.98 5732
43413 10 69 24 200 1234.37 10079
3872 40 43 3345 200 1417.95 47482
80298 8 72 2893 301 225.12 32166
20022 38 100 7846 201 1073.98 84385
65640 6 82 337 200 1387.50 81440
85805 12 60 7170 200 187.01 53815
49640 36 91 6630 201 1972.55 50697
17110 44 18 8435 404 1537.98 33319
72834 28 18 3813 200 1834.43 74269
11169 8 41 1823 404 1412.06 16925
75633 39 14 1487 200 1456.64 1067
23398 15 32 3796 200 1133.41 95184
33106 10 5 7500 401 749.37 83464
13499 25 17 9687 404 1103.15 45060
38444 13 1 190 301 1913.88 93762
9231 30 76 9929 403 1907.24 37120
28310 36 15 9263 204 1841.48 21224
20306 39 98 5820 200 1004.07 41413
80450 47 51 782 200 1447.46 72836
2889 48 76 4996 200 1293.65 57640
79165 28 18 8740 301 844.31 49716
56172 28 76 9443 200 1134.35 54433
76487 19 33 8915 401 155.29 33120
60440 9 54 5030 200 533.66 19331
84104 36 51 2785 200 164.86 93951
42405 40 20 8087 200 971.79 84380
51266 27 79 9222 200 205.45 90417
53996 47 71 5929 200 1637.01 40756
47398 12 82 3475 201 1404.98 60742
83223 25 15 9462 200 412.79 22148
77508 32 15 7761 502 1537.89 56828
13592 31 23 4174 502 264.53 29611
33817 24 44 9149 400 901.94 9794
84720 48 80 4161 200 894.00 55442
18713 18 11 8126 404 482.06 19847
65948 21 54 6240 204 1.20 56536
79571 32 83 623 201 602.12 66514
42620 9 23 8171 200 652.65 12378
42408 10 60 8175 200 1459.42 42226
4882 47 60 8724 201 1145.08 19675
9648 15 21 6997 200 1004.04 73163
11617 24 47 1261 200 326.10 81562
64899 47 17 1936 400 627.62 22897
58469 4 31 5634 200 1175.95 84899
65102 39 33 1964 200 1559.53 47164
33722 50 95 1571 302 1305.58 50108
75367 10 10 8824 200 741.33 93317
27580 22 96 9101 200 253.61 45698
25620 3 60 7289 200 474.77 91490
69096 13 16 6936 400 548.65 58922
2330 40 37 2309 200 444.58 95358
32971 37 54 7267 200 148.78 92680
69302 43 56 372 201 1628.24 41003
29731 8 90 7951 200 1654.02 49414
37817 2 22 2819 401 1950.31 57532
78911 21 5 4922 201 479.59 86784
32673 46 30 4882 200 43.03 17418
2034 20 65 3855 200 1996.99 13220
6361 49 65 1300 200 887.26 91429
746 21 67 8235 200 281.00 81827
27292 13 35 8611 404 1653.90 41173
29496 36 17 2456 200 979.87 5313
38732 14 7 4692 200 1888.72 23551
56687 44 14 1733 200 895.68 26352
85204 8 64 3225 403 351.01 48547
67335 11 72 6478 201 531.16 36740
5951 5 76 3574 204 1796.52 26054
71982 33 4 1187 200 1313.42 93939
71330 3 33 7013 200 729.22 34933
55526 44 82 5093 204 991.77 63625
39115 26 85 6025 200 9.13 87991
47558 42 53 3666 200 1351.39 75778
6804 28 43 5177 302 344.52 2818
39526 32 15 6733 200 350.84 12255
8760 4 32 1668 201 380.05 224
23781 36 71 7128 200 687.47 92893
72775 42 79 2555 201 1331.94 90693
77781 5 55 4115 200 882.31 5532
54008 32 18 4167 404 1921.12 90431
14709 1 29 6300 200 1010.69 48346
64265 26 23 5730 301 126.77 52185
53782 12 92 4841 200 1383.20 8685
229 15 59 7526 200 1628.85 88935
70818 23 46 3426 200 674.33 81073
5917 4 81 9535 204 796.90 26038
43720 6 39 8513 404 533.31 6118
53720 9 26 2271 200 742.74 57759
62398 8 26 124 200 628.22 1230
57816 2 21 8587 301 1991.87 33190
1755 11 85 2539 200 590.25 35718
74271 19 69 8456 302 1340.96 45616
2648 12 19 7213 502 1630.90 78162
3048 20 32 7644 200 85.21 8043
40277 14 60 3043 200 810.46 49633
66650 47 15 850 200 1810.34 57217
57811 8 68 8523 200 734.57 77206
36327 39 33 9120 201 789.94 26017
41530 46 78 3084 301 695.11 21886
37603 41 24 6473 200 961.81 2321
86159 4 33 9224 404 1012.67 18545
42626 10 82 8581 200 1725.44 47651
7492 38 91 302 201 1113.90 16056
72649 20 68 858 201 692.41 40876
73626 7 19 6303 404 150.83 56426
48204 6 12 1894 301 149.75 68217
64209 31 11 8593 200 211.42 17472
74696 14 51 8985 204 985.57 89452
48617 35 30 7920 200 578.26 64283
74660 47 62 5782 201 1951.41 68618
17799 11 15 6550 200 608.08 65260
58231 16 15 2490 200 264.76 67465
78466 25 75 2109 200 1149.09 60164
13419 25 49 8814 503 1865.62 10645
51672 6 7 9642 502 852.90 13968
68169 10 66 3635 201 667.77 31434
39076 30 5 5800 500 1580.28 10029
74032 40 90 6475 200 1106.17 21580
43463 29 6 6896 200 1696.83 17365
82993 35 57 6951 200 1593.19 2524
39442 7 19 8457 400 832.86 17123
76797 44 36 8546 403 799.06 18515
71247 15 85 9161 200 347.98 38347
41439 10 10 2925 200 1611.11 61695
62466 17 79 8043 201 777.22 2510
85007 32 7 7951 404 953.00 69127
80149 37 21 321 200 73.18 18889
85685 48 98 8178 200 537.76 14681
17723 17 15 3702 400 1732.72 45448
64518 10 65 2777 200 1571.18 47628
85466 17 19 2828 301 1918.65 4502
50203 11 92 9017 403 336.03 85376
31636 32 32 9341 201 481.83 55774
18638 22 56 8555 204 519.29 60479
32288 39 16 1155 200 732.89 87032
23663 43 20 8370 201 1304.39 61125
67007 35 10 7030 201 1905.86 51196
76078 42 96 2308 400 812.24 76312
78026 17 63 1066 301 273.77 92404
25382 18 51 6220 200 1519.81 59365
84521 34 79 3101 301 876.14 34589
74039 21 40 3283 403 1786.33 81132
82050 48 42 3273 200 1412.15 65144
77361 1 50 8427 200 944.86 55082
72711 21 100 1866 200 1375.13 36939
85772 13 92 9642 200 1886.76 25647
81001 32 84 607 302 1939.77 79410
74373 43 54 9622 200 1466.56 21680
44847 40 33 2699 404 197.61 29300
15398 14 73 4866 200 604.80 55592
22786 42 96 2685 403 1616.10 21507
50034 10 65 8094 200 1007.57 26413
19130 8 38 3897 200 1458.05 99669
51675 48 92 6713 200 116.33 53508
52545 1 22 7878 201 976.64 73377
31319 34 38 3474 400 1686.91 8446
64293 26 78 1502 400 549.70 42515
8458 45 24 8579 200 1932.57 14253
86084 17 61 3105 401 1686.67 2100
16711 47 13 6274 401 1081.90 96377
45839 1 90 4137 400 1657.29 60859
5381 26 69 4463 200 795.40 48962
24368 8 41 7371 400 1684.29 23942
32622 5 2 7445 201 884.76 69432
11197 20 42 5361 201 330.80 9188
53831 17 44 9799 201 573.51 11235
78922 25 34 7025 200 1585.20 15733
19181 29 51 2399 200 1853.00 42463
4837 1 72 1335 201 988.16 98608
31435 17 93 5912 400 247.70 56915
61297 27 91 4776 200 1817.62 11648
38949 29 53 3394 200 601.96 78151
22510 26 75 6572 400 1748.32 27528
33888 12 82 6271 200 1578.01 10360
47194 2 83 958 200 63.16 42116
54474 4 32 7525 400 542.56 21748
79146 21 77 3827 200 1988.28 44065
24575 15 73 2171 200 52.38 38837
34682 46 23 3419 200 1034.52 58935
45341 24 12 7507 503 239.95 3771
23537 25 69 5305 301 75.88 11069
50600 22 1 4308 502 932.43 91138
58585 7 50 1693 301 750.35 85922
53863 8 100 969 200 5.97 50442
6217 46 64 922 200 755.78 83547
25478 39 100 4923 204 172.54 82920
65802 25 52 8729 200 447.98 50068
21365 27 54 4997 200 1500.66 99464
36911 46 1 6351 404 1870.99 25770
58416 41 52 4555 204 1781.86 12767
66615 19 89 4460 500 1318.71 42407
75624 43 76 8384 200 285.34 19610
72118 21 55 8061 204 1651.00 21253
22006 7 75 8591 200 177.27 43410
23939 28 32 1356 200 1334.14 97339
48257 10 55 7819 200 238.69 93464
44506 19 100 3519 201 192.12 24045
26179 48 24 1508 400 3.21 38497
54580 9 50 8876 404 1725.06 8165
33760 19 6 4461 200 172.25 22075
15518 44 25 9864 401 1459.97 51078
50857 36 77 6843 201 680.34 15546
28603 9 6 5839 200 1820.58 62372
52846 20 68 5825 200 548.60 43174
25796 36 88 3827 502 1340.74 32754
57017 17 92 7064 302 928.85 81073
82165 9 88 4571 200 1247.12 43157
40480 21 63 4403 404 498.99 29473
69310 42 52 5517 200 1974.14 19624
24495 6 53 8382 301 410.75 35489
81414 41 3 2368 200 1261.63 14315
57988 10 73 8104 503 1734.77 70693
54875 37 73 3003 502 1730.57 69248
25044 49 68 289 200 660.79 86389
35791 35 63 6582 200 816.28 41220
37491 31 74 5049 404 797.79 30839
1085 24 29 7368 400 981.60 36273
10103 34 30 3242 404 599.84 18080
11831 24 17 6708 502 1998.48 40372
82332 4 72 7334 301 752.11 86275
59768 48 37 4458 200 921.47 96525
57008 33 78 2765 200 1858.03 36401
26204 50 77 2319 200 1431.10 18189
15522 2 40 4887 503 392.32 58013
46385 19 68 4623 200 1535.97 66157
27191 41 35 3333 404 970.32 46412
57186 27 11 9676 404 1219.18 39163
3361 3 62 8970 301 1583.96 39069
40407 42 86 9426 200 921.65 37748
50989 26 20 423 503 719.00 16765
40681 39 76 2192 200 1126.18 12832
58017 27 57 55 302 923.32 47654
45949 18 27 9734 200 597.29 21106
81377 40 99 2037 204 1288.10 56180
43688 21 100 8065 200 395.06 17006
42266 17 16 1454 204 1276.88 70482
39182 23 73 8784 200 521.42 24242
42296 17 7 3803 200 723.11 94395
20567 46 100 4660 200 357.04 92223
32620 34 22 1760 400 32.21 58187
9783 15 3 7790 400 982.51 88560
8340 14 92 1192 200 1294.58 61085
30257 21 97 6354 200 971.46 1343
63580 23 62 2519 201 194.01 30570
75671 22 14 2753 301 391.02 31168
60838 8 78 9779 200 705.44 96148
26159 10 66 9094 204 1182.30 46706
4486 23 75 2268 200 728.42 80938
21179 27 17 2637 200 321.85 16881
74903 29 13 2261 200 1106.28 86560
23710 24 35 9965 400 1702.00 99242
8525 19 26 6534 204 1573.18 71858
61510 9 2 1302 204 461.40 54001
41413 6 6 2762 200 1746.48 64778
47814 14 61 2787 401 1437.41 7617
50088 22 63 1775 200 525.22 77014
64113 30 8 9186 200 1373.63 26866
83202 16 32 8843 301 1595.63 797
24987 44 100 564 301 754.99 90221
17568 28 90 5853 400 614.26 28487
45573 37 91 8366 302 1280.34 72906
19692 39 86 648 200 1850.60 51208
10718 29 64 8283 400 1712.63 69910
43829 4 63 4988 200 1291.84 44458
76810 32 13 9152 200 425.93 32447
20256 25 33 8808 502 6.68 88574
63852 32 62 2416 404 1264.46 81154
18918 47 37 9122 201 655.78 57701
55287 8 31 8033 200 1543.42 30265
55950 18 27 74 200 945.14 24270
14947 8 81 6171 201 1172.76 12897
55459 42 82 9583 200 568.62 58819
55886 4 64 1202 301 973.67 47958
65520 39 43 3594 200 223.43 8380
23718 10 100 2770 503 834.30 95856
43347 4 77 1647 500 1129.54 48695
54851 49 43 7969 200 763.16 82631
80308 50 69 6468 201 730.95 56128
16821 8 66 3193 201 37.32 64791
37787 48 76 2723 500 1224.64 83620
70007 31 18 1766 401 1316.60 39346
28868 13 38 9048 200 308.82 50950
27692 28 92 8835 200 134.78 40328
13960 42 4 268 200 93.12 21159
40539 8 59 1457 502 1387.32 19053
50581 14 33 2436 200 489.55 99816
53019 38 37 6215 201 1009.12 21283
22241 24 23 5934 404 1667.60 7539
36848 29 65 9199 404 22.65 91289
9278 32 59 3038 204 1805.61 86073
11840 34 49 2006 200 95.98 39681
52883 20 4 2105 200 1267.83 8053
2223 46 99 5220 404 1803.32 28426
17023 20 39 5493 204 1541.15 50462
68401 47 52 2083 301 1978.48 47811
57489 11 7 102 200 519.72 3147
41723 17 77 2662 400 747.99 22209
63327 12 2 6045 404 1344.04 22014
58206 19 81 6079 503 709.46 86627
4808 1 20 8857 200 1824.30 79042
22998 7 46 1350 200 1714.48 74554
18141 20 65 242 500 236.54 19624
66886 32 39 432 503 54.49 63359
4333 47 33 990 401 1341.90 47247
27192 1 55 789 204 389.52 18787
59983 6 79 1021 200 309.19 45606
46279 48 44 7721 200 1005.50 20660
79694 3 45 7092 403 1402.29 10770
55624 8 25 467 200 1787.33 19418
56177 24 74 1171 201 1147.50 21764
46257 47 47 5149 200 1992.21 62292
33171 38 86 1922 201 16.00 9574
2717 49 33 4259 200 998.54 88813
53507 39 78 3000 400 1099.23 94021
67321 2 42 7118 200 375.92 55748
69147 48 42 1622 301 948.67 80239
32739 7 80 1766 200 791.78 8451
42005 18 95 468 200 1296.19 17373
44816 22 71 4517 204 532.74 51146
66313 19 10 4466 200 1669.18 20762
76828 42 77 6155 204 995.99 47086
78589 12 70 3839 503 292.46 7199
46888 9 87 9927 200 1797.48 82797
14737 28 43 7315 200 1466.31 59439
3544 46 16 9497 403 1712.01 82853
56348 18 23 7673 200 1860.36 52641
36153 14 24 5735 301 417.35 91817
62138 12 59 6721 201 1450.48 15611
42071 32 47 5863 200 592.49 78782
30002 36 49 6784 200 1499.32 85190
55132 26 31 5262 200 1442.37 93227
36425 21 75 5513 404 634.29 17388
68830 41 100 2587 200 1858.81 51630
56820 8 12 1756 400 2.82 59441
57187 38 16 2745 404 219.25 55292
17936 34 98 8195 200 1867.66 70424
41493 4 26 4838 201 1864.35 50789
36383 37 45 4207 200 529.81 21168
81726 4 77 9970 200 282.97 35145
60436 42 83 1060 201 550.73 9108
62748 3 1 6595 201 1325.95 54721
43689 39 82 1577 201 392.34 48617
55228 40 14 4074 200 1698.14 40251
9301 25 57 5808 200 92.23 59191
29675 23 7 2608 404 740.21 15893
69033 41 4 6276 201 1464.78 67191
83050 16 42 414 200 519.07 77157
15210 39 21 6000 201 1101.63 40578
56340 49 38 4468 500 598.83 57172
34614 20 40 6956 200 1937.18 24888
56850 40 7 4966 200 1183.09 27857
68952 3 26 4892 403 503.82 97631
61950 4 41 9381 200 1882.94 31459
56060 46 90 9818 200 861.60 6637
84387 27 41 1297 200 1909.31 75354
25467 23 49 6387 201 349.90 19465
15238 13 94 8588 401 1578.59 224
66607 22 46 5305 200 1850.97 10161
3530 20 66 1587 200 595.55 65627
51767 23 37 1484 201 1865.98 91958
46300 5 13 6878 301 1901.30 37085
32102 22 31 3397 200 1591.17 50239
19298 42 48 2843 200 544.98 11257
8720 15 93 3249 200 721.77 24774
43032 46 44 18 204 1832.09 63395
43939 36 1 5766 502 1889.80 1800
8507 20 27 7898 403 955.74 59261
20086 48 60 6788 200 1495.89 80780
32528 8 93 56 200 982.46 74687
60919 13 79 1818 200 976.44 66609
80232 14 29 3824 204 132.08 5711
25516 26 41 3816 200 326.12 71842
7793 24 75 9042 200 1051.22 75870
277 10 32 9083 200 1594.49 25393
36334 28 19 788 201 608.03 51186
33100 24 80 9009 201 532.81 57794
36737 39 84 7458 200 602.54 28897
30087 34 19 684 302 1126.84 80844
21579 28 66 3417 204 1479.93 40151
30622 39 47 3088 200 362.30 35705
52539 22 2 4227 204 1145.36 49590
36470 36 2 4627 200 330.57 76979
44769 50 93 1391 200 1079.00 96646
20380 9 4 1466 200 1378.93 26450
37989 48 90 2385 200 251.51 7196
69666 9 72 4282 502 669.48 74760
54430 14 99 9816 201 384.82 54679
74201 28 32 9219 200 815.35 76844
26987 9 58 3818 200 1653.43 48551
29438 36 25 4479 200 1791.20 81309
18221 18 22 8124 200 203.18 35533
73121 26 55 2279 200 477.29 55960
79175 1 81 8707 200 1004.03 9409
17702 15 30 8114 200 372.12 62751
34200 42 13 3409 201 1555.40 36948
61786 9 54 4532 400 154.11 43370
6129 18 32 6991 200 1934.94 2788
67304 11 30 4354 200 1432.07 73463
47701 49 44 2538 200 1830.35 99481
22347 39 73 5404 400 950.97 12790
26862 35 27 5324 502 74.80 17778
25233 7 7 9604 200 1002.44 53544
79464 7 61 4891 200 632.19 35402
66717 10 7 8473 200 1615.78 90741
8930 38 63 2825 204 283.67 38853
10114 48 64 4038 301 1287.68 10689
7469 29 75 2183 204 429.87 78243
10064 48 55 5599 201 1010.34 81891
70551 14 100 8860 200 1705.04 21944
40709 10 27 8562 503 1396.28 7993
82584 47 35 2715 200 467.37 48254
259 32 70 3104 204 1346.05 4197
72240 47 74 3309 404 215.16 12125
64275 13 58 5210 200 1141.64 60514
33720 2 4 5013 204 1465.31 6791
85651 15 27 2941 200 733.58 73186
37132 47 10 9744 500 1758.89 33801
85620 31 38 3071 503 631.53 16929
52276 3 22 2145 400 1263.76 18364
19384 7 75 9737 404 1320.47 79437
74395 49 10 1503 404 682.86 53996
35947 39 47 335 301 870.30 60036
37987 47 91 2551 200 1009.49 61870
27898 22 98 1179 403 143.95 75156
2773 24 20 173 201 1250.75 64168
84776 22 5 4122 200 876.14 14984
33710 31 39 2316 400 1028.88 26145
18853 34 50 730 200 1029.24 1366
83216 1 85 6116 502 1712.01 58953
21774 44 20 5653 200 745.31 36272
48856 22 81 1155 200 1137.13 78979
8869 33 21 8214 502 503.54 4656
16786 25 35 9287 200 1262.34 1152
72217 11 32 3760 200 1650.01 64426
59592 28 84 2293 403 1471.28 51594
23883 24 76 2882 302 1048.54 11942
6791 35 1 2388 201 345.76 37158
62723 16 7 1567 201 1940.39 4230
13884 38 26 9810 400 1721.40 60065
519 27 12 7373 403 1997.93 66106
40220 19 100 1462 200 726.14 64005
61673 46 4 9480 200 987.35 88894
81341 46 39 154 502 733.35 59762
75106 36 19 1956 301 1799.34 4103
21045 48 13 8107 201 1051.39 21565
64692 37 35 5910 200 1647.49 63828
40646 49 71 4714 200 1811.59 26502
77983 19 100 3915 200 1748.86 24115
9805 2 57 7268 200 1213.68 32757
79194 40 96 4992 200 634.41 83755
51143 27 66 8076 403 885.81 59416
31016 17 46 2250 500 630.43 77522
28997 46 90 2824 502 1245.83 78393
75874 14 11 8441 400 972.70 30352
10257 9 98 8683 200 1926.30 88557
50412 22 14 5637 403 786.55 56561
66734 1 26 9331 200 1377.37 16574
44503 7 33 4577 302 1206.99 91202
73848 26 39 2585 200 314.00 36644
45122 4 31 9193 200 633.00 74645
42551 45 54 5853 302 728.78 43195
42875 49 73 9686 200 1413.98 54413
32120 47 68 6320 204 1569.46 98668
9955 18 53 6320 401 291.78 29563
25969 31 20 2212 201 312.15 25669
50094 1 61 4234 301 1245.38 24621
38508 17 31 4984 200 1565.89 7479
61260 9 27 6255 200 847.33 59713
53690 11 84 126 200 1924.03 95180
59611 5 86 3672 500 1205.06 1251
57253 48 31 3003 200 789.65 40276
63111 14 31 2155 200 1279.19 44462
81997 28 71 5026 401 534.41 10558
14725 15 76 4027 301 1878.78 64452
69923 29 27 705 400 1372.39 17626
55302 24 27 5633 400 700.44 15308
12681 50 10 7463 200 1871.90 95181
7872 49 9 3025 200 1961.85 91723
85386 43 8 3064 404 86.73 90940
47402 5 94 8886 200 1044.43 18369
28992 11 43 5146 201 66.60 2407
35731 35 84 222 200 1213.88 95492
7468 14 100 7985 200 846.92 26841
42372 3 51 9788 200 1661.30 51640
17065 25 38 2088 503 1731.26 2076
76687 14 69 7650 200 223.80 82163
3990 2 51 4959 200 425.04 26822
32680 7 99 4026 200 663.39 60575
55562 13 17 6109 404 1114.20 86434
63360 18 46 4215 200 1719.94 81260
85867 33 83 9775 401 1554.54 95454
73017 44 29 8415 200 894.90 46293
10338 43 94 271 200 1763.53 69632
5106 11 23 3930 200 779.79 56062
26695 48 35 2279 404 566.54 81489
21211 29 50 7805 404 277.71 35632
29712 9 6 8608 200 1963.86 57211
77735 40 20 4864 200 305.96 81915
2318 45 68 6241 200 963.07 59464
76447 18 72 420 200 1734.73 4499
83793 49 9 9181 200 226.27 38006
46576 28 76 9948 200 261.87 51105
51406 17 86 3518 204 1771.33 97702
48262 50 69 7707 401 1521.92 31145
22262 19 16 3158 404 1653.41 87842
50055 6 92 570 404 1226.42 22255
26293 36 57 6093 400 527.50 82738
60031 49 41 1871 403 1121.01 21214
28079 10 48 7178 201 1114.85 36056
65017 50 86 3458 401 1568.97 82913
62461 44 67 2875 200 466.41 16188
81691 30 47 2492 200 1119.37 5196
72260 34 38 5899 201 221.54 76667
30418 15 82 6906 200 723.50 12235
40965 9 79 4778 500 659.77 62873
56870 32 59 5178 200 1340.18 93023
72330 10 16 6951 502 239.89 75603
34489 40 23 6533 200 1291.95 64991
11667 38 21 6768 500 292.21 72417
27634 17 35 6489 301 1030.71 48722
64672 42 3 9546 200 1646.49 93877
71244 44 39 7165 200 738.07 65594
4338 50 64 4837 200 495.12 97938
84981 21 26 3068 200 288.08 37767
44805 14 75 6347 200 805.10 31656
1991 30 59 6613 200 793.21 71741
51057 16 3 1633 201 430.59 4851
23412 11 63 5024 200 880.85 48276
7281 23 24 7877 200 305.25 70361
57429 29 41 3340 200 1995.06 32555
66344 45 83 4217 201 214.26 71291
15450 10 4 4257 200 354.97 87401
9424 32 60 8611 201 738.17 27628
14994 33 66 3924 302 1518.70 82598
2790 7 39 1291 200 1104.28 682
21749 17 51 8727 502 1121.47 27835
26469 50 47 4928 400 1401.39 49404
42384 37 24 2225 404 337.29 46046
48247 5 78 180 200 301.30 5243
78295 48 18 4870 200 1660.42 81561
49191 24 6 1812 200 838.52 14693
31501 22 35 2829 301 11.98 3072
9190 23 92 9804 301 711.47 79344
12622 43 97 2113 302 1230.66 88027
64373 2 79 7252 503 1279.65 86437
35828 12 88 9136 200 1453.36 58820
73268 2 44 2132 200 214.27 7340
1331 18 43 5965 200 1676.57 75029
17575 29 99 4891 200 950.43 66036
55402 27 79 3912 200 1783.42 74299
49820 28 83 2144 201 1005.91 9266
41101 17 47 8802 302 1571.87 9823
66825 13 12 2635 200 422.65 30173
63540 4 82 1535 403 1178.50 84420
29573 32 53 2935 302 689.84 7555
50678 46 100 2405 401 1320.34 32133
45188 28 93 4600 400 123.12 32254
54183 42 77 353 200 849.98 24556
61598 34 30 8955 200 1121.26 9296
19732 37 42 4614 401 1389.69 98472
4995 41 51 1922 201 133.76 49347
21333 33 18 2023 302 1319.89 49990
32396 47 29 2128 200 660.38 43260
20387 39 100 1482 500 1052.98 39108
43616 11 43 1193 403 65.16 38069
83324 28 42 3155 200 57.64 13378
67905 4 97 8278 200 1036.99 82769
15266 43 7 5446 500 61.31 76567
872 26 9 7826 200 128.86 94039
13725 34 78 6595 200 1068.00 3195
26280 35 52 8553 400 406.40 41945
50437 43 76 2875 200 1956.32 31515
83577 12 1 9696 404 891.89 29193
11817 30 73 4464 400 55.24 38215
80083 27 57 975 201 31.68 98915
77057 50 93 6099 301 1237.52 25564
26842 38 20 9318 200 932.18 5692
27238 26 36 4084 201 1720.59 25938
4113 25 77 9515 200 1727.34 73446
5077 25 96 4811 200 1898.52 17640
81593 23 92 3087 200 501.80 40120
83403 45 31 7552 200 1546.73 82457
17987 28 60 9795 200 391.70 72208
29896 48 74 2641 400 1290.64 7439
60060 30 43 9322 200 189.58 12247
61914 35 32 1289 200 456.78 98609
46564 45 35 6781 200 524.55 46903
76226 23 59 8864 201 1420.08 10397
28345 17 57 1612 400 1401.32 68885
7638 29 63 4342 302 634.49 51160
61733 16 56 8871 200 1710.93 88489
67651 16 82 8124 200 1642.42 3500
4419 11 1 352 200 123.82 53419
43339 30 3 8423 200 774.83 74883
55563 48 41 2267 201 637.84 39201
42666 1 56 1706 200 1021.72 70507
16102 39 37 5695 200 810.76 79562
8297 35 96 5419 201 1906.82 16732
75848 30 65 2325 500 1511.43 6365
23612 48 1 5476 201 582.38 64274
292 15 7 1429 301 901.20 8449
20318 49 14 4110 200 1050.87 28460
5614 37 86 1832 200 1490.02 16257
57036 19 28 5734 200 1194.00 83809
60953 4 75 1149 200 891.89 14236
68237 26 25 726 200 1166.79 46505
63972 9 10 2112 200 1522.93 33832
64280 15 42 853 301 1017.00 50585
13612 44 64 9683 204 702.02 99487
59914 2 34 9150 403 831.27 26772
76114 4 65 4202 204 1577.80 21693
70014 29 100 1791 200 1308.47 52186
81862 41 59 2664 200 628.20 65456
85011 37 90 417 200 1563.38 3372
38011 16 41 7269 200 397.58 76463
74460 40 62 2084 200 1961.38 35677
60056 16 69 8802 200 707.57 4539
12340 14 78 1802 302 1430.98 43568
46201 20 1 1777 200 1793.22 20311
5861 43 10 9733 200 370.93 8630
84459 41 6 8921 200 588.49 61774
58525 35 71 7081 301 685.14 26913
26913 35 43 1350 201 1226.16 45579
13973 5 8 9384 200 319.06 88796
74967 27 56 7485 200 212.85 96056
20703 17 32 8685 301 549.71 42667
81340 26 7 47 200 168.45 69097
60393 2 49 8898 301 550.77 54507
56881 5 54 6405 400 573.82 55155
59399 5 20 8102 200 858.05 44243
37545 13 56 3992 200 3.48 20030
56199 30 5 2637 200 37.69 66606
72623 4 98 6601 500 149.93 12289
35915 24 73 4574 200 757.23 16390
42919 40 8 9563 400 1926.45 20080
52271 14 93 1695 200 372.49 16242
13024 41 30 1968 200 1035.65 95560
27497 46 5 4760 200 252.27 90192
83958 50 77 3920 200 368.58 40169
44512 6 61 9409 200 1192.42 16910
13151 23 81 853 404 94.76 40236
32887 29 11 2698 404 1519.98 11399
30609 27 59 9163 404 500.05 53415
62178 33 4 5575 201 1484.84 22953
77968 40 39 9311 200 466.60 46482
37977 23 57 7666 404 1475.61 63754
8650 13 47 7833 200 1930.38 46929
504 12 57 5160 204 1749.92 63530
18270 35 32 7856 201 503.39 33271
76831 45 82 1387 200 622.62 97268
6667 32 10 2819 204 685.73 74167
58402 27 55 7727 200 1560.62 21477
36588 37 76 3009 200 784.16 56855
1036 1 97 5193 200 115.95 25859
38647 38 32 5672 200 1941.37 18043
42668 15 66 1154 200 1820.13 88881
77999 38 83 5368 404 972.95 59013
48946 3 39 8996 503 1417.73 38611
20002 49 56 1114 200 87.59 71754
27651 16 40 1473 200 1145.46 58372
83693 38 49 9760 204 224.19 60249
7648 41 78 4527 200 376.83 25411
77736 38 24 5662 201 420.81 72085
54350 4 78 2074 200 1031.12 57680
30495 34 58 4852 200 1764.53 51170
46018 36 60 4310 404 764.88 58673
26622 2 56 3962 500 577.32 79634
86337 30 9 8853 204 44.38 25610
75202 48 84 6192 200 768.71 55680
62314 3 30 4112 502 346.38 26524
17806 8 68 1042 200 1998.36 19983
8150 27 22 2488 301 1174.84 74561
81772 38 45 87 301 1261.84 91456
44725 15 38 5498 200 132.73 23078
49616 16 80 4397 200 1215.53 26456
76396 12 60 9797 200 634.42 74830
36155 19 12 6042 302 491.68 79906
31646 44 11 8660 500 252.42 16944
3539 24 11 8653 200 1537.42 67154
58409 19 64 3916 201 159.03 92923
69109 42 93 9379 401 1757.30 54929
17546 12 32 678 200 1210.21 72986
3475 7 84 526 400 1809.42 24745
66020 34 83 8061 200 1030.96 49721
77048 50 39 1035 401 1283.14 18110
50168 3 73 4107 200 1957.49 17620
32900 10 83 162 200 528.50 64965
62297 46 48 1146 201 170.79 55605
70171 6 91 7766 400 615.82 5638
28389 4 22 1797 200 1519.95 60954
37621 12 8 1719 200 92.18 45557
16168 26 11 786 200 744.24 44550
83444 30 67 6592 204 522.45 41751
69952 10 92 8602 200 878.30 89926
4635 47 64 510 200 1632.99 10251
26046 26 92 5638 502 67.41 6957
79722 14 48 9732 200 266.89 51754
74049 12 12 6269 200 1378.34 63570
59536 36 48 8813 201 787.44 49436
31003 13 85 533 200 175.85 96408
50089 16 51 5297 204 328.53 37216
4609 35 87 9930 404 1042.13 55536
58574 38 54 1456 204 939.49 38711
77497 15 52 7057 404 576.76 96694
61075 44 44 5843 200 752.47 93948
66766 18 59 7595 200 1607.93 73351
65663 2 77 899 200 464.64 38945
36892 32 81 5905 400 94.77 48388
60916 50 74 3491 502 203.59 24575
14955 41 73 497 200 209.80 86370
5634 13 61 6829 204 1723.21 21137
37161 18 6 3604 200 841.66 1561
57987 13 34 3161 400 647.23 4946
20656 46 65 1780 200 1895.25 40862
21369 18 3 3472 200 722.32 58245
68946 41 42 5113 204 1332.64 7064
70894 44 69 3314 200 1755.50 5120
61151 20 76 8399 200 1472.14 95805
46281 46 91 2363 401 819.38 88700
59077 46 17 3850 500 110.34 53663
65886 13 34 4525 301 1754.27 63741
14281 23 90 1640 500 665.62 51304
8740 44 57 6629 201 625.76 23430
83714 19 81 9726 500 1728.90 77976
67316 50 16 2790 404 251.62 26250
82271 2 75 4181 200 131.14 64380
27701 30 92 9190 400 1081.19 48840
80142 44 60 6536 200 286.59 91928
48167 4 5 5839 200 981.59 19713
39736 16 84 3300 200 1611.98 20148
82723 13 29 6605 200 376.46 74082
45622 45 5 3609 200 1860.55 84631
39705 18 68 3480 500 52.66 97521
50137 17 60 2475 200 1713.22 35647
25287 22 5 6713 502 1781.69 83848
57633 28 86 3138 200 874.89 1407
2293 9 61 6305 404 1265.93 53071
57381 41 11 9749 201 259.97 65179
70045 17 70 5815 200 1117.72 35775
12708 49 40 5385 200 947.86 70671
205 46 74 6321 200 1566.67 81321
42940 27 20 1141 200 1644.39 17897
30714 38 83 7702 401 587.36 76482
74873 33 73 3069 500 422.92 58002
73421 6 70 7110 301 625.67 92999
63575 31 56 5289 200 1577.79 11767
78888 11 76 7689 200 5.50 83416
86142 3 22 7574 200 975.04 60012
60068 40 76 9764 404 1116.25 22509
31424 50 49 2076 301 1905.54 84602
77462 30 45 4770 200 7.72 34731
66051 8 28 8034 200 1219.65 5319
51353 47 34 14 500 910.06 46246
8823 37 68 165 200 352.52 69167
9835 49 20 2408 401 591.18 3882
36835 2 29 6977 201 741.11 30414
58372 23 56 6323 204 1167.99 35083
25318 20 95 7823 200 21.13 55496
78524 38 51 123 200 1650.13 2726
43806 11 41 1553 400 624.86 61596
66779 18 5 709 200 1256.24 18773
2443 41 60 4123 201 67.13 34625
68396 7 29 4651 200 1943.49 11800
85525 15 42 7235 200 1696.50 79376
26954 26 41 3654 200 1803.86 27615
15953 3 81 1931 200 760.54 50080
17167 12 9 29 201 489.73 51059
54541 48 29 1399 200 561.32 56492
1123 23 95 4581 201 1053.18 15870
11453 44 20 6927 200 1756.07 52907
78231 22 5 7984 200 1136.65 58215
6428 11 75 8450 200 1675.58 88460
48004 38 80 8445 200 687.33 66750
81588 30 92 3524 500 676.13 86614
72218 17 41 1537 204 86.20 46614
32754 27 81 3304 200 1305.31 95588
10337 41 36 9877 201 1138.83 66705
72245 9 50 7784 200 575.29 65801
29698 38 16 6683 400 1349.44 42769
41510 17 14 3383 301 1538.28 99252
30758 42 27 6710 502 1225.33 64493
4875 2 56 4800 503 706.90 46013
38078 39 29 5030 200 604.64 24777
46645 36 25 1383 500 616.61 34321
49682 3 33 3437 204 1628.16 6950
83111 43 75 5576 301 112.72 13050
65785 32 13 5099 301 475.03 49338
27963 47 30 1691 503 1433.92 60887
8499 3 54 5496 200 352.58 42453
9765 13 35 2383 500 470.25 22646
83152 5 22 6036 301 590.35 90325
52083 6 78 3574 403 1584.00 14748
72706 2 92 9814 200 558.53 58285
84088 29 73 130 302 454.13 71022
71599 39 56 672 200 590.97 72375
6097 28 42 9319 200 119.82 30572
46990 32 53 5794 404 1582.67 7064
83429 29 60 2603 200 1975.71 84016
41611 36 86 5003 200 1754.55 45956
67103 45 84 3673 200 512.15 42546
38714 42 99 8929 200 1373.17 26408
6723 48 41 132 500 1796.11 89209
5819 17 61 5278 204 658.05 9276
85150 42 88 4665 200 142.64 23161
55311 26 5 6834 200 1740.36 32362
51299 24 99 6693 502 1040.78 79218
86113 7 33 3354 404 1037.39 55689
34670 27 91 8489 503 1972.37 65273
20416 31 34 2643 201 1417.41 15098
50534 26 69 8726 201 1745.45 45024
82900 50 39 233 200 361.77 48159
48004 19 25 2049 200 887.96 21167
69858 9 87 8754 200 869.73 11107
19091 29 43 2745 200 190.45 49938
54939 40 59 3128 201 519.79 77324
80738 40 53 4931 200 112.13 8382
23455 2 74 5260 200 1927.58 47228
14803 38 80 4809 200 160.64 96968
71842 41 63 6307 301 1982.77 13660
51253 33 11 9895 200 284.75 65795
40421 38 65 1088 500 1102.77 8408
56121 13 4 7124 400 1459.74 56380
5628 48 79 9294 200 1862.27 42027
63644 43 2 6800 201 1668.74 58324
69583 36 1 2103 403 1691.58 30788
54864 41 93 9441 200 43.83 79889
34762 48 34 1377 502 50.96 39945
45115 12 78 8285 200 110.42 52983
48782 33 32 7000 200 1191.77 96635
73126 10 32 3571 200 1780.34 68775
62427 10 15 4811 200 48.04 70243
41750 29 43 4574 400 756.74 94727
85292 1 95 8916 400 344.97 39378
40797 30 99 2727 404 942.58 45819
46323 24 87 8023 404 165.40 8834
27132 9 30 3391 200 77.58 87996
37330 22 11 7228 200 1823.66 49539
39324 19 81 1855 404 1807.48 40575
44814 2 93 4131 201 304.37 1802
15890 7 47 6227 200 1296.97 46137
43889 8 34 1812 403 326.27 78262
57535 41 42 5415 200 527.79 83057
82524 25 23 54 200 815.99 26265
27146 48 37 5748 502 1571.37 41941
62474 39 84 7939 200 1408.44 39307
41694 11 14 4344 200 256.53 36088
2024 13 14 3822 201 1464.95 79910
52302 14 68 2361 200 945.06 86087
33040 8 84 2511 201 718.12 98718
11376 39 29 7203 200 1810.41 41950
40946 1 30 7195 200 207.18 90767
83683 43 78 4650 200 993.51 40807
12885 36 27 2063 301 29.14 76596
10912 10 43 8667 200 1064.73 52327
67103 32 24 1004 200 1226.95 63821
56867 19 3 7851 204 1181.19 7003
70775 21 25 3266 404 372.42 7406
27506 17 90 4063 200 508.77 3400
78351 50 29 8250 204 122.45 71844
6468 6 55 5447 502 1332.84 59860
70873 42 27 2814 201 1554.95 48560
42403 10 84 4857 201 1245.03 94305
75050 17 31 3664 200 1283.34 40352
47732 12 5 715 200 1769.16 90722
25231 28 14 4526 404 797.99 21693
56630 6 62 9511 200 13.35 2239
81585 22 58 4813 401 829.41 10874
24292 30 47 619 201 1305.43 11393
12750 16 49 127 200 1575.26 72365
20271 26 12 3943 200 1529.46 6096
47891 4 77 6122 201 137.68 60350
19380 21 93 1968 200 1040.67 25090
3011 7 48 4027 500 98.37 85570
85621 9 21 1551 200 451.64 58520
58406 25 9 6668 201 796.96 59581
63742 40 3 9236 502 703.04 43657
73945 40 60 1425 500 1777.12 13098
35847 48 1 5474 200 678.12 17556
64886 46 68 9141 200 1596.27 17102
38443 37 57 2985 200 430.00 74680
12821 1 43 5796 404 443.33 68946
28762 38 59 4037 204 1002.09 36724
14467 30 5 2262 200 348.23 5829
3991 23 47 7381 400 1747.07 9139
17212 25 99 7992 204 210.32 84089
76684 25 92 666 200 868.35 49284
45836 48 95 5088 502 399.49 22666
29854 28 79 9094 201 1020.63 85976
64811 36 15 6361 200 934.71 68663
35092 41 63 6351 204 1459.51 10742
4513 47 39 248 200 891.16 54272
22716 9 41 3233 302 1286.54 80086
35797 38 94 1043 301 1219.01 46598
61634 44 48 225 201 464.69 37199
5514 11 92 4087 400 952.11 83712
25908 8 84 4762 302 1068.08 37531
73507 31 62 580 301 1564.79 3725
34339 25 18 6608 403 1082.77 26972
76509 24 43 3864 200 1017.23 66752
39709 22 63 8782 301 1276.23 81454
62946 36 74 7723 200 448.86 90938
49726 25 86 2159 201 69.81 4435
62495 42 13 8991 200 833.15 77279
46363 21 24 2396 403 1937.20 86708
43922 47 59 4842 200 1331.91 40120
36008 43 5 3772 204 407.73 5003
7834 2 5 9314 200 896.35 99350
82130 40 47 6934 401 526.23 8911
75968 5 100 8515 200 1357.66 32108
43971 1 23 3673 503 1270.67 34787
60089 27 24 2284 301 104.57 41398
41887 1 72 2943 200 1207.94 63257
65329 48 50 2842 500 1214.04 31422
64383 41 91 4196 200 42.43 54216
42859 30 69 4451 200 1107.45 42132
84451 36 79 8607 200 1809.64 34856
61080 9 4 2246 200 1347.29 94553
70146 17 27 5913 502 543.05 29276
40777 23 76 2642 200 1815.20 52028
28929 16 79 5351 200 353.68 81798
47949 30 5 87 200 1505.53 67294
38580 21 41 4942 200 508.02 79796
30957 42 20 5601 200 1865.47 51739
53910 24 80 3020 200 1407.01 87109
49208 17 81 7266 301 305.28 29265
66952 6 12 1350 200 1365.18 95803
21078 41 61 5346 301 1456.49 88984
725 26 11 6003 200 263.88 90901
35698 25 86 2578 200 1701.70 87223
80109 47 12 9938 400 150.95 58592
75294 39 89 2229 201 639.39 47719
8165 11 11 4422 302 1335.43 10672
67391 29 48 5883 404 1253.13 63156
85155 38 4 6646 204 1827.17 72965
30800 20 43 6114 200 319.05 86856
62511 18 91 1424 200 1968.67 14104
17598 37 46 9595 200 870.75 55137
29156 29 39 83 301 613.40 96873
44359 10 54 5433 200 1837.79 29964
917 13 99 7959 302 452.00 36069
72 43 67 5620 301 1298.16 60481
31448 43 8 8057 201 877.26 84909
42923 31 81 3538 201 1291.34 60975
61057 21 83 613 200 455.98 41143
72454 44 11 2205 200 1147.11 89750
28051 17 99 6065 200 406.56 4597
28142 11 64 5792 201 700.80 15338
7671 7 24 8127 301 1456.33 78017
42185 39 46 9691 404 996.11 15476
35850 50 92 8209 204 429.59 56490
29173 50 36 8495 200 1905.96 93423
84798 37 24 815 200 266.79 4071
24136 34 96 3053 301 1827.20 32953
43094 22 42 6026 200 140.48 6317
44543 47 14 828 200 1525.39 14505
67136 15 73 997 200 1734.00 93629
26539 5 48 786 403 1282.89 44234
30383 43 17 806 500 1742.36 5092
73944 28 20 2614 403 692.80 10085
61744 28 54 8401 500 557.38 47094
24947 43 28 3635 200 911.50 78469
43058 36 48 9004 200 1144.87 88856
66229 26 90 2248 200 1736.86 90696
4853 23 12 9029 400 444.07 53309
80323 1 25 5156 200 1547.52 66771
71708 6 69 658 502 674.52 84728
72954 18 71 3563 404 1951.22 9029
77598 21 100 6071 404 1429.66 29453
21842 48 99 8767 200 978.84 78160
6052 31 96 7100 204 358.50 29311
46946 50 29 6157 200 1000.19 23273
8514 41 8 4053 301 996.20 35979
29436 29 50 727 500 588.13 42202
6201 11 17 3512 404 1571.66 41734
32280 37 14 2724 200 1857.59 4475
25559 38 80 6800 200 1271.64 45670
25804 12 18 9031 200 1194.95 82474
52205 38 7 9808 201 179.32 72336
31775 42 84 3229 200 522.26 41256
17410 12 1 732 200 728.52 1405
21205 1 58 2884 200 749.65 8583
5437 34 4 3846 404 1051.70 40998
7302 42 1 293 400 126.54 28871
72441 23 89 724 200 630.08 56193
69136 14 18 6433 200 11.67 8280
41197 49 66 7343 200 1163.92 65288
77754 8 94 4311 502 1768.49 27808
35495 50 35 2435 200 1954.78 29816
13205 48 53 9587 401 702.30 39726
12409 26 60 438 200 1666.16 69196
41330 38 24 7831 201 1583.49 55667
2201 3 69 2250 200 1856.50 9221
53851 10 51 9921 200 1855.60 92909
14074 29 21 1648 503 998.22 64428
27609 22 51 8116 200 1145.13 88964
27740 22 71 7529 502 1265.54 27676
59755 31 95 9432 200 1598.43 92147
46914 4 53 2147 200 1564.44 83070
78097 26 46 2499 301 1846.43 65690
72682 8 20 5475 201 1416.00 57204
52177 10 10 2301 400 1460.90 39092
72508 21 94 1167 200 143.25 66635
38560 48 25 2721 200 1408.88 52930
80215 38 83 4121 204 1193.93 71806
77441 41 18 7533 301 95.22 52021
56999 23 48 9735 500 1223.30 60862
37979 50 76 936 200 1312.50 68626
27236 4 35 4020 400 1684.90 10376
70275 16 98 761 201 347.36 65260
74055 4 58 9736 400 1964.31 61673
32594 17 2 5132 404 700.72 67995
29019 25 82 7535 200 1658.50 18176
56231 48 99 9333 200 1107.45 85121
11868 17 68 4313 500 881.95 82508
25748 17 6 1086 403 1525.03 26991
59077 36 92 4783 403 324.31 6228
65412 16 94 869 201 29.98 23122
38341 5 18 6424 200 1676.77 35161
83008 18 14 9908 302 1028.21 47124
50058 27 63 7476 200 1958.32 64955
67468 19 17 555 200 261.44 68535
79169 2 21 1420 200 1948.19 52239
43014 29 47 4360 200 1557.82 51824
19001 50 40 1115 503 332.19 29448
40859 10 34 205 200 93.89 2399
13364 12 37 4309 301 1124.24 79580
73432 21 83 9847 301 1487.70 27889
16614 48 84 769 200 1322.01 68678
81705 38 51 3052 200 195.98 53206
14955 16 7 7957 200 951.03 91621
5597 28 44 2607 200 1770.02 12775
41373 17 74 2274 200 297.62 32640
37982 2 50 7757 201 667.03 22953
69621 37 45 2973 400 774.94 25643
44381 42 51 8165 200 948.53 93863
3473 29 36 9937 201 1313.10 11801
64763 26 83 5370 301 1518.52 61527
60118 21 85 8208 200 335.09 36074
63628 49 64 4403 502 1538.36 77088
62075 11 50 5814 401 823.07 29434
49398 46 8 7944 401 866.87 45680
6142 6 69 6604 201 1839.04 78057
24175 8 4 6018 301 1136.71 15629
44413 49 23 2224 301 908.77 1967
47965 39 94 5268 500 1994.65 22159
57325 45 42 9868 200 1444.15 10013
43697 29 70 8055 200 839.89 74021
47932 22 91 6526 200 1416.96 91862
29160 2 49 6562 204 767.13 32876
40449 28 86 742 302 1626.76 51284
14111 21 74 5744 500 1834.29 16582
19873 48 31 4641 200 1436.61 39847
52522 23 82 8027 201 240.39 73958
37830 50 64 5383 302 882.78 12006
30825 16 70 7336 404 95.33 42270
3648 48 65 1128 301 860.90 54875
32563 49 21 6310 200 1655.24 37806
18387 25 42 1960 200 1992.84 92106
31801 15 42 566 404 434.92 76363
32748 26 54 6571 201 211.88 44830
28697 30 70 9709 401 338.77 36082
69402 10 85 8299 200 1310.37 44144
32939 33 93 7376 200 515.40 60255
16768 43 85 5163 404 826.46 82624
2755 36 93 9136 200 1018.81 94496
61063 45 21 1085 204 1076.67 79454
67087 25 31 4929 200 457.95 21173
79753 15 32 3704 302 149.42 43481
42037 46 50 9955 200 308.83 26053
27168 25 33 6597 200 587.87 76870
68023 36 49 2514 400 1695.08 34460
51701 37 93 2744 200 1762.16 90627
30261 31 21 5212 200 1765.84 36753
10603 2 48 5042 200 1441.62 65224
82429 26 52 2569 403 1315.39 60494
74147 28 28 1886 200 923.35 38402
45623 41 13 26 201 1227.52 6403
46124 3 64 4442 401 1328.31 33645
58701 23 27 3332 200 1243.52 37775
72433 48 49 721 400 771.45 68912
71679 18 50 4143 201 588.72 40246
18065 49 15 3689 401 135.00 58390
5412 9 44 3774 200 1261.15 3735
73470 35 64 1300 502 667.76 3096
22588 7 30 950 200 521.71 43525
45969 29 12 9308 200 362.46 97168
51450 3 50 8515 401 1804.31 56286
45614 35 79 9956 200 1020.90 11941
6480 46 84 612 200 1860.89 34915
9278 17 87 3287 502 1960.24 2282
84088 27 71 9972 404 620.74 29002
33377 36 39 4927 204 18.45 14865
67639 38 96 4581 200 1580.31 47877
50571 2 49 9905 200 386.36 64878
4530 44 63 6136 301 1228.10 95671
45894 46 18 2799 301 1710.61 42605
31086 21 26 7593 200 1358.31 46361
42269 36 38 6504 200 416.95 33492
10867 20 3 4375 301 907.69 71389
68799 8 64 5234 200 1024.11 8017
64801 48 27 8866 200 1148.58 54680
82979 5 75 7582 200 770.73 27976
21183 37 55 7806 201 242.78 92221
80686 18 85 9327 204 779.80 53634
76662 15 58 2833 200 1906.82 71780
71726 4 12 2894 502 311.27 32612
26938 44 94 5981 403 939.07 64831
43256 7 30 9728 200 1571.59 94712
24850 31 28 1474 200 1702.12 52245
31477 29 32 8159 200 712.94 74830
17293 9 36 3914 400 1813.94 31032
86279 39 52 6898 200 293.83 28654
44779 19 92 9756 200 616.73 59978
80388 30 31 9347 502 488.44 74560
69852 24 63 9470 200 1826.92 95602
65276 26 37 9401 204 966.34 13185
55656 47 61 948 200 778.67 70355
8972 42 87 3044 200 1102.88 42605
42274 27 6 2262 200 202.85 40283
38573 45 62 8132 200 1574.77 72335
44643 16 92 8883 500 1864.59 24204
3352 3 61 3201 200 833.01 99243
40001 15 15 2167 200 646.97 12280
79836 36 45 228 200 289.66 8203
76273 38 83 7685 200 1911.44 29606
50055 10 70 3116 401 116.65 43240
56007 2 92 7284 502 941.00 90690
29356 31 52 4559 400 1832.53 88733
58755 45 21 5413 200 1343.94 41087
11909 35 51 5182 200 700.33 31875
14154 42 68 8000 503 515.75 6254
5339 14 45 7449 200 410.34 59771
78419 30 55 434 200 1060.91 30047
23157 13 88 5893 200 806.66 15783
59995 6 41 8790 200 1445.33 31908
36977 48 64 8796 200 1930.98 6991
73748 43 99 4519 200 1345.10 69041
82098 43 10 6105 500 1036.66 38076
63639 44 92 5459 200 1016.59 11393
68225 49 53 8733 200 1921.84 92443
16036 33 12 7299 400 182.30 34043
50245 37 38 1501 400 719.54 78139
85254 9 81 3125 200 98.21 95648
39930 2 77 2234 200 1933.07 72047
75293 30 96 7153 200 1607.73 93158
41461 22 62 3683 200 574.31 77359
69174 12 26 926 201 1096.33 28818
52522 1 62 9318 200 1528.99 92425
40520 27 14 6174 200 1742.32 28863
2105 2 56 165 201 116.53 36081
18093 36 93 204 200 1662.70 72681
21617 45 6 463 200 776.38 6509
31190 4 29 5952 200 821.05 13429
71756 9 20 6068 200 799.97 90506
35594 49 11 4850 201 1491.94 26428
27533 15 23 6932 200 1814.74 258
10418 42 74 5997 200 61.25 14170
25184 33 93 7950 502 663.77 83610
53670 23 42 6544 200 1032.43 58218
25382 43 7 8637 200 472.26 97629
72289 49 100 8277 200 883.76 98349
37997 20 39 7163 201 1444.67 7374
13318 41 37 6914 200 1294.63 92678
20134 29 27 704 500 266.80 21148
76286 29 72 2005 200 471.73 13202
55728 26 53 1967 201 895.24 1013
58724 35 99 1149 200 612.07 86455
64524 5 63 8003 200 1081.01 70845
85666 20 99 2460 301 1222.17 93826
6731 45 67 6161 200 1502.81 19152
13897 13 95 5434 200 773.34 28180
64457 24 57 7547 200 1694.55 72927
61605 24 8 338 200 52.49 38152
39474 17 33 629 200 673.86 82585
82172 26 68 8071 200 1121.74 77900
33948 25 18 758 400 181.48 9854
73224 36 34 9215 200 942.41 3615
63830 20 29 6042 403 1435.82 10465
77427 2 9 9765 502 845.15 39913
4368 25 62 6044 503 135.27 79487
9408 33 83 2846 302 579.05 77435
3251 10 51 1871 200 300.87 86582
58627 18 21 4495 200 649.12 96738
64228 46 53 8645 201 596.21 21268
60978 9 39 3724 200 814.86 53001
15862 17 98 2491 301 1317.09 1405
3202 21 95 3092 200 996.66 58414
51872 33 59 9606 401 280.93 88684
451 37 31 790 502 1894.85 66139
61491 16 52 5420 301 1027.99 87799
59527 34 49 6291 200 716.24 38977
62479 38 2 3347 200 1853.42 33537
60365 4 93 8192 200 742.23 98318
61107 6 82 705 400 701.02 47640
79299 43 55 5631 201 868.51 46517
32211 14 49 767 301 1954.70 99368
32738 17 30 2564 200 1181.97 28569
78710 18 79 6340 200 117.79 92062
80402 12 80 4584 200 764.37 59290
56357 38 41 8593 200 1322.00 31182
69296 18 70 8038 204 1948.02 80285
71941 46 49 5571 200 1636.20 72693
73097 24 40 2300 201 508.40 55208
81216 26 63 9461 200 1696.42 71701
60536 36 97 5972 204 1208.13 56932
31113 24 94 3057 201 1145.53 34901
77621 7 71 3634 204 46.31 27737
75185 11 62 2585 200 772.54 46620
56497 13 54 44 200 716.12 20607
10732 11 3 6009 200 794.94 50362
18388 9 67 468 400 250.79 12959
2221 11 59 4723 502 542.28 28955
16518 16 23 39 502 1034.41 7609
49465 38 67 4947 401 843.59 76244
450 23 69 3713 401 1730.76 56949
11906 7 55 3699 400 989.33 92968
60415 27 1 6455 200 529.60 29091
10454 20 27 6422 200 1665.58 53419
12479 13 74 447 204 840.90 82145
85048 28 78 2055 200 1946.10 77802
37271 10 40 5858 200 1143.64 14144
11529 17 46 4212 401 719.57 65809
45918 48 43 7774 200 112.69 79709
3889 9 16 5548 401 1160.00 84357
42662 36 8 6055 500 461.59 51389
39302 50 87 8023 200 1434.80 20971
70025 38 42 128 404 37.82 51964
54517 14 61 3974 201 1160.27 85259
45943 33 85 7819 200 100.75 75009
2464 33 15 9183 201 1276.66 75251
60907 10 19 3670 404 1871.49 42508
79637 1 82 8436 502 121.32 71447
54881 48 97 248 500 1111.93 11901
9659 13 22 3458 503 1563.77 98285
76521 6 49 4126 200 1032.75 56936
54729 44 67 1583 200 608.81 3602
7626 44 7 3133 200 901.29 79036
73380 29 2 3606 200 1126.71 96394
37497 33 6 2612 201 1949.99 27762
45626 15 38 4528 401 846.68 71920
72540 35 43 2321 201 714.13 2155
20753 4 90 1341 200 909.50 93180
66012 10 97 7456 301 1841.05 63588
71889 20 71 7212 201 1520.12 94456
16731 2 37 7944 200 370.85 77063
20064 7 6 3245 200 122.91 52154
23384 36 92 5566 401 1689.69 70457
20113 19 46 2298 201 534.08 68301
33870 45 72 8462 201 1787.42 4348
32609 41 38 7246 200 237.53 30652
73645 31 68 4201 500 1917.05 93856
43423 21 54 1763 404 718.68 19091
40025 38 70 7378 200 1666.00 89878
53019 47 24 2593 200 1715.89 26597
42107 43 49 9295 200 1856.17 66596
20632 32 12 3717 204 207.44 38586
35386 47 19 2422 200 1468.58 50643
26099 39 69 4340 200 446.74 73433
78300 2 79 2924 200 916.98 11345
58741 33 46 5516 200 591.05 37390
67034 47 31 9559 201 144.31 7250
42433 42 19 416 200 1526.37 70416
78786 5 77 9534 200 1321.65 41392
79225 19 25 8653 200 1112.61 96058
83430 49 11 1881 403 387.65 89010
19564 30 9 2347 200 1033.75 44981
62670 40 49 3320 502 100.70 11924
5437 41 71 3957 301 690.06 49033
57808 14 89 135 201 951.80 75766
29743 26 58 2203 401 1297.32 26399
27114 30 28 1488 200 1571.93 87837
59939 40 77 3084 200 104.68 13398
25671 44 15 3524 200 574.25 34868
15677 11 50 8413 401 769.27 61249
14632 45 96 6301 200 1981.69 46359
16192 40 53 4817 500 1601.05 70235
22489 14 44 1698 200 1933.67 7022
77063 1 22 4965 204 447.21 59275
49295 44 90 9661 400 1198.42 14528
12297 9 8 4844 200 1045.25 84625
43881 17 35 397 200 1938.40 85248
68738 10 4 4159 200 1237.29 36540
41268 18 38 5952 201 1313.60 85532
49562 7 15 7932 301 697.29 66360
79410 23 18 1827 200 624.46 64815
4738 48 49 5935 403 1810.04 84791
40302 36 48 1253 204 304.21 12090
56574 32 15 8929 400 1298.73 5132
72438 8 73 3205 200 1717.12 10789
16180 22 35 5225 200 1552.25 62613
13907 13 80 7724 201 173.52 37408
54172 9 57 7587 201 1425.27 20150
86118 21 20 2000 201 1424.94 86077
73960 1 65 1353 200 1542.88 98551
54298 14 39 2663 200 971.88 74368
8308 20 28 4626 204 1825.86 96386
21609 38 45 3893 404 1751.04 69677
78641 25 65 8346 201 772.14 91487
67592 3 44 2959 200 44.93 78665
78357 43 29 5929 200 1982.55 31208
21083 44 88 4535 301 482.94 11497
43448 43 26 6638 301 1573.28 27540
42382 45 27 4801 204 1303.74 67514
6128 25 2 5024 200 83.52 38093
52813 35 66 2364 400 917.03 56416
74011 43 28 2882 200 523.03 32700
2636 21 91 7938 204 884.01 41318
21590 18 77 7747 201 1878.98 15116
24155 41 33 4243 200 805.36 88532
19142 21 14 8377 200 510.25 10683
47212 49 87 50 301 1713.17 61013
80694 29 15 2185 200 1790.09 35326
49638 37 77 3460 200 232.99 26030
5740 4 12 783 200 1267.52 69318
70655 39 83 5679 400 1304.89 2084
39360 19 39 1115 400 240.26 65163
9151 10 3 4479 200 1516.18 33398
57696 19 52 595 200 623.59 77687
33511 11 62 6565 200 229.81 34345
3080 48 92 7299 404 1406.61 78800
49125 32 51 6201 200 16.85 22398
22331 20 11 1270 200 1667.65 45072
75193 18 65 1432 502 1866.91 27865
7310 26 83 9765 200 1001.52 15200
58946 7 25 8908 404 932.36 93243
75182 30 67 41 200 44.08 13692
32959 39 94 9853 201 1312.07 53902
64462 19 23 2116 200 381.10 59500
30371 43 52 2543 200 1503.32 7777
7550 5 52 6827 400 1944.93 76806
45830 12 17 8495 200 382.38 92360
40204 44 88 776 403 1906.50 65352
47720 18 78 709 200 1642.10 58794
83638 45 4 4964 201 1063.40 68072
24399 1 65 148 400 149.80 89549
26367 48 96 554 204 830.68 56134
45442 28 38 4524 500 1508.31 11848
66055 16 27 6704 200 766.08 29961
3654 5 36 1264 200 408.10 83826
20931 31 26 6823 201 1844.84 30957
46756 46 11 5532 400 1848.55 99918
14094 22 43 735 404 186.67 989
15071 41 42 1116 503 1546.14 62301
50113 40 16 1235 204 1917.79 25307
83583 42 17 3807 200 1686.09 88908
7585 17 60 2702 200 799.54 82995
10709 48 79 4654 200 1004.63 10850
62478 25 67 3847 204 1038.02 94931
51721 14 1 6386 401 601.25 23043
54901 4 11 2178 400 1083.85 43874
16422 27 2 7905 200 882.18 73540
25895 46 32 3721 301 1270.18 74934
36467 41 7 9014 204 667.58 55065
36913 7 97 7243 400 777.53 94313
15143 42 63 9011 301 1715.45 12436
77049 20 10 9154 204 295.16 44046
62605 40 36 6649 404 801.75 72598
32252 11 4 3884 400 1409.86 30188
17430 24 36 2194 400 121.96 28166
60945 1 38 4248 500 1846.88 48824
32149 30 45 7321 301 1461.98 69424
65861 41 59 8802 500 1832.01 90301
2365 49 98 3577 200 445.85 44132
57945 22 18 112 200 1342.89 96370
81012 1 23 9582 400 169.02 21311
35876 15 71 948 200 1842.63 12860
76915 24 32 9682 502 456.60 72211
27591 33 91 646 200 1903.05 89326
4394 11 18 7598 200 1635.85 44716
51974 46 96 9437 502 963.16 16136
7471 25 78 8795 401 1928.78 88836
53402 46 26 6833 200 191.95 67560
35305 47 30 3210 404 790.40 68385
26634 35 51 1753 200 398.91 46879
51955 14 57 8426 503 1296.69 23781
21639 45 24 489 301 40.13 91508
16747 5 29 4844 301 1700.86 93788
14797 41 44 6791 200 1810.61 30454
45615 30 38 166 200 374.47 27360
83559 46 59 7940 201 833.72 81021
69774 21 58 1777 400 1524.26 23348
86045 11 79 9891 502 842.23 45228
44518 7 83 7881 201 1888.95 37524
50916 13 53 9927 400 96.48 84968
77763 50 93 4152 401 1255.54 68236
82863 37 24 6936 201 1907.73 54218
44269 14 12 4978 204 163.35 42850
64194 14 71 8953 404 1675.85 6260
74933 24 30 1377 204 95.22 8699
32313 47 9 6160 200 412.91 99614
38945 28 6 2390 404 1846.15 92050
73829 47 55 5201 200 1841.57 89673
67965 44 59 4344 200 1288.60 11308
69724 47 74 5341 301 785.19 26324
11728 37 28 8027 200 375.41 20571
58792 29 39 9929 403 172.65 77643
72778 41 54 2801 201 247.92 39605
72750 45 85 4254 200 622.84 7102
19139 29 69 915 301 1356.57 84378
53048 41 88 147 200 847.33 3788
9684 6 74 4123 201 65.72 39290
49026 28 31 6294 500 543.10 58831
57541 48 4 7642 200 954.28 44946
55980 28 21 63 200 82.67 77861
56444 13 64 1308 200 1358.27 62333
53045 14 69 855 400 1224.11 45232
81072 26 99 9489 502 1323.42 64780
81632 5 55 899 401 474.48 55939
5269 31 48 4397 404 853.97 60056
23623 35 1 5765 200 48.31 61595
78200 42 33 8103 500 772.75 31554
47939 16 10 2609 200 61.76 78930
82764 23 60 4966 200 587.33 23301
45601 16 6 8012 404 1399.95 92745
80575 37 91 2900 200 1991.36 54546
66712 6 25 8295 200 632.60 30371
32814 12 81 7350 301 963.34 43728
81445 30 68 3539 201 1971.80 29735
6181 6 88 3046 502 1925.75 74138
65697 46 53 91 301 140.04 450
45418 26 75 5990 200 407.38 31023
23657 31 63 6581 204 38.07 42325
13156 18 86 8073 201 757.42 59738
75872 38 37 4062 200 1536.64 20880
2443 31 89 2854 200 173.97 63465
20882 14 74 5974 301 236.74 27088
44968 34 33 2304 204 1774.53 74294
3533 9 99 6894 400 1505.47 69168
70632 39 31 9946 400 703.85 48172
53043 14 34 7399 401 1644.96 56806
25652 40 28 9097 200 1159.38 25495
41620 46 78 5915 400 880.34 40359
69712 6 98 1072 200 66.01 86260
46049 9 68 4130 200 1297.09 59815
20590 8 39 4041 400 34.50 68023
12696 6 100 8799 200 1146.06 63018
53752 43 6 8424 200 983.09 52039
55128 20 8 7848 302 1302.30 37149
83406 46 59 1183 200 1370.32 45401
33264 33 77 1722 200 1818.27 23609
26088 37 47 2272 200 1637.94 42435
79090 46 73 8655 200 1112.57 69001
63180 44 30 8886 500 1621.61 75998
12683 22 75 5341 204 998.18 92490
35564 26 36 6551 200 1145.99 9232
40884 31 97 9597 200 505.59 5793
82557 21 81 6961 200 472.39 36077
76681 33 13 7251 200 236.26 94653
27225 42 33 9748 400 875.30 37413
81788 41 43 3232 503 1563.46 81417
69845 46 27 3577 200 1796.76 33490
4064 39 79 1743 201 1256.76 44748
33278 21 21 7567 500 983.42 30450
71948 38 74 6054 400 1617.72 66715
77362 2 31 3960 503 1274.88 79496
28878 29 26 5138 301 764.68 19407
77216 7 22 3641 204 293.65 60106
3831 24 4 1548 404 106.02 53972
23325 23 11 3248 403 1010.39 16126
7908 30 30 6272 404 600.04 25542
26713 9 25 4957 200 820.87 55287
45736 19 24 1569 200 1736.68 93267
22937 7 95 7049 200 588.66 95864
73709 2 46 917 200 419.18 8216
21828 30 46 4189 200 1192.03 31014
852 4 21 7533 301 1587.07 64704
81150 48 59 1712 200 1151.42 41096
38916 27 63 5413 302 1592.09 8995
57616 38 5 2387 403 1486.31 50836
4272 3 21 9807 502 1547.75 81002
4782 4 44 2497 200 367.57 5687
47113 22 48 7579 503 1191.29 35647
81269 18 100 2654 201 888.79 21400
16962 24 2 785 200 1785.95 43217
74166 12 32 4205 200 1076.49 52118
62542 7 48 7751 200 64.36 21402
58455 22 83 450 200 1774.16 19209
7777 30 95 9118 200 1906.75 86380
8439 5 73 1512 200 223.37 9855
28314 17 84 7769 200 1765.49 67622
34710 5 100 3603 200 1694.75 91598
44453 27 65 9886 302 859.62 32313
44528 36 88 9547 201 1015.56 30784
10130 12 40 4771 200 842.25 91760
72098 34 48 4210 201 301.84 76237
18790 25 29 3610 204 204.87 36820
35769 27 82 1621 400 1121.00 60404
38008 28 95 3996 400 1129.37 92190
68821 29 34 8270 200 174.40 28064
85894 50 17 4106 200 716.04 33814
12929 15 31 6012 503 105.97 12757
67257 3 13 2962 500 1898.84 87345
73150 9 2 3417 200 1813.11 36727
23359 50 45 8969 200 820.98 93293
71230 47 76 4617 201 461.40 54418
85582 6 28 8251 200 377.47 31373
16042 6 5 5599 200 297.64 23410
19584 38 26 575 200 299.55 7641
418 27 54 7878 201 1949.11 50228
8566 34 83 9816 200 1332.09 51958
72024 17 96 3246 204 90.49 5479
50871 14 73 9282 201 1159.03 21417
52756 5 34 898 200 39.33 75564
23002 26 31 3768 200 68.30 18786
21383 11 26 4920 200 1008.57 18627
34507 39 33 8936 200 420.10 98791
66846 12 82 8883 201 1183.33 7852
77440 43 95 8328 301 1832.74 49018
4115 31 24 8287 301 731.53 81502
36105 38 6 7733 200 1525.61 58035
10632 44 11 4209 401 1607.83 93872
5170 17 42 4771 401 800.71 54563
37207 30 35 1513 200 57.90 94599
12927 47 52 5452 200 1616.51 75587
58832 19 89 9207 200 300.47 88637
65489 43 57 3916 200 1482.66 15162
7235 18 33 294 201 1793.55 27063
68716 24 3 2886 400 1701.36 19170
67622 38 15 3229 200 323.48 4375
42044 37 10 4284 200 615.75 44753
11665 1 83 8179 200 880.35 838
65784 22 7 3549 302 1430.91 46112
3337 10 12 2993 200 1983.95 39010
28183 9 21 2608 301 1891.04 44442
53200 28 3 5957 201 69.96 35928
70748 47 20 6707 200 291.47 76732
15232 30 70 7553 301 209.21 26409
26049 46 51 2138 200 110.78 86995
23788 38 93 3453 400 1255.45 60038
327 29 39 1760 200 234.84 25234
74398 48 66 4864 403 429.22 46115
15068 38 89 2136 301 948.13 6396
37223 46 65 4155 200 1367.08 93060
68852 30 5 3006 400 341.81 32208
8207 8 52 3926 200 988.81 95527
67555 44 67 9888 200 633.76 95721
39718 14 65 2779 204 1541.25 88684
85031 9 97 1203 200 1963.55 16750
5101 30 99 173 200 6.06 89112
15598 1 48 4541 200 1805.41 83113
40806 34 42 9365 200 545.19 53703
10600 48 68 2027 200 31.74 87888
72769 27 10 1441 204 1040.59 40989
2435 35 40 8579 200 523.83 28276
14646 47 61 2378 200 709.92 31782
77288 18 51 2492 200 325.10 78352
27622 9 78 7884 400 466.00 49343
28110 6 72 9431 200 1114.37 70378
16000 45 34 751 200 1214.74 57089
58430 35 100 19 403 113.61 98975
21334 4 97 745 201 717.97 65235
8354 30 31 5817 200 1337.98 9523
82221 28 8 2962 301 1099.35 23306
80068 38 4 6887 200 1139.36 53725
31870 43 23 9114 200 1623.75 46793
24236 24 1 5702 200 1742.53 1859
83402 18 55 3794 200 1628.55 98820
35043 38 49 3338 200 314.08 76697
20298 46 23 9706 200 1980.08 16781
25484 25 1 1847 204 683.47 5340
16899 47 25 7919 200 1554.04 51365
72921 42 91 6555 200 1908.16 76248
18533 35 29 6469 201 958.91 13092
86065 47 34 102 401 558.33 21461
16300 27 45 959 204 1888.07 96711
62442 28 22 5106 200 362.03 43718
42994 25 76 9908 200 1393.76 71275
31270 42 8 3749 301 875.12 75377
85160 13 1 7616 401 862.23 84989
49417 15 98 5439 400 994.96 66491
35458 40 5 244 201 1969.07 64361
81836 42 84 4805 200 589.78 60993
3757 12 80 6743 403 225.54 85245
79180 23 93 9480 200 1969.25 94688
70492 2 36 2942 200 698.43 48212
65578 3 36 9037 201 1090.77 31750
1185 26 11 5578 201 749.04 99807
14341 35 6 9497 200 353.13 28109
32537 4 27 6236 200 141.04 40270
53703 5 60 264 200 1465.24 43633
19142 28 92 7379 200 866.13 38643
68493 50 93 6795 200 425.87 52135
74868 27 32 8688 403 623.75 18027
14070 16 38 6133 201 1421.99 26665
28843 10 12 8995 200 521.27 9889
37939 40 60 2127 301 1246.57 19963
8489 29 67 4079 403 832.05 83565
38345 2 60 6480 200 758.37 79045
1095 14 33 6847 200 1643.87 51276
85383 40 38 6400 302 185.87 89430
2398 1 97 6535 301 765.39 3597
18950 6 24 9405 301 819.01 56426
78147 16 59 2653 201 1795.83 43210
53403 4 79 7340 200 1528.77 43298
16490 47 25 5020 201 1050.41 12611
27318 46 24 4524 200 782.26 28999
50918 20 37 9200 201 195.06 17665
69086 12 26 838 200 1756.79 23884
26381 6 26 2113 200 551.98 47742
86166 2 41 2871 200 212.59 66692
37274 8 28 2749 201 1762.41 78427
3705 37 51 2508 200 1464.07 62924
48139 38 75 1386 200 940.66 80218
86230 43 36 3435 502 603.84 8162
76920 39 43 2532 302 950.70 13397
52858 2 6 4269 200 1098.32 67043
39194 40 13 5401 200 1955.83 12725
24057 36 95 5279 200 361.31 13935
55493 1 21 2603 200 1972.70 13302
65807 43 1 3451 200 286.51 39915
10244 42 87 5049 301 1194.48 3712
55138 47 24 3761 200 580.33 58805
77007 23 35 7608 200 874.19 78172
15616 19 62 6521 200 1439.80 94426
57778 49 69 7721 200 439.30 88811
38668 30 100 3824 200 1567.38 94441
43982 20 15 6910 400 1686.47 52470
70959 31 84 9990 200 1227.51 66762
41188 42 26 3507 200 688.07 77729
47631 45 6 7251 201 783.68 13370
60837 10 61 5770 200 736.81 65570
80494 49 85 7532 200 934.07 86661
58600 39 18 9533 200 58.43 61138
15122 49 93 7279 301 1994.84 51320
68411 42 98 9292 302 1519.94 76281
27680 10 47 8058 502 1223.67 68459
1067 4 8 396 200 1163.20 41434
46344 49 95 9456 200 1588.84 16233
54982 43 25 4597 301 1130.72 87048
9284 32 6 6212 403 989.13 67413
73731 32 56 9690 403 993.67 37469
43202 39 68 5099 401 1667.09 51929
53301 46 88 9674 201 207.59 66299
49537 39 60 729 400 1278.68 46685
10057 47 54 9914 200 1741.33 80419
12636 6 85 4594 204 1881.08 69581
63700 20 14 2810 200 1361.90 37035
77396 7 76 9335 201 1975.99 97918
15022 38 55 2103 401 644.82 88991
86037 6 38 2697 301 153.50 65886
39224 6 34 9536 200 591.51 86354
3980 36 25 2972 200 1900.40 27375
47857 3 35 3006 400 878.15 59857
25123 26 31 7577 403 794.95 63117
8720 50 80 412 200 359.04 79656
38627 17 5 4285 200 1024.49 1255
61406 19 62 7609 200 156.04 10595
54499 8 1 4042 302 1388.68 52483
31667 38 70 2421 200 352.07 69409
73845 10 71 2128 200 729.58 70892
71274 50 84 3916 404 893.44 99351
77566 26 10 8728 404 1029.48 81949
4414 16 60 5968 200 21.62 18332
2255 28 6 1045 401 455.36 14480
47458 48 13 1214 301 1788.43 20731
14154 36 22 830 400 981.20 52151
10383 28 56 9500 200 1521.14 70892
20088 39 38 8949 301 984.05 80442
73805 5 90 2757 200 208.69 97946
65864 13 79 1837 200 1993.86 50773
7644 14 72 6552 200 1941.58 62010
83651 20 91 1665 503 1848.48 85283
69510 37 95 7044 200 1666.86 27552
50062 39 45 958 200 1700.65 65428
64752 24 100 5928 200 922.77 54834
48081 48 50 6518 404 46.75 88420
31929 21 94 6946 200 401.11 34718
65765 33 2 1623 301 1983.69 90141
23428 26 47 5646 200 731.07 40659
13497 29 53 2568 200 1220.18 87841
78492 24 24 2334 200 1694.33 10550
12602 29 63 7089 201 209.72 59182
73832 23 5 4936 301 469.94 21879
24261 6 69 5120 302 822.10 67066
60347 32 87 787 400 1044.68 60576
17690 14 56 8710 404 645.00 74241
55757 16 89 1182 403 1692.29 80106
15146 44 7 5153 500 1258.28 17796
13109 34 62 2790 200 649.71 80906
44962 49 81 8699 200 907.86 88410
84974 3 93 7971 400 507.84 80077
17132 44 88 443 200 1767.08 89095
33587 18 28 3422 204 1322.96 24472
30526 1 15 1726 404 152.22 86037
35683 25 46 6457 200 1789.15 31033
28271 1 64 9029 301 526.43 63807
76681 36 9 9210 401 1220.11 50601
56912 33 15 2976 400 811.49 43254
10825 34 75 1492 200 794.45 59007
27836 35 43 8316 200 1140.39 32813
63967 9 20 6185 301 967.76 83951
18382 39 3 2320 200 1446.98 78815
63902 43 18 4130 401 1986.71 8034
61915 19 73 6446 400 1305.66 1219
34345 50 100 4905 400 1625.17 51055
34345 12 55 5588 200 887.38 11852
37293 28 78 1202 200 372.98 99154
61077 48 88 1127 404 1129.59 99666
75942 2 95 3044 200 713.05 63713
19923 24 27 3665 200 883.57 39167
69636 32 85 5145 200 1620.28 65075
40797 35 16 1914 200 685.17 70330
85183 26 96 3061 200 1273.33 26481
75970 46 56 2681 201 490.90 17628
83917 33 5 1605 200 1398.21 15229
26630 49 67 3214 404 1324.89 89736
54788 35 92 3606 401 1476.47 21840
68401 8 65 7918 200 788.64 65450
35356 7 67 8200 200 1261.11 20827
43119 40 52 8498 200 1619.02 25106
61667 4 88 8403 404 329.83 91214
26738 40 29 210 500 1897.10 16737
30698 10 2 7299 404 787.34 12531
11757 30 59 7318 200 1027.03 88635
7672 44 56 9760 200 588.71 85324
66509 20 19 6999 401 358.08 95168
10291 37 1 1337 200 1685.79 77300
69316 44 68 7607 200 771.65 60313
512 47 4 1695 201 316.35 55897
38348 4 21 5884 200 847.94 41769
30443 21 23 8663 400 116.09 32477
5796 4 56 9214 200 1906.26 79284
42459 7 52 9741 200 237.34 23782
26897 2 51 7785 200 1197.14 35818
81443 2 55 8778 500 1237.51 2792
69685 32 13 5581 200 388.35 96080
20445 26 96 75 200 16.49 3977
20546 10 46 9332 200 1201.97 11722
29976 28 64 6957 200 1463.23 7954
14112 11 13 4391 201 1883.85 43282
1391 48 76 4242 200 1876.01 65448
1219 46 67 2877 200 1235.81 54774
67071 21 87 7744 500 173.74 30790
69142 28 13 1909 200 1870.67 48981
47278 8 1 5700 200 929.15 32656
53970 24 87 4499 200 1961.13 9717
46991 5 90 9458 500 1498.87 3051
55560 26 85 7213 200 1356.97 31780
7281 42 81 4723 201 459.30 7800
56020 30 89 7409 500 91.87 33262
66964 40 14 4750 200 840.68 86139
7882 33 87 5008 404 1038.62 22211
16425 34 95 4524 200 77.83 19994
76870 6 80 5511 201 740.11 75351
26934 30 38 3748 403 1997.52 92146
77698 6 78 9316 301 689.36 85377
592 25 81 1818 400 1839.09 42398
29492 4 79 3138 200 205.66 68378
45335 29 61 7799 401 1784.85 27612
77857 18 6 8923 404 520.68 94612
42105 16 43 87 200 766.35 46346
65753 8 5 7096 200 1085.29 15566
52237 38 84 3614 301 148.62 89419
24758 17 43 4446 200 1501.60 4618
7345 41 64 546 500 424.22 58592
42157 29 8 4055 200 1016.83 41084
23077 2 11 8790 401 1266.43 8526
49440 9 70 1002 401 1545.97 28539
35254 33 83 6068 204 1758.03 98089
25566 43 75 2170 200 1623.51 41474
26658 42 34 3154 200 977.79 43133
53396 11 89 6525 502 997.30 42484
52390 15 17 9197 200 245.09 84492
63361 46 27 6418 200 1500.33 25536
25223 10 22 1454 200 535.10 88223
75060 29 78 8968 200 508.18 7973
69505 33 43 1515 200 1519.78 82245
40366 23 60 4666 400 1542.89 73988
74871 42 65 415 200 1115.08 38300
52288 2 58 1966 200 165.59 39120
39167 28 51 6991 201 774.12 54995
53920 7 66 5623 302 1749.65 50648
26056 45 75 8687 400 1394.69 91965
13243 32 46 3661 302 1919.79 29175
79331 39 99 8146 404 1507.91 43326
48792 20 60 1785 403 1346.48 13150
52357 10 45 9340 200 1447.75 52731
15951 31 98 1001 200 261.50 40511
4651 41 69 2183 403 1314.46 60590
19032 33 7 1969 200 1051.29 88919
79968 7 6 6164 301 1315.75 78221
27305 35 88 973 204 1967.22 60369
45631 29 29 9468 404 471.76 56426
22702 19 99 2144 502 1254.43 65011
4982 3 6 3358 200 1666.35 10432
28389 32 32 4195 400 548.15 55197
33078 26 17 574 200 764.55 2527
11591 3 48 8357 401 282.30 54693
57706 19 75 1298 200 839.42 56346
79843 19 21 6994 201 63.01 70550
59070 49 21 1910 200 645.32 77149
12933 18 55 893 400 1740.55 13666
83317 6 32 9115 200 1847.42 40037
63609 5 100 4988 200 711.20 75848
27678 24 99 2331 200 795.25 51424
9630 31 18 8728 200 1199.67 57811
27836 21 58 2428 200 1317.16 58289
73295 36 40 2461 200 424.08 5923
54986 18 47 7298 301 107.64 36573
20547 27 68 4601 201 624.86 3047
14400 10 81 2814 500 1592.84 8831
76390 37 45 3656 200 152.67 40056
17159 50 79 8513 502 1733.13 24168
67064 4 95 2832 200 1421.07 21368
83742 37 28 7854 302 1699.78 85711
35712 29 55 9740 204 1412.06 64455
7704 29 96 1974 200 688.82 38802
61898 4 61 1334 200 1997.39 26340
67935 34 80 1234 503 161.59 8911
64086 4 55 9164 200 1398.51 36330
54309 41 51 412 302 1311.10 78551
22942 34 8 9745 500 258.01 11227
26586 35 86 2167 200 101.76 62634
85794 29 45 6407 302 1457.81 34851
63725 46 100 3295 200 157.14 34951
82552 46 9 834 204 846.90 6234
79624 1 93 9356 400 1373.19 2569
37891 7 24 3219 200 740.15 72662
12361 19 76 9870 200 160.32 95658
79218 7 65 1059 200 1963.84 45332
35985 2 93 6512 200 231.55 31071
19463 37 48 9745 500 1662.82 56036
4337 15 61 6871 401 1228.24 73146
17495 7 12 1768 204 874.78 2106
18857 33 29 1529 503 1739.59 20840
52569 48 84 82 302 582.71 64689
41343 2 57 9488 404 1906.86 82401
63190 4 42 7031 200 1637.36 14577
52608 12 2 5507 301 628.80 8401
47411 25 35 6259 200 1301.73 68933
4302 3 91 4773 400 1084.94 41901
82172 2 6 3416 201 1871.81 76786
76297 27 60 1384 200 1045.80 85075
86066 33 37 5401 200 1513.46 31088
69878 29 22 4668 301 1828.67 67604
17324 30 83 3238 204 1224.68 11455
37362 42 97 7011 200 891.00 12983
49938 38 17 6019 200 273.59 88725
32801 29 45 5744 204 548.29 30780
65543 41 67 6484 200 720.68 63894
81401 9 95 9192 200 1928.63 98000
34721 50 15 722 201 1453.51 78652
16145 5 83 8793 201 941.24 27505
78898 16 67 842 500 764.35 63698
14016 45 15 2799 401 1599.83 77801
11063 47 2 6358 200 844.47 55488
49626 41 54 6224 301 57.28 5993
7654 26 73 226 200 775.47 59058
47633 31 19 1050 301 957.46 19802
52058 50 57 8048 401 1138.16 37415
83058 20 74 7625 200 354.97 54416
84935 30 50 8178 201 1457.55 73943
21651 26 94 6465 200 736.48 63305
13982 24 39 3108 200 1565.06 59363
12047 26 26 3179 200 506.09 38784
17341 33 71 9958 404 1760.88 64410
55789 16 28 7110 204 94.74 13595
78418 22 8 8976 400 1969.69 83718
16832 46 51 9397 201 1358.41 35570
7648 41 49 4304 404 537.53 7052
77454 11 28 4296 200 785.19 51630
28768 21 32 8622 401 620.42 69302
44195 32 44 6065 200 1646.81 18248
80355 47 1 3978 204 1636.78 23683
15577 46 55 6675 200 831.15 57986
59692 9 15 5809 200 1044.48 97898
78189 9 49 7422 200 863.43 62349
54459 19 8 8014 200 599.79 49875
50868 26 26 7853 200 166.36 91375
34723 1 89 1335 400 1959.74 88889
59459 41 93 2780 200 603.01 33419
19623 32 63 5336 200 1914.64 19011
49269 40 88 4337 200 1993.93 90127
24388 40 40 4298 403 543.83 12765
57947 37 12 9183 200 574.17 15341
58556 2 25 3899 301 567.01 59075
84089 5 94 3297 204 963.51 89638
57053 41 77 862 200 1962.45 91477
39217 3 94 2665 200 369.40 96460
26958 7 43 1602 200 935.64 9715
15640 3 35 4815 200 1870.96 82766
8878 30 93 8102 200 799.47 24848
3397 42 37 615 502 95.47 6126
20832 4 47 3051 400 42.13 42862
53216 38 19 7272 201 1382.15 4883
3288 36 45 4847 404 1304.00 87364
59834 42 77 8635 200 489.04 5157
2557 39 99 6364 201 636.98 27565
9859 2 65 2613 200 789.17 4432
83534 27 70 1263 500 302.11 81150
2767 46 27 9616 200 1759.41 29005
19447 13 40 9949 200 170.91 59833
26406 6 41 7829 200 5.44 76392
35813 37 52 9915 400 279.93 99359
39876 44 51 1334 201 759.11 71203
46979 14 48 6247 200 1012.97 12639
29121 25 42 9074 503 1888.56 50924
85164 31 2 8645 200 325.23 86576
31038 41 31 4237 200 530.92 52439
24952 29 99 8752 200 1022.42 27625
23411 6 79 9889 404 1104.64 44738
59866 8 75 8965 404 470.10 52722
23869 5 32 3971 204 706.29 14522
60411 36 89 3529 200 677.54 51265
46075 13 93 4550 200 1868.11 10963
78392 4 16 1295 200 1153.15 97525
39106 24 1 7222 201 139.73 98814
4040 24 13 4262 204 714.83 72860
61820 36 91 9714 200 1876.97 52238
52950 31 50 8478 200 103.81 17275
54495 38 99 7252 503 1823.98 17732
59154 38 72 815 200 742.43 82715
78217 39 16 1114 403 507.14 70206
48711 15 41 9760 301 618.50 85558
20349 39 64 5235 301 1969.07 64803
34347 37 56 2381 201 1327.60 35221
81382 50 81 3047 200 383.56 44225
36825 7 65 3412 401 1911.65 56247
84982 42 64 8390 302 1904.94 10342
50993 26 1 7278 200 1349.68 54778
49318 46 95 8382 200 1039.26 41438
56950 14 99 3573 200 1055.77 98813
48216 49 87 3308 200 1173.88 93140
74903 44 33 6259 200 419.06 61060
68197 37 46 3455 200 940.52 21269
72163 45 11 8893 200 275.65 55832
31003 47 13 6020 204 1199.92 29265
62382 28 14 1189 200 80.24 64111
47361 31 35 2082 200 278.53 55822
23472 49 89 6428 201 197.15 28998
70931 45 65 2367 503 514.42 53811
63859 3 42 7184 200 979.93 67545
20878 17 49 6042 200 897.71 91051
44258 41 42 2416 200 846.79 69321
83417 49 80 7896 200 546.13 70233
6810 8 14 9505 503 1556.96 21443
2315 12 49 3007 200 556.39 28772
59479 20 24 936 200 1947.73 50047
81402 43 76 591 201 1301.59 62221
51188 25 88 4227 200 1732.77 36158
41861 34 73 9525 401 354.00 4988
24123 42 77 4904 401 594.83 60938
74462 6 84 8560 404 937.01 35154
54159 2 66 6877 200 1768.14 2165
77533 46 73 3458 200 932.13 81664
6534 45 9 3521 200 781.16 58057
71506 33 71 6683 200 1287.42 1076
26329 36 45 7647 401 1251.66 23933
15602 4 80 5060 201 672.97 27584
84313 9 56 2315 200 21.33 19072
25664 49 93 8854 200 486.87 1183
19238 50 81 4559 503 1440.56 64050
4427 10 86 7050 302 700.71 75810
41763 39 84 7965 400 1282.90 41336
58374 8 86 9981 201 673.56 64586
61671 9 63 143 200 309.66 7183
8821 31 22 4779 200 1652.93 28016
56702 43 76 8881 200 1798.00 34538
50607 27 23 9337 200 218.51 65958
85898 11 98 859 200 677.68 50656
28834 13 50 4328 200 73.14 34448
39153 6 48 4184 503 1308.10 86183
37996 19 9 4098 201 406.24 49838
33998 1 69 863 200 282.51 61569
82758 8 4 4875 400 1287.05 40782
76487 27 75 4102 201 304.86 65010
10369 12 53 5879 401 1154.29 92698
35898 44 65 8315 201 56.74 69733
10486 26 92 2789 401 1021.59 72925
5112 43 92 6204 403 490.10 43739
39928 48 58 7751 201 1306.65 84609
24256 3 20 1692 301 481.78 74001
13734 8 67 7776 201 769.76 32004
25954 17 52 1505 301 1418.07 73928
11960 32 26 7480 302 1630.33 20989
17426 8 100 699 403 248.83 67808
2563 29 7 9959 200 844.04 39881
11035 23 19 9194 400 682.74 88994
13332 32 75 4410 200 253.42 90854
79623 29 72 700 200 1675.20 32636
60311 10 57 7863 302 996.82 57876
76537 12 19 4556 200 1337.80 6873
28711 19 66 5717 200 960.92 32876
52541 11 37 2518 503 1231.11 52748
38063 9 24 8899 403 698.72 30183
71797 12 54 1857 200 1254.78 67978
20722 5 7 3145 200 633.54 6115
28982 23 64 523 400 1743.89 31632
83273 42 70 3992 200 938.59 85480
64954 41 49 4385 301 324.68 18871
60041 26 74 300 200 1214.78 44047
30641 46 71 9810 502 1171.94 96540
48339 40 46 9544 200 1502.10 21653
27791 48 73 6199 500 774.86 95885
25764 11 14 7586 301 607.65 58270
39601 23 15 5683 404 386.45 73274
83433 43 67 827 200 662.29 23740
48812 29 19 680 403 1299.51 13322
24438 7 28 355 400 662.69 76335
19476 21 78 8726 200 49.48 74505
37391 29 92 5541 200 362.68 65118
50333 38 3 5504 403 1185.15 41720
8296 13 81 8767 204 900.37 52233
50570 37 39 9721 200 919.98 41127
71353 16 12 777 200 349.04 16835
21741 13 90 9763 301 1711.67 34031
77569 21 13 7198 201 1056.23 4629
49729 49 59 4584 502 1647.89 95737
38027 48 52 4220 200 23.14 10838
10643 46 8 7133 401 1062.71 62529
10854 10 54 5140 200 1655.63 61543
67388 43 39 7106 200 1638.45 81413
26740 28 22 3296 200 343.45 16840
74551 24 61 1671 200 1269.06 10873
70764 5 67 9078 200 723.77 92283
82000 15 40 5532 200 1336.78 56550
84495 28 99 162 301 1576.83 33514
53219 21 87 5347 502 525.57 69759
46370 10 30 912 200 1537.02 87088
2482 17 29 2779 200 1495.40 50399
804 11 100 7505 400 1046.52 38272
23833 35 59 2415 200 1259.01 26768
78065 15 96 6319 301 413.42 56121
18671 12 93 6170 503 553.07 82984
23923 21 70 1220 204 704.63 65288
36755 43 43 2308 403 897.78 19391
11467 31 91 8838 404 1117.83 24726
2986 14 37 9634 404 693.34 72689
40317 14 29 251 201 1670.13 33928
85559 31 85 8774 204 1879.51 82435
80422 1 72 9517 201 1904.15 19354
66054 17 16 7580 403 834.12 26472
45225 22 39 6040 200 113.78 69215
84295 38 43 9751 200 167.20 81026
59457 9 50 6795 301 1819.70 64527
27706 23 11 4194 201 1368.68 23330
73520 25 24 1462 200 771.18 34721
23954 29 46 2002 200 650.36 91850
85736 6 86 8234 500 1373.54 46738
86091 4 34 1974 404 1051.76 32411
85315 36 60 5097 200 348.59 91845
61637 19 72 1462 200 1291.60 18086
11492 22 10 8714 403 1322.18 39355
86172 17 90 3915 200 371.47 13280
38225 24 37 7764 200 1760.96 87268
49166 34 75 1211 201 1485.20 62124
72721 42 19 8739 301 402.68 48592
16849 23 89 4942 200 1255.65 53398
69809 22 84 4404 500 1723.02 9213
74735 49 41 4823 400 1244.09 14619
82247 26 98 2647 201 610.56 50474
77491 9 97 9040 200 175.83 66368
13351 19 52 9860 200 239.13 21561
60430 15 76 9761 200 1988.68 31050
78266 17 68 2253 403 131.09 94266
35188 11 75 5463 200 1025.40 70659
23101 4 79 8950 200 1304.83 50749
76208 28 89 9034 404 1299.42 25816
70882 39 51 9295 200 31.02 77750
71101 13 39 477 201 1683.39 34713
21358 49 77 9771 200 1927.42 17364
25908 47 86 2257 200 663.64 35438
24594 10 17 9348 200 1983.68 55222
9380 8 2 7795 200 1835.98 42221
28473 5 87 5749 200 967.76 37298
54466 20 64 6186 301 1741.08 34006
49166 17 22 4772 200 753.50 37538
72758 49 86 9585 200 40.63 42767
3841 32 69 8061 400 71.88 63061
63169 15 72 1672 500 1826.37 78813
20950 28 17 8217 200 62.20 16297
13991 20 46 2388 400 1810.01 71649
78550 50 61 788 200 169.63 14754
46523 32 27 3500 200 1150.33 10408
17139 24 89 3759 401 1675.27 3038
10145 1 82 9131 200 871.23 9567
4938 37 38 597 200 191.77 77581
45858 35 65 5174 400 1758.35 96115
68516 39 70 2981 201 916.42 95073
48899 11 58 3490 201 253.24 74700
51285 8 19 263 201 1163.37 54488
3011 23 52 1027 401 759.36 71188
21282 11 100 7945 200 956.31 80150
77056 38 81 4013 200 995.39 4909
65951 31 8 4107 404 699.84 55999
35471 46 53 8148 404 932.45 94189
68066 27 5 8410 201 1544.21 76393
4442 29 80 4808 200 349.20 11249
75642 38 15 1312 200 253.72 14856
568 7 67 6926 200 871.98 32065
54051 25 38 5035 200 990.37 93314
36922 28 83 3549 200 660.98 24467
38165 37 2 4051 200 1231.08 33548
66431 40 45 4800 401 1327.51 92408
17366 43 45 3980 400 627.25 19411
63108 27 52 2737 201 544.20 96547
78328 42 35 7934 200 579.89 60485
49524 7 85 7784 200 1728.18 60781
39091 37 10 2264 200 375.76 7721
60385 32 87 5073 200 1511.48 34781
4530 34 50 8643 204 826.37 13688
79471 21 84 5366 200 24.50 39442
16641 43 49 5704 200 1272.04 15277
40661 39 28 2048 200 958.71 94594
30004 8 3 3770 200 1462.31 13690
18628 7 99 9747 200 693.75 10732
5842 24 74 9457 200 291.62 85599
41938 29 94 9556 204 709.33 65063
3174 47 73 491 200 266.38 87648
7372 1 31 7597 200 249.00 32796
50324 21 54 9419 200 777.53 82753
22211 28 55 4470 200 348.22 51578
50460 43 55 7851 200 491.61 42210
58036 9 98 5976 403 496.60 86927
784 10 70 6975 200 38.94 61310
39015 20 66 2606 401 602.57 12960
15556 27 39 3083 400 1608.43 71038
5710 1 20 6949 200 1312.75 47726
61040 9 28 9949 500 5.05 73945
47583 42 88 4358 200 688.99 37997
43119 2 65 7903 200 1062.60 40601
22091 24 79 4880 201 1603.69 90473
76572 6 16 7867 201 462.80 41830
11431 6 31 642 502 1285.09 64549
39089 5 77 9549 200 1214.39 66096
69388 23 14 2526 502 602.97 10268
10782 37 64 1551 200 497.42 75404
36394 32 8 2076 404 497.32 83808
8120 34 31 4166 404 373.08 33434
22858 26 14 3230 200 395.23 16186
68619 42 96 6519 200 1889.84 90568
83902 15 93 8295 404 599.70 39187
4902 31 92 3789 302 1591.36 47545
18091 6 41 9018 200 609.53 34710
68295 2 81 3324 200 200.57 98674
124 26 58 7908 200 1882.64 86009
59185 30 8 1712 404 507.92 80976
19651 17 90 5216 403 207.76 80318
11935 16 72 344 200 219.95 25256
76965 39 41 25 200 198.92 20878
27482 12 24 1609 400 2.23 21483
37928 6 9 5833 502 1214.72 2932
65406 24 98 5706 200 1531.26 58227
32058 17 75 6132 204 1684.62 54738
71929 10 15 8226 400 1944.74 26197
8085 29 60 3275 502 237.48 98021
21296 27 87 6858 200 598.64 59476
28969 13 4 7615 200 86.15 45797
15306 24 82 7653 201 926.70 66372
20012 16 86 1271 401 1286.53 47660
25989 10 53 3544 200 333.88 67085
28973 33 56 826 400 1650.35 84444
25070 29 17 2970 200 32.05 85819
63228 25 63 9099 204 570.90 20782
40438 41 53 4799 502 1999.94 68333
69181 15 26 5286 200 460.99 98681
26184 17 8 7065 502 1639.37 69715
51633 26 17 8318 400 1519.72 95200
36145 46 84 1662 200 1178.03 99463
41250 48 12 823 201 631.99 95150
62940 28 74 6353 200 1484.16 22436
4535 49 23 9055 200 1273.03 85042
25604 50 11 6678 400 526.24 42155
44956 47 74 754 201 1144.72 74113
65929 11 83 977 200 150.14 91054
54384 45 65 5019 204 1345.94 82463
70771 6 51 7486 200 1500.83 72049
69189 32 16 7535 200 349.64 32405
9953 5 49 273 200 9.41 19955
28248 29 30 18 200 519.02 99192
63762 46 50 2529 400 1873.79 64514
78310 32 89 539 500 494.74 8448
77028 25 22 548 503 717.26 58177
82801 25 78 21 200 23.42 23795
59043 34 86 8300 502 265.19 6677
13473 20 5 1389 200 344.89 19906
75241 28 99 4465 200 1237.07 73108
43401 8 34 5632 400 1027.41 64355
47923 48 59 7290 200 1495.37 63739
69918 3 33 1710 500 978.14 81871
70993 15 73 9378 201 707.25 9223
36233 44 35 6806 500 1791.13 32246
32854 23 86 3619 200 1158.43 82973
12512 46 22 846 500 1202.93 9606
2237 13 55 4518 200 893.04 70754
29612 44 87 8698 200 854.83 52939
9604 29 60 9467 200 1111.81 40423
32753 48 55 7502 200 857.40 98530
85353 4 46 8011 200 395.90 66427
59907 26 5 1328 302 1866.72 55484
81363 24 60 9155 302 252.89 10446
30632 45 94 1371 200 1481.06 55952
60891 20 69 5853 400 255.95 15579
83793 50 24 8922 200 1061.12 55080
34002 20 64 2498 503 856.85 43337
35795 33 47 9881 200 1490.26 33707
29952 24 10 8567 200 1215.87 51483
3251 34 32 8794 400 1715.78 54443
25057 16 81 9929 204 489.11 4414
8871 37 5 2720 200 1245.53 85515
64066 8 56 4022 200 1289.39 85431
15783 13 96 9068 200 1321.52 27809
75575 30 63 7323 302 43.67 96698
86252 21 93 9928 200 924.91 31524
65725 44 98 6976 200 68.69 99869
25206 46 4 1084 403 1279.88 74535
823 24 99 6003 200 634.27 3124
61593 16 37 5684 500 1980.74 59523
36578 41 43 4695 200 1676.90 94015
6168 9 48 2665 404 1253.23 73781
28555 29 82 6678 201 296.05 51849
61266 38 50 5184 200 1282.06 14289
13374 30 23 4595 200 482.28 74546
54575 30 6 3814 200 1826.57 30883
3463 42 70 568 404 1446.80 65223
38556 43 93 7245 301 992.91 47312
40537 23 47 5308 200 1817.08 31615
57691 31 62 5344 500 870.43 16423
57404 38 60 5800 200 1955.25 25799
73463 28 70 8491 302 978.38 53217
22040 13 76 4504 200 1001.34 79930
62228 9 4 9008 204 362.84 51776
3132 29 70 7613 400 835.49 48278
5734 31 70 8733 502 689.67 23564
42152 6 28 2952 200 955.74 42557
50348 20 37 8502 200 1704.52 42430
15673 3 28 5991 204 1167.00 90878
76688 34 77 4395 201 1161.22 31881
82425 16 97 6571 200 1555.17 39134
33214 12 23 5345 200 146.42 19869
41145 11 58 161 302 799.81 48363
1958 33 38 9611 200 1352.89 98678
5385 27 16 9629 200 580.58 83148
60477 43 99 3750 200 434.84 8606
37369 19 28 865 200 518.33 77588
33571 6 84 6161 200 1675.84 26186
23714 15 5 3607 200 1885.22 81333
36296 29 12 1895 200 1677.26 21691
68058 15 47 1248 302 1584.10 53650
34066 21 69 2518 200 1189.99 39777
71371 28 75 410 301 1485.47 39512
74301 7 11 1020 502 1178.34 92420
70052 39 54 8355 201 1053.91 85656
25791 4 85 9003 200 20.05 32994
8976 37 89 262 403 893.05 25107
38132 2 67 5315 503 1706.16 94334
14592 50 89 5260 201 1109.08 64067
41972 11 95 8797 204 272.91 92963
49304 11 52 7492 200 1920.41 47473
68353 30 92 7336 404 89.72 43396
49191 33 76 8025 200 1829.30 24574
19092 42 87 6621 201 1738.62 37463
83742 6 100 3471 200 958.56 87483
63858 33 36 3234 500 1495.55 75282
39124 2 46 8121 503 1879.60 9498
72226 27 63 8849 201 1586.38 69590
4740 15 68 2554 200 1282.65 49827
25320 48 56 1325 200 275.57 96602
14749 24 26 1010 200 678.01 84092
22356 14 85 8606 200 1869.14 58967
64459 22 42 2706 201 1236.43 58298
33950 12 94 5729 404 1974.91 62077
50465 16 16 7367 200 1193.62 47416
34764 20 15 5526 200 1942.60 11311
72432 42 12 4986 200 1010.42 31704
65196 31 2 1108 200 1004.09 89319
4292 28 88 1374 200 1242.52 4823
3968 12 89 9300 400 1353.32 301
67076 35 20 4560 200 1712.56 60547
17515 31 33 2087 200 1380.35 75832
26751 37 8 440 201 1151.33 63232
33049 4 33 8848 200 1196.22 62573
80312 20 7 6660 200 478.08 34486
50704 31 98 2622 200 1924.59 10325
64694 30 14 4200 400 1056.44 2882
44114 3 65 7558 200 1688.95 48903
26370 42 78 1388 200 1900.54 36124
47785 14 93 8152 200 1899.11 31851
67871 5 36 8023 401 1238.03 40301
50075 45 92 9969 200 1486.48 5072
26415 8 77 4373 401 1466.53 7592
84159 25 5 7016 200 1229.82 3792
49169 14 30 2445 200 281.02 46046
42212 23 93 288 201 1475.65 80493
39074 20 65 7090 400 412.09 51494
74327 17 46 8276 200 579.62 67709
51104 28 86 2125 200 800.85 28310
84213 18 83 8436 502 35.44 33171
1326 19 87 4927 200 1186.43 27594
30918 15 57 3286 200 1240.69 76890
54327 26 53 7889 301 1709.99 21800
643 28 27 7839 404 511.12 68012
42690 23 53 1302 200 882.73 29416
67257 36 42 3994 200 1875.76 4745
12929 22 15 3469 201 1424.14 32885
3456 32 50 591 200 107.49 52172
25186 25 87 3898 200 253.59 18840
15473 7 80 3945 401 1705.47 81037
3968 35 21 7204 200 1137.21 45684
81307 19 4 9567 500 880.77 57018
11087 6 18 4793 302 329.71 55514
65263 28 7 984 401 1071.61 79631
7859 43 75 2204 200 1696.06 11654
56105 6 16 259 400 1388.31 7044
50478 5 77 2737 301 356.84 70611
70534 19 76 3521 403 1149.95 98824
10421 25 41 4521 503 1727.87 61482
39430 20 42 2520 200 1131.74 84394
381 16 27 7534 400 456.59 65336
53020 48 26 5686 200 1623.41 66924
33642 17 24 362 200 1310.14 39677
20728 35 64 9960 204 553.68 49346
7816 16 37 1459 200 1270.15 66033
63977 26 17 8653 200 925.30 22260
26756 27 84 2893 301 1911.60 98124
12864 50 58 7120 201 345.52 36748
66274 7 74 6421 301 1328.70 89254
46840 36 75 1712 200 1628.72 22287
36780 7 25 9412 403 1529.98 89185
9050 4 81 3533 201 1747.42 97810
67526 10 3 5044 400 867.88 13421
4722 31 12 8179 204 1998.29 13870
43805 17 68 2010 200 304.48 62448
76298 29 2 7089 201 1533.14 56468
50416 11 53 8781 200 347.24 53870
37067 32 20 4559 200 301.57 36054
62293 33 67 9360 200 712.12 30765
63789 10 54 3262 200 165.77 89115
43587 30 46 1852 200 1009.24 34404
37342 25 27 5361 404 1963.41 21028
70463 46 57 8854 400 802.49 69681
31997 24 72 1448 200 962.00 12498
20647 31 26 9019 200 679.00 16492
43979 36 69 7828 201 495.87 4150
4452 43 41 277 200 1600.85 74509
74318 24 99 8989 200 1409.79 7807
63946 8 20 1745 200 1786.07 70189
10917 28 63 868 200 285.55 99842
8007 18 30 9051 500 1898.03 55317
65045 29 26 1681 200 1710.09 36068
14423 42 5 7450 200 35.01 821
20504 50 57 2304 200 1477.50 67203
21442 9 40 5964 204 956.48 83746
82360 26 11 3130 200 112.59 38693
62033 22 54 6683 301 46.78 82858
39372 10 34 566 500 514.66 65122
72022 33 26 2549 200 741.19 77863
20905 43 69 8649 200 801.03 88423
64884 24 57 1271 200 1080.16 4383
29239 30 86 3535 200 1129.47 10272
79642 34 27 8858 200 272.24 89533
39454 12 97 7064 200 1872.07 67184
63266 2 50 4457 200 632.40 44760
70986 19 66 6071 301 1409.19 39766
40917 41 34 2157 200 855.80 86413
33154 35 99 3602 204 203.22 88809
46130 8 79 7154 200 190.38 7420
75574 42 30 3503 201 757.69 20109
51632 22 75 4283 200 1832.68 79509
29354 35 4 571 201 753.29 59127
61238 48 2 6945 200 242.17 92058
44993 44 67 9681 204 1614.29 86517
52865 37 50 6642 400 209.06 73355
17611 45 4 9288 200 566.36 22292
44218 34 10 6916 204 1108.29 65306
42001 38 42 3237 404 1800.70 5443
6644 25 14 3306 200 1995.70 18418
66972 12 88 3819 204 1952.64 76823
67728 41 56 5499 404 1934.68 20488
40696 16 23 2509 200 125.46 29363
49839 31 5 6940 200 1177.33 48658
27173 40 86 9674 200 1238.19 20048
27970 2 45 8506 200 360.27 79774
7939 7 52 6992 302 1992.46 72759
60099 27 13 9038 200 988.41 91748
14099 35 88 5185 204 887.48 30644
43926 14 73 8598 301 1761.31 8913
10153 43 48 9425 400 1436.35 38264
81540 16 22 9130 200 959.71 845
39625 49 15 323 201 708.59 36750
8896 16 3 7819 503 1558.93 94040
73124 13 94 942 400 829.09 74754
72893 34 84 6934 404 1366.33 21494
65768 30 22 5263 201 594.32 16190
18156 40 72 3564 200 513.25 38186
3019 38 10 8686 201 1680.02 44908
2185 32 46 8098 200 1308.97 92108
30277 1 65 6683 401 1489.22 7710
1708 26 18 2863 204 857.19 73046
26496 22 26 7249 200 234.98 22298
62074 39 63 4851 200 331.72 30961
77147 33 61 320 200 1928.76 82345
76594 17 23 5566 200 161.04 85239
34517 37 76 3521 404 971.07 36664
27448 23 28 3183 204 128.07 35055
69758 13 18 2117 200 222.85 77373
41881 42 5 2043 301 380.63 8939
10713 43 94 1068 201 1351.33 13119
19799 24 89 9197 200 1084.16 90124
35550 43 34 7097 200 781.02 36001
59593 43 19 532 200 1981.57 65806
64600 36 81 8920 502 917.31 62960
5182 5 84 7578 201 1913.51 65352
55078 38 16 6947 200 1836.22 74569
71902 26 67 3697 502 1881.26 17679
82325 39 23 8660 401 1094.65 57130
72398 11 80 8179 404 1406.77 81020
25363 14 20 8209 200 1032.87 66912
68809 6 32 1360 200 518.26 90228
53511 47 37 7990 500 1641.49 18798
2600 46 35 7872 204 1817.95 79815
22971 27 43 8363 204 1181.63 50690
33190 31 79 641 200 840.36 99359
16341 24 76 3166 301 446.39 4673
71768 10 69 6917 503 653.59 85458
69292 26 87 592 200 436.08 46674
66354 49 21 5386 200 1949.36 77409
21021 40 89 7177 200 1087.40 41188
25070 49 78 1848 200 1279.91 64171
84466 3 31 7686 400 694.68 25345
69660 41 86 920 302 1068.32 26182
20902 19 50 4470 201 71.17 12277
4766 3 66 7778 200 1862.56 38684
53321 24 44 6356 200 1989.61 90591
41014 23 69 1041 201 1246.34 60176
66124 28 94 575 301 442.34 49128
60642 46 37 9800 502 460.16 86066
42931 25 26 2253 503 1319.34 16144
34210 20 49 3648 200 461.39 17399
64710 19 30 4918 500 1249.76 80218
32131 9 12 1577 301 1829.92 6908
12354 33 8 3502 200 1677.87 25112
11863 47 35 8030 200 1909.10 84549
49079 42 8 6619 404 546.50 57302
19062 50 7 1526 301 918.02 81059
23491 25 70 2033 401 911.45 87900
82584 29 54 3256 201 719.15 87854
23963 23 56 260 200 702.95 95447
61882 15 34 3724 301 1201.12 96877
160 18 32 731 200 1598.21 86639
46851 15 39 1021 200 353.96 34017
20514 24 24 6732 200 1794.86 56027
41886 18 41 8147 502 808.43 10748
4274 18 24 400 200 1343.30 64547
70167 26 58 2429 400 263.83 77336
19716 16 68 5735 200 1153.09 97697
36806 42 38 1601 201 845.22 72959
85680 29 97 693 500 11.98 19422
76469 16 77 3535 200 1706.63 34962
