10000
11 1 2 13 14 19 32 156 173 223 426 336
13 0 5 6 7 8 10 15 226 299 416 209 144 141
6 0 3 4 48 146 352
2 2 482
8 2 99 177 360 384 429 341 289
6 1 41 54 66 220 284
8 1 12 16 21 40 43 434 446
11 1 17 26 52 97 287 362 282 369 135 183
8 1 9 29 65 103 234 47 165
5 8 11 37 81 240
7 1 33 69 356 318 486 497
2 9 151
7 6 71 134 472 337 23 317
8 0 25 38 273 339 475 128 67
8 0 27 182 59 199 172 498 23
4 1 230 386 493
7 6 18 47 139 218 149 143
8 7 20 24 36 116 188 232 296
10 16 28 56 114 227 237 435 281 493 277
4 0 493 135 484
11 17 22 76 87 185 337 448 333 455 295 158
7 6 35 39 84 186 443 177
8 20 23 44 45 415 362 210 372
7 22 62 133 12 140 14 71
4 17 42 53 64
8 13 30 285 317 237 93 498 402
8 7 79 410 487 129 104 64 495
10 14 31 34 104 108 161 265 498 77 96
6 18 94 135 151 178 150
9 8 50 67 70 98 147 311 316 323
6 25 215 296 317 36 284
8 27 86 117 267 314 212 203 245
6 0 190 191 212 325 381
6 10 115 121 245 420 75
7 27 51 80 90 102 329 46
13 21 55 73 130 327 372 442 220 332 259 141 316 424
4 17 63 232 30
8 9 68 359 365 393 295 226 227
8 13 46 281 431 303 80 240 72
5 21 59 136 168 365
7 6 58 100 107 137 154 89
11 5 96 170 325 339 276 427 338 306 436 460
3 24 195 329
5 6 145 97 155 425
2 22 478
4 22 78 159 232
10 38 49 75 117 240 382 67 187 339 34
8 16 77 288 411 171 8 208 221
5 2 72 89 258 160
5 46 259 462 59 381
10 29 111 167 266 284 378 222 335 185 406
9 34 101 127 205 364 426 447 269 227
4 7 454 356 251
4 24 57 389 343
8 5 124 200 243 393 453 250 121
9 35 61 270 490 305 296 345 231 251
5 18 60 129 225 89
3 53 217 430
13 40 74 113 223 231 342 398 244 217 467 411 269 359
8 39 88 392 14 197 165 209 49
4 56 239 127 331
7 55 181 183 332 407 369 380
6 23 252 233 248 495 343
6 36 110 216 368 239 274
9 24 144 242 273 326 257 402 26 140
4 8 442 283 318
4 5 419 276 415
9 29 157 196 353 370 474 46 102 13
6 37 85 120 149 390 410
4 10 219 442 275
3 29 77 321
6 12 93 119 240 275 23
4 48 105 423 38
3 35 209 298
6 58 123 126 196 220 439
7 46 152 440 101 335 403 33
6 20 163 433 415 331 228
5 47 82 70 27 253
7 45 180 355 122 222 426 351
7 26 207 307 396 463 496 372
6 34 322 376 122 38 279
6 9 83 91 487 459 363
5 77 112 175 422 439
4 81 109 466 419
6 21 236 297 430 405 131
4 68 290 310 355
3 31 219 337
4 20 95 150 92
3 59 92 282
7 48 315 240 40 212 56 135
4 34 469 112 375
5 81 106 473 133 154
5 88 128 179 142 87
4 71 277 25 166
3 28 98 494
6 87 118 122 169 211 326
3 41 27 357
10 7 141 257 273 308 130 43 471 317 141
7 29 140 272 204 215 161 94
3 4 294 151
2 40 186
5 51 75 366 478 196
5 34 208 497 429 67
1 8
4 27 347 403 26
3 72 426 289
3 91 320 300
4 40 400 450 220
7 27 138 199 167 249 135 328
5 83 294 367 261 361
4 63 378 416 220
5 50 153 310 238 227
6 82 212 90 249 139 325
5 58 496 150 331 257
4 18 125 116 179
7 33 214 412 316 278 430 440
6 17 155 114 184 147 211
3 31 46 310
5 95 196 128 147 236
6 71 142 351 196 241 445
7 68 330 384 146 323 454 437
8 33 193 251 254 289 464 54 301
7 95 350 320 78 80 409 292
4 74 368 353 349
9 54 187 242 204 321 230 156 241 170
6 114 176 373 243 425 271
5 74 132 334 430 486
7 51 271 280 452 485 285 60
8 92 158 409 118 13 233 347 408
6 56 160 165 215 26 161
6 35 131 97 326 235 340
4 130 238 358 84
4 126 213 384 174
4 23 346 91 194
3 12 421 344
15 28 143 172 197 301 351 369 391 406 19 108 473 173 7 89
6 39 189 486 465 281 420
4 40 148 303 420
6 108 171 201 244 333 156
7 16 397 171 112 482 212 425
6 98 194 225 23 202 64
10 97 145 222 414 326 450 247 35 97 1
7 119 278 168 179 385 451 92
3 135 450 16
5 64 398 305 361 1
5 141 184 375 43 293
6 2 249 303 155 120 462
8 29 250 118 224 339 224 116 346
1 137
4 68 283 16 366
6 87 221 224 113 28 271
8 28 309 356 99 358 11 465 382
4 75 180 440 371
7 111 174 356 387 460 462 300
8 40 380 291 395 91 432 332 266
7 116 166 198 146 43 352 252
5 0 420 124 138 291
3 67 444 304
4 128 259 344 20
4 45 493 294 282
8 129 162 315 349 223 319 48 218
6 27 229 345 358 98 129
4 160 304 381 488
3 76 164 457
5 163 238 170 445 311
5 129 436 309 59 8
5 155 210 93 407 364
6 50 206 108 232 382 287
7 39 192 142 210 436 396 287
6 95 480 471 208 180 445
6 41 417 476 164 176 124
5 138 209 241 47 139
4 135 342 389 14
5 0 269 135 445 423
5 153 331 132 225 478
2 82 402
6 125 204 222 217 170 483
2 4 21
3 28 371 209
4 92 235 142 114
4 78 152 169 410
6 61 228 261 455 408 210
2 14 206
6 61 449 191 294 330 7
2 145 116
6 20 246 325 265 50 398
5 21 203 445 100 374
3 124 271 46
5 17 392 242 232 351
6 136 374 437 338 343 353
3 32 481 378
3 32 183 488
2 168 490
3 121 202 278
9 140 298 346 244 133 450 342 230 273
7 42 491 197 317 292 299 305
6 67 253 118 74 119 101
3 135 59 195
2 155 232
5 108 300 215 385 14
2 54 253
2 138 464
4 193 352 140 404
5 186 482 332 345 31
5 176 98 347 124 232
5 51 295 251 483 433
7 182 255 268 331 167 358 442
4 79 280 370 354
8 102 256 291 460 169 250 47 315
6 171 341 1 178 73 59
7 166 263 479 168 22 289 181
4 95 471 236 116
9 112 233 32 31 139 437 89 453 373
2 132 310
4 115 340 275 276
6 30 98 199 129 421 379
6 63 262 276 304 413 444
5 57 398 176 58 353
5 16 427 258 351 160
4 86 69 272 301
9 5 235 260 441 35 107 74 309 110
4 150 491 376 47
4 141 176 78 50
6 58 160 0 248 238 299
5 150 377 147 252 147
6 56 248 140 174 432 403
9 1 282 424 345 456 465 469 389 37
5 18 51 111 486 37
3 181 280 76
4 161 274 405 243
5 15 243 124 194 352
4 58 233 55 454
11 17 302 167 359 36 45 188 198 421 258 204
7 231 212 62 282 477 466 128
4 8 357 361 329
4 220 179 362 130
6 84 279 443 211 484 118
5 18 25 341 384 421
6 131 164 277 111 223 461
6 60 247 264 470 63 493
8 71 495 9 245 304 89 46 38
3 171 124 119
6 124 406 64 188 361 472
5 54 125 230 330 229
4 138 319 194 58
3 33 240 31
3 185 293 483
6 239 396 141 427 275 436
5 225 292 266 223 62
5 146 306 112 108 446
6 147 408 54 208 443 426
6 121 364 52 205 496 55
3 62 224 155
5 200 196 435 355 77
3 121 467 381
3 206 320 477
3 208 276 467
4 97 320 64 113
4 48 407 218 232
5 49 368 158 35 403
5 220 324 328 361 306
3 181 310 109
2 216 303
3 210 339 422
2 239 485
4 27 356 333 185
4 50 473 248 154
4 31 344 494 397
2 206 389
3 173 51 58
2 55 383
7 127 321 286 283 125 187 150
2 98 219
4 97 13 64 194
4 229 431 486 63
7 71 366 412 214 470 247 69
8 216 286 41 383 256 402 214 66
5 93 313 238 445 18
5 142 378 115 193 461
4 236 434 409 80
4 127 207 228 299
5 38 283 381 18 136
9 226 425 439 88 159 7 233 390 393
7 281 386 395 65 271 149 391
5 50 305 5 388 30
4 25 127 391 411
3 276 457 271
4 7 428 167 168
5 47 363 303 485 485
6 121 343 400 210 4 105
1 85
6 208 333 154 312 156 471
3 248 122 195
2 246 145
6 109 99 391 159 300 183
4 205 460 37 20
7 30 312 335 402 55 337 17
3 84 492 339
4 194 342 438 73
6 1 318 484 223 195 280
7 199 294 428 153 380 106 489
5 135 370 219 320 121
2 232 494
5 146 288 38 137 262
6 216 328 336 162 240 157
8 284 55 359 144 404 327 461 195
3 249 41 260
2 79 412
2 97 459
4 151 399 165 220
8 111 261 335 85 493 213 466 117
3 29 322 164
6 296 435 291 491 445 468
3 277 381 417
2 31 484
4 160 89 413 208
3 29 115 35
8 25 338 461 324 30 195 97 12
5 299 362 65 10 387
4 244 160 354 324
6 257 122 106 301 255 367
4 271 124 70 330
4 80 453 351 311
2 29 120
6 260 405 412 317 389 319
5 41 185 416 112 32
6 95 420 141 64 130 421
3 35 492 305
3 304 260 108
3 34 42 234
5 120 355 243 321 183
5 206 174 76 60 113
4 61 35 203 154
6 291 20 138 265 420 449
2 126 382
6 296 310 75 445 50 436
3 304 341 0
7 20 12 86 296 424 392 443
5 317 189 41 411 443
9 41 388 434 263 13 297 147 405 46
5 214 485 481 130 447
6 336 385 453 209 237 4
6 298 348 481 172 58 194
6 289 354 377 53 189 62
5 267 158 391 383 134
6 161 226 492 439 203 55
5 133 194 464 147 370
4 104 204 408 128
2 342 429
4 160 451 405 123
3 122 435 471
9 135 404 368 322 119 442 188 218 78
4 202 2 230 155
7 67 432 425 123 390 217 189
3 343 207 319
4 330 78 253 85
7 153 151 367 265 10 52 484
4 234 483 450 96
5 161 131 206 151 465
6 37 489 305 232 440 58
3 4 379 446
6 234 426 109 144 260 242
4 318 22 235 7
2 288 81
4 51 251 465 166
2 37 39
3 275 101 149
5 109 401 356 382 320
5 259 351 63 456 123
6 135 61 7 386 443 468
4 67 207 301 346
2 178 152
3 35 79 22
3 125 402 212
3 189 422 186
2 145 90
5 80 483 407 382 221
3 224 474 343
4 278 110 50 190
4 360 423 481 215
6 154 394 441 61 486 300
7 313 281 162 398 254 32 49
7 334 376 367 450 46 167 151
6 270 462 462 276 422 344
6 4 120 457 132 237 481
4 341 199 142 444
5 283 486 15 369 494
3 153 390 318
3 339 284 454
6 53 172 268 416 226 324
5 68 353 485 387 282
5 135 294 285 344 283
4 59 398 188 337
3 54 37 282
4 380 418 440 463
5 283 495 154 496 404
3 79 247 168
4 139 267 438 409
6 144 217 392 58 381 185
3 309 456 490
4 107 477 289 496
2 367 465
6 175 373 296 276 25 64
7 104 488 405 259 225 75 404
5 351 305 395 202 403
6 324 229 403 84 339 349
3 135 242 50
6 258 446 446 376 61 166
4 250 347 181 128
5 128 467 279 122 397
4 26 480 68 180
6 47 490 338 460 58 285
5 324 275 115 307 495
2 216 315
1 141
6 22 468 484 76 467 66
4 1 325 389 110
2 170 313
2 394 498
3 66 487 83
6 326 156 33 137 136 333
5 134 215 326 237 232
5 82 374 383 263 467
3 379 72 173
4 226 456 337 35
7 282 464 487 353 125 139 43
7 361 0 105 51 78 462 250
5 218 436 488 41 247
3 287 440 300
3 4 102 348
4 57 126 84 115
2 38 274
3 353 225 154
3 76 495 205
5 279 339 469 6 485
4 18 312 350 253
7 427 456 165 41 168 247 335
3 189 212 120
3 298 450 397
5 282 494 82 345 74
7 75 447 394 152 359 428 115
3 220 380 481
7 65 465 482 35 206 69 351
6 21 236 250 338 337 369
3 157 385 216
8 186 277 164 169 335 312 173 119
6 407 492 407 6 249 360
4 440 459 51 340
2 20 497
3 183 496 333
7 107 438 194 143 141 357 382
3 349 470 142
3 127 458 482
4 341 322 54 212
4 52 388 120 231
2 181 20
5 399 226 368 436 424
3 286 384 163
1 452
3 447 81 308
5 208 295 153 411 41
5 317 491 238 278 305
6 383 383 153 426 146 49
2 79 394
4 121 425 201 346
7 442 226 136 151 358 401 364
3 83 233 310
6 409 58 415 254 256 422
3 415 312 369
3 90 434 226
4 451 499 239 275
5 211 169 291 97 350
2 12 242
4 91 475 266 135
2 377 67
2 473 13
2 170 478
3 400 255 233
4 476 44 101 174
1 210
3 410 169 487
6 342 379 340 441 190 384
5 442 3 203 139 452
5 376 357 205 176 246
6 415 299 236 19 356 314
7 127 340 288 264 288 390 434
7 136 386 126 274 10 380 227
5 81 419 425 26 480
4 403 427 162 191
2 359 300
4 55 411 399 192
4 195 461 221 312
4 446 297 345 327
6 19 310 159 18 239 15
5 439 267 94 302 386
6 240 395 412 433 62 26
6 113 449 251 395 79 400
3 102 448 10
4 418 27 14 25
1 470
8 501 504 525 531 537 591 600 924
9 500 502 503 507 511 515 545 918 887
6 501 508 622 886 993 982
6 501 510 563 633 891 772
8 500 505 506 542 774 652 611 826
9 504 512 514 546 561 586 620 634 793
3 504 566 508
6 501 509 517 590 595 965
13 502 513 516 530 915 952 688 955 633 749 506 646 661
9 507 539 543 616 625 703 784 888 725
6 503 553 567 719 742 943
6 501 532 538 546 870 652
1 505
7 508 518 548 858 876 684 805
7 505 577 580 696 704 869 541
6 501 599 730 573 827 667
8 508 605 809 793 646 914 547 591
9 507 519 524 533 595 689 724 804 929
5 513 699 990 629 928
15 517 520 521 526 534 555 564 653 671 707 801 877 523 967 948
7 519 523 557 565 646 756 947
11 519 522 527 535 552 738 997 728 788 648 617
10 521 529 536 604 639 810 946 968 993 705
9 520 554 709 985 687 519 716 788 973
8 517 549 903 899 680 946 997 842
5 500 541 648 644 624
12 519 528 550 592 663 732 758 838 705 869 551 637
6 521 575 594 641 860 677
6 526 587 925 914 897 743
8 522 551 609 632 655 538 786 787
6 508 580 964 978 768 691
5 500 861 620 924 640
5 511 596 910 985 777
5 517 547 760 863 658
8 519 568 574 936 955 564 551 618
2 521 957
4 522 540 559 581
12 500 597 661 664 731 564 828 852 697 796 596 865
9 511 560 593 687 729 529 933 850 674
7 509 585 669 795 793 969 653
12 536 544 627 750 887 720 552 933 865 972 691 756
8 525 598 768 866 514 769 692 934
5 504 847 910 755 637
6 509 636 652 774 933 895
8 540 578 667 741 914 952 705 567
4 501 615 672 893
6 505 556 854 511 960 554
5 533 780 773 689 516
6 513 606 724 762 842 958
6 524 558 658 572 701 970
7 526 588 617 666 871 911 723
5 529 797 526 848 534
4 521 843 540 638
3 510 573 961
6 523 570 663 975 591 546
6 519 579 603 621 933 570
9 546 562 569 572 650 897 911 713 597
4 520 669 788 891
3 549 623 991
2 536 848
8 538 662 634 812 841 853 678 879
1 505
9 556 571 583 642 902 602 614 636 647
6 503 601 743 845 909 765
5 519 610 534 537 820
7 520 576 665 778 676 999 872
5 506 773 813 994 704
5 510 584 803 732 544
8 534 607 967 720 980 990 776 771
4 556 984 936 893
11 554 694 793 836 876 771 865 765 555 894 711
9 562 611 881 621 763 594 757 868 904
4 556 754 769 549
9 553 706 921 515 810 886 838 912 800
5 534 631 875 911 879
4 527 582 852 920
8 565 589 766 891 733 584 709 768
4 514 693 711 862
9 544 805 847 655 587 744 651 694 824
5 555 648 700 794 641
5 514 686 864 530 708
5 536 987 961 755 707
6 575 684 725 833 848 584
6 562 635 806 701 874 788
4 567 808 582 576
4 539 613 651 853
5 505 649 803 735 680
5 528 736 578 768 859
3 550 960 989
8 576 659 660 974 906 971 812 820
4 507 608 697 928
4 500 775 554 516
6 526 638 787 807 779 709
4 538 751 982 893
6 527 619 705 571 886 969
9 517 602 752 930 998 755 753 507 721
3 532 979 537
6 537 646 890 556 924 992
7 541 713 791 747 914 887 623
4 515 755 823 685
3 500 628 668
3 563 647 808
7 595 644 834 995 562 905 833
7 555 614 629 633 992 923 758
6 522 674 853 630 703 689
3 516 867 623
7 548 612 630 787 853 945 992
2 568 833
3 590 979 961
5 529 628 788 813 745
5 564 618 626 890 798
8 571 640 643 890 881 776 745 504
5 606 688 745 746 613
6 585 691 855 612 766 942
5 603 678 868 562 927
10 545 702 720 731 792 863 652 771 653 653
3 509 795 751
6 550 624 637 626 694 521
7 610 675 701 714 773 534 929
5 594 818 826 724 648
6 505 690 864 898 696 531
6 555 727 813 900 571 664
5 502 820 904 800 968
10 558 919 927 957 738 994 605 934 598 790
6 617 848 525 698 856 856
4 509 747 879 755
7 610 674 730 990 848 617 908
4 540 642 714 979
4 609 728 837 600
8 603 698 712 739 765 950 518 917
5 606 654 657 702 604
5 574 889 882 867 672
1 529
7 603 748 896 503 834 684 508
4 505 645 747 560
6 583 656 795 951 742 812
5 543 765 562 988 681
3 617 526 542
4 592 775 743 552
6 522 849 669 856 739 824
6 611 827 782 869 531 774
3 527 716 579
3 562 627 785
3 611 922 973
6 602 676 680 828 525 897
6 634 764 816 846 958 671
9 520 722 878 597 855 740 830 516 508
7 601 899 783 860 562 989 664
9 579 677 715 956 828 525 521 974 619
2 586 922
3 556 991 664
8 585 695 796 656 904 981 578 816
7 543 711 732 615 894 504 511
9 519 935 931 788 711 692 615 615 539
7 630 668 726 901 989 668 948
4 529 578 814 989
3 635 749 651
8 630 710 754 798 738 913 683 727
7 549 771 775 786 821 763 533
3 589 683 894
9 589 673 685 832 941 869 714 692 711
4 537 692 998 508
5 560 682 997 745 684
9 526 870 932 867 554 813 795 768 968
6 537 681 650 647 621 782
5 565 708 740 978 744
3 550 723 839
8 544 670 838 916 976 763 937 515
5 654 761 777 654 600
8 539 639 844 711 557 831 789 696
5 667 767 966 911 964
4 519 759 874 645
6 545 802 809 803 877 631
5 660 757 971 697 785
5 626 679 789 604 538
2 618 772
7 644 956 565 999 919 858 982
6 648 841 985 973 735 527
4 614 857 786 560
3 674 770 727
6 644 926 969 966 524 586
4 664 744 779 636
5 662 737 953 941 783
2 659 657
7 582 935 513 854 633 662 889
7 660 783 785 696 760 599 860
3 580 812 707
6 538 830 703 872 523 980
7 612 824 723 754 739 508 814
6 517 718 690 889 547 604
3 620 841 689
9 613 863 867 949 906 810 956 530 540
7 661 776 804 660 541 653 981
4 577 964 844 782
9 570 930 778 921 738 617 707 838 578
4 651 829 729 902
5 514 685 984 620 669
5 590 763 865 673 537
4 629 948 765 624
4 518 944 846 878
2 579 772
5 618 983 549 583 770
5 615 717 861 958 630
9 509 917 687 867 903 604 907 975 804
3 514 955 566
5 594 526 760 544 522
2 573 891
9 519 721 733 686 850 959 581 991 694
2 665 580
5 523 756 893 592 576
5 657 811 769 756 782
7 652 577 669 653 995 660 570
5 629 859 725 859 762
8 598 929 816 556 951 856 785 868
7 618 735 832 905 627 660 838
2 648 993
4 641 781 896 523
3 702 872 772
4 689 867 923 847
2 510 923
4 615 540 568 912
3 707 757 595
3 646 814 932
4 666 853 688 550
4 548 809 517 619
5 582 826 880 712 509
3 654 835 766
6 621 814 679 890 865 657
8 628 808 521 860 885 770 761 806
4 538 817 884 695
10 515 734 850 856 985 738 626 758 933 901
2 615 537
5 526 652 828 882 567
4 707 576 788 758
6 730 753 909 989 758 831
5 714 967 677 586 789
3 587 827 844
5 682 978 747 844 968
6 521 730 623 657 694 754
4 629 688 763 639
6 665 822 883 945 646 869
6 544 879 971 867 887 978
5 510 778 765 635 775
5 563 917 744 528 638
5 681 769 743 665 578
8 612 980 868 798 662 609 611 968
2 612 840
5 634 625 737 598 837
2 633 790
2 656 508
6 540 862 860 798 994 779
4 593 969 878 616
3 595 904 955
4 734 805 595 784
6 572 854 688 955 657 738
7 599 912 595 581 950 625 542
4 709 520 710 540
8 673 830 862 721 828 851 571 916
6 526 734 730 935 603 733
5 671 798 939 941 924
5 533 782 685 705 772
2 668 728
5 548 851 910 712 951
7 697 917 658 787 739 571 667
3 645 844 848
7 629 636 698 563 981 742 570
3 576 726 613
1 670
7 541 934 587 778 663 530 576
8 572 779 800 937 710 744 541 817
6 679 831 895 728 701 970
5 658 570 615 568 869
5 700 760 675 717 503
5 566 819 547 618 832
6 543 914 504 793 870 640
5 658 638 910 591 742
5 692 799 568 611 959
4 668 781 532 955
7 565 938 742 694 768 868 960
6 769 970 592 821 681 750
3 547 892 962
6 716 777 891 975 967 835
7 760 911 899 640 664 710 693
7 685 842 942 793 647 978 682
2 509 753
5 685 673 642 985 713
4 658 678 529 843
7 592 967 763 791 606 977 529
8 609 521 653 557 733 523 836 583
3 674 735 669
6 748 986 808 845 954 623
3 598 787 926
4 615 825 928 892
8 570 539 783 516 846 833 505 774
4 579 918 921 874
5 539 635 978 616 663
4 651 897 537 799
3 551 963 982
6 759 610 657 745 870 750
3 776 796 848
5 769 827 622 870 573
1 519
2 672 950
3 567 586 672
3 692 517 703
5 578 913 753 513 886
3 583 728 895
1 592
6 584 921 728 601 790 809
7 724 835 516 672 808 860 893
4 522 573 957 691
3 710 894 934
5 686 815 560 635 589
5 621 609 566 663 896
7 727 925 722 655 688 892 988
6 812 885 942 878 879 967
4 645 713 826 651
3 729 896 769
2 619 908
3 773 837 848
3 622 564 589
3 658 960 779
4 740 852 869 931
3 599 916 981
3 688 639 578
3 792 947 989
6 725 843 858 619 816 504
7 736 906 640 800 515 938 969
10 644 839 537 757 894 648 732 892 870 990
4 695 973 848 843
5 757 687 646 873 901
4 770 885 734 669
5 714 873 660 773 888
4 582 607 602 793
6 602 844 978 633 940 939
5 809 943 995 726 781
3 570 959 788
3 628 819 747
6 526 667 947 714 573 694
2 828 666
3 746 931 922
4 690 677 560 978
5 783 932 963 548 524
4 552 826 829 786
8 764 834 669 736 737 860 919 693
3 563 790 857
4 645 895 793 699
5 542 883 900 578 718
9 582 764 819 624 829 551 626 559 799
3 639 995 993
6 730 977 707 983 923 538
2 762 757
4 575 537 822 870
5 723 585 604 606 560
5 546 754 911 684 944
2 613 646
7 730 880 979 639 713 624 624
2 678 845
4 513 826 985 676
3 712 712 587
8 527 728 647 750 954 685 844 809
3 702 882 531
4 757 750 939 577
4 691 533 974 615
4 620 580 920 901
6 697 872 727 570 540 537
2 541 986
8 691 920 718 703 663 741 631 605
6 614 745 961 778 713 571
8 514 660 526 822 944 640 740 771
8 663 878 798 511 774 800 828 852
3 550 946 948
7 865 893 717 945 687 876 565
2 832 830
3 671 583 794
4 574 958 940 907
5 570 964 513 872 966
2 519 672
6 646 815 870 751 886 699
5 741 815 625 560 574
2 856 725
3 571 611 998
5 861 951 631 732 886
3 740 847 979
1 729
4 815 831 728 920
7 502 573 805 942 594 882 878
6 540 965 993 598 741 501
2 509 832
5 631 689 911 929 684
5 610 727 597 611 920
5 576 706 781 557 503
4 780 792 828 814
6 872 709 593 545 569 809
5 811 828 652 570 659
6 770 962 846 988 806 543
5 716 633 817 813 996
6 556 898 987 796 528 644
3 897 976 620
3 647 524 782
3 621 847 997
4 654 830 730 864
3 562 940 695
4 524 954 703 947
4 622 752 651 571
4 714 994 985 602
4 827 907 589 691
5 906 960 978 875 703
3 818 973 626
2 734 563
4 532 542 762 775
7 556 782 670 854 574 889 550
4 755 913 573 720
3 805 912 657
5 774 544 598 528 516
2 508 983
4 823 972 667 757
5 763 703 743 969 629
3 794 501 983
3 623 676 844
5 867 575 890 885 864
4 573 808 794 694
4 649 942 643 840
4 719 603 718 850
5 500 949 759 531 597
3 814 975 528
2 680 791
3 623 614 934
3 792 590 518
4 713 889 517 618
2 595 694
5 840 973 951 653 822
3 842 663 722
5 543 540 555 730 538
6 768 811 946 623 541 927
5 684 653 979 758 975
2 534 569
2 769 667
2 778 827
4 759 862 834 998
3 902 875 834
3 759 682 660
5 783 922 815 886 613
3 510 835 992
4 699 966 869 854
4 740 872 969 606
5 522 871 934 992 524
4 825 903 838 520
4 698 519 871 654
3 691 924 950
4 629 755 949 802
5 882 931 635 713 762
3 508 544 979
2 682 996
3 903 860 790
6 534 704 754 752 508 777
3 676 648 691
3 623 810 535
6 875 989 645 702 972 548
3 836 707 776
5 821 588 907 546 778
4 553 868 581 608
2 895 780
2 797 842
4 876 530 693 670
3 887 507 981
4 670 680 944 876
6 568 787 735 519 781 815
5 522 737 745 622 663
7 680 751 827 539 945 917 594
4 779 978 549 770
3 673 741 589
3 916 958 540
6 829 908 931 677 523 643
3 589 863 648
5 925 781 554 935 703
2 898 667
3 850 999 787
10 737 665 795 907 834 970 530 741 783 841
7 856 935 883 627 596 952 608
3 745 687 568
5 823 765 651 965 692
5 593 797 998 676 502
5 915 988 701 850 918
2 569 696
7 532 905 730 677 523 858 785
2 866 790
2 897 581
4 983 895 636 814
7 734 958 825 654 588 647 655
4 518 626 568 828
3 650 558 707
5 603 943 946 597 606
5 522 502 887 715 849
4 905 566 623 750
4 602 849 835 711
2 953 896
4 521 662 900 524
5 661 595 982 939 881
3 977 676 565
12 1001 1005 1006 1007 1017 1057 1448 1483 1171 1169 1373 1024
8 1000 1002 1003 1010 1217 1404 1022 1184
6 1001 1021 1141 1029 1019 1320
5 1001 1004 1094 1077 1261
12 1003 1030 1036 1043 1287 1493 1494 1312 1188 1486 1349 1410
8 1000 1008 1014 1026 1029 1184 1083 1228
8 1000 1054 1158 1184 1362 1125 1031 1402
5 1000 1023 1209 1134 1486
7 1005 1009 1031 1055 1102 1442 1037
9 1008 1011 1012 1018 1035 1119 1129 1195 1346
6 1001 1037 1112 1150 1190 1262
5 1009 1136 1181 1038 1075
7 1009 1013 1016 1020 1028 1052 1119
7 1012 1015 1019 1353 1092 1105 1335
5 1005 1086 1302 1291 1197
9 1013 1046 1303 1460 1487 1195 1112 1220 1348
8 1012 1025 1045 1226 1306 1332 1290 1233
10 1000 1022 1033 1039 1068 1108 1179 1314 1433 1257
4 1009 1024 1283 1298
9 1013 1032 1041 1056 1114 1251 1242 1205 1002
3 1012 1110 1308
8 1002 1027 1059 1131 1163 1324 1482 1216
5 1017 1074 1001 1471 1134
6 1007 1044 1091 1436 1241 1264
5 1018 1062 1175 1435 1000
11 1016 1058 1071 1088 1142 1346 1236 1201 1381 1470 1083
7 1005 1040 1098 1160 1228 1470 1091
11 1021 1038 1132 1140 1187 1285 1401 1080 1078 1443 1211
6 1012 1158 1255 1391 1046 1263
11 1005 1053 1164 1183 1237 1250 1122 1414 1127 1412 1002
8 1004 1042 1111 1351 1369 1472 1497 1165
9 1008 1034 1049 1080 1222 1006 1044 1288 1430
5 1019 1112 1414 1268 1172
4 1017 1329 1101 1159
4 1031 1300 1179 1413
4 1009 1083 1073 1449
5 1004 1165 1117 1304 1317
7 1010 1077 1100 1008 1491 1409 1175
10 1027 1050 1069 1110 1156 1391 1201 1119 1011 1374
7 1017 1051 1061 1486 1321 1422 1121
8 1026 1048 1073 1076 1195 1261 1153 1349
5 1019 1070 1081 1149 1398
9 1030 1064 1066 1135 1189 1301 1464 1205 1158
6 1004 1258 1127 1382 1298 1049
9 1023 1193 1336 1459 1125 1167 1031 1218 1198
6 1016 1196 1420 1096 1335 1399
9 1015 1047 1085 1480 1080 1075 1028 1135 1145
10 1046 1203 1204 1232 1393 1407 1460 1143 1065 1459
7 1040 1082 1118 1366 1482 1297 1127
5 1031 1121 1102 1043 1150
7 1038 1075 1084 1212 1235 1437 1350
10 1039 1063 1124 1071 1126 1172 1424 1169 1473 1399
10 1012 1105 1170 1220 1329 1160 1395 1236 1299 1196
5 1029 1060 1157 1479 1487
5 1006 1116 1219 1084 1288
5 1008 1067 1079 1368 1246
6 1019 1065 1099 1144 1149 1396
5 1000 1120 1317 1123 1212
2 1025 1319
7 1021 1096 1200 1264 1232 1116 1157
5 1053 1261 1338 1394 1240
10 1039 1072 1122 1498 1089 1257 1274 1436 1486 1444
5 1024 1078 1191 1071 1169
6 1051 1107 1133 1443 1385 1472
5 1042 1126 1372 1190 1098
4 1056 1047 1090 1241
8 1042 1143 1428 1121 1113 1174 1314 1159
8 1055 1238 1374 1452 1487 1244 1198 1331
6 1017 1125 1259 1447 1258 1116
7 1038 1090 1289 1367 1399 1499 1206
7 1041 1093 1271 1153 1359 1214 1077
8 1025 1221 1281 1348 1051 1126 1062 1369
8 1061 1087 1267 1383 1364 1288 1469 1254
5 1040 1079 1035 1206 1234
3 1022 1123 1376
8 1050 1089 1161 1046 1011 1317 1427 1076
7 1040 1121 1180 1471 1452 1075 1096
5 1037 1470 1003 1385 1070
3 1062 1142 1027
4 1073 1167 1274 1055
7 1031 1244 1445 1130 1046 1374 1027
7 1041 1109 1178 1456 1498 1405 1250
2 1048 1192
6 1035 1234 1005 1231 1176 1025
9 1050 1113 1138 1196 1346 1469 1332 1054 1310
8 1046 1278 1300 1132 1188 1325 1496 1497
6 1014 1106 1311 1358 1473 1396
7 1072 1092 1168 1185 1454 1326 1430
12 1025 1101 1157 1256 1277 1349 1181 1090 1485 1141 1098 1307
9 1075 1166 1173 1251 1061 1419 1158 1362 1193
9 1069 1097 1134 1252 1088 1367 1065 1228 1323
4 1023 1115 1476 1026
5 1087 1130 1013 1285 1366
6 1070 1095 1233 1265 1308 1467
2 1003 1198
6 1093 1151 1274 1282 1140 1228
5 1059 1260 1485 1045 1076
4 1090 1209 1417 1271
3 1026 1064 1088
5 1056 1216 1246 1290 1256
4 1037 1152 1248 1397
8 1088 1103 1104 1117 1208 1421 1033 1140
8 1008 1137 1149 1329 1049 1428 1175 1273
6 1101 1201 1450 1483 1412 1222
2 1101 1471
8 1052 1349 1350 1154 1271 1498 1013 1137
3 1086 1162 1394
5 1063 1128 1340 1135 1389
4 1017 1420 1413 1226
7 1081 1198 1215 1484 1369 1465 1438
5 1038 1139 1207 1020 1427
5 1030 1327 1418 1440 1238
6 1032 1176 1304 1015 1485 1010
6 1084 1066 1313 1331 1365 1181
7 1019 1150 1164 1411 1340 1129 1381
9 1091 1177 1213 1308 1489 1351 1134 1346 1355
5 1054 1169 1059 1283 1068
4 1101 1236 1254 1036
5 1048 1127 1153 1199 1459
6 1009 1477 1012 1038 1299 1308
2 1057 1243
9 1076 1174 1339 1214 1066 1303 1039 1049 1353
4 1061 1262 1488 1029
7 1074 1159 1172 1057 1336 1190 1460
2 1051 1318
6 1068 1241 1044 1006 1407 1331
5 1064 1330 1379 1071 1051
10 1118 1375 1043 1213 1364 1048 1269 1354 1029 1375
3 1107 1155 1463
3 1009 1114 1235
3 1092 1145 1080
2 1021 1402
9 1027 1146 1192 1085 1300 1304 1383 1464 1379
7 1063 1171 1149 1153 1163 1141 1190
6 1090 1334 1007 1364 1022 1115
7 1042 1242 1237 1107 1338 1046 1196
3 1011 1363 1273
10 1102 1231 1320 1386 1422 1447 1428 1459 1164 1105
3 1084 1163 1198
3 1110 1219 1231
7 1027 1307 1459 1095 1101 1216 1231
8 1002 1194 1370 1330 1438 1088 1327 1133
4 1025 1147 1397 1078
8 1066 1197 1355 1047 1228 1196 1398 1159
4 1056 1396 1152 1311
4 1130 1424 1311 1046
3 1132 1321 1402
5 1142 1148 1227 1280 1310
2 1147 1361
6 1056 1305 1360 1102 1133 1041
8 1114 1154 1249 1352 1010 1421 1049 1299
5 1095 1214 1330 1255 1254
8 1100 1245 1257 1331 1144 1350 1333 1271
6 1118 1070 1133 1040 1498 1432
5 1150 1455 1105 1165 1346
4 1128 1378 1423 1406
5 1038 1247 1263 1473 1482
7 1088 1211 1053 1231 1375 1059 1446
6 1006 1255 1042 1357 1028 1089
5 1123 1432 1143 1033 1066
5 1026 1260 1052 1208 1324
6 1075 1202 1283 1405 1435 1441
6 1106 1478 1167 1412 1332 1471
9 1021 1205 1243 1138 1305 1177 1133 1466 1348
6 1029 1378 1114 1257 1137 1456
6 1036 1186 1359 1423 1030 1154
3 1089 1282 1441
6 1079 1402 1200 1044 1162 1438
2 1087 1206
7 1116 1062 1000 1381 1051 1450 1454
2 1052 1249
6 1133 1239 1413 1000 1453 1460
5 1123 1425 1051 1418 1032
3 1089 1188 1304
2 1121 1066
6 1024 1432 1496 1037 1371 1102
6 1112 1248 1342 1450 1083 1449
4 1115 1267 1277 1163
3 1081 1335 1436
8 1017 1342 1353 1225 1196 1034 1193 1282
4 1076 1218 1223 1485
5 1011 1182 1088 1478 1113
3 1181 1495 1402
8 1029 1286 1413 1493 1245 1392 1467 1259
6 1005 1462 1006 1261 1001 1360
1 1087
3 1165 1196 1440
3 1027 1322 1279
8 1173 1210 1399 1451 1085 1004 1237 1421
4 1042 1190 1453 1195
9 1189 1465 1064 1292 1458 1205 1010 1123 1133
6 1062 1266 1360 1420 1287 1374
7 1132 1222 1389 1434 1279 1082 1458
3 1044 1089 1179
1 1141
6 1040 1396 1015 1009 1189 1348
10 1084 1272 1291 1045 1179 1186 1143 1135 1244 1052
4 1143 1253 1224 1014
9 1109 1269 1067 1138 1408 1094 1419 1044 1377
1 1118
4 1059 1382 1167 1435
5 1103 1381 1038 1358 1025
7 1161 1471 1262 1254 1300 1462 1455
8 1047 1225 1417 1259 1401 1284 1325 1319
2 1047 1229
5 1163 1042 1488 1190 1019
6 1168 1394 1073 1069 1338 1219
4 1110 1224 1437 1214
3 1101 1160 1379
6 1007 1295 1477 1097 1333 1291
5 1188 1368 1315 1451 1449
5 1157 1358 1452 1497 1027
5 1050 1297 1388 1392 1057
3 1115 1127 1373
9 1151 1270 1335 1121 1070 1375 1267 1400 1207
3 1109 1291 1403
7 1099 1253 1273 1355 1359 1021 1140
2 1001 1328
3 1180 1349 1044
9 1054 1345 1419 1449 1478 1493 1139 1206 1494
3 1052 1240 1015
2 1071 1293
6 1192 1473 1031 1455 1103 1324
4 1180 1230 1373 1485
3 1207 1337 1197
5 1203 1325 1446 1179 1238
4 1016 1351 1380 1108
4 1147 1298 1492 1414
5 1026 1143 1005 1095 1090
2 1204 1387
4 1223 1284 1333 1238
7 1137 1390 1139 1157 1284 1083 1140
3 1047 1400 1059
5 1093 1447 1254 1283 1016
6 1083 1312 1409 1498 1266 1073
3 1050 1441 1129
3 1117 1052 1025
5 1029 1188 1135 1258 1435
5 1067 1443 1230 1225 1111
1 1171
2 1220 1060
7 1125 1390 1023 1271 1250 1065 1455
5 1135 1432 1019 1300 1466
5 1163 1479 1120 1471 1464
5 1080 1485 1067 1269 1196
5 1152 1281 1183 1403 1307
2 1099 1055
2 1156 1360
6 1100 1288 1430 1176 1335 1388
5 1150 1275 1401 1491 1170
7 1029 1279 1299 1382 1241 1304 1081
6 1089 1296 1492 1019 1430 1431
4 1090 1395 1277 1451
5 1216 1294 1314 1421 1197
6 1117 1487 1233 1202 1072 1151
4 1158 1326 1028 1151
3 1088 1364 1099
5 1152 1061 1164 1017 1301
4 1043 1293 1068 1237
4 1068 1203 1363 1183
3 1160 1096 1379
6 1060 1268 1316 1040 1184 1003
3 1122 1202 1010
4 1156 1364 1395 1028
6 1059 1400 1023 1409 1444 1391
3 1093 1490 1310
4 1191 1432 1234 1422
4 1072 1177 1214 1300
3 1261 1032 1450
4 1198 1127 1244 1433
2 1214 1455
6 1070 1288 1105 1241 1152 1097
2 1196 1354
5 1216 1416 1136 1351 1102
6 1095 1327 1079 1061 1494 1444
5 1249 1276 1309 1357 1315
2 1275 1373
5 1088 1323 1177 1252 1413
5 1085 1321 1406 1400 1328
5 1250 1326 1187 1389 1192
3 1147 1426 1482
5 1071 1315 1383 1245 1292
3 1095 1166 1179
6 1161 1307 1018 1233 1356 1116
3 1230 1231 1203
2 1027 1092
2 1183 1390
4 1004 1292 1495 1191
7 1248 1271 1401 1290 1072 1031 1054
6 1069 1302 1313 1429 1467 1327
6 1099 1439 1303 1288 1016 1301
5 1196 1352 1215 1014 1209
8 1287 1190 1281 1461 1346 1311 1437 1362
7 1258 1318 1362 1457 1221 1485 1451
2 1253 1433
6 1209 1384 1427 1499 1442 1391
1 1251
4 1212 1403 1048 1483
5 1227 1043 1388 1018 1324
5 1250 1394 1119 1052 1150
8 1085 1034 1324 1132 1360 1202 1267 1242
7 1042 1341 1373 1417 1387 1290 1257
3 1289 1497 1014
4 1015 1488 1290 1121
6 1112 1036 1173 1132 1250 1331
3 1149 1356 1163
1 1016
6 1140 1283 1369 1245 1088 1414
4 1115 1020 1119 1093
2 1275 1330
3 1147 1265 1084
7 1086 1145 1313 1292 1316 1412 1144
3 1234 1343 1004
3 1289 1311 1113
6 1253 1017 1469 1475 1457 1066
5 1281 1347 1210 1275 1317
2 1261 1311
4 1057 1315 1075 1036
2 1293 1124
3 1058 1358 1203
5 1137 1438 1472 1338 1002
6 1278 1387 1383 1146 1039 1421
3 1187 1351 1410
4 1277 1344 1385 1090
6 1021 1392 1300 1298 1160 1222
5 1225 1410 1429 1085 1203
5 1279 1255 1419 1087 1401
6 1111 1274 1405 1289 1373 1141
3 1217 1346 1278
4 1052 1033 1102 1363
6 1126 1141 1151 1480 1462 1309
5 1152 1125 1113 1067 1304
6 1016 1454 1468 1084 1348 1162
4 1230 1388 1209 1152
2 1134 1482
9 1178 1371 1461 1479 1214 1248 1364 1013 1045
5 1044 1379 1388 1123 1448
2 1224 1448
5 1060 1135 1320 1458 1206
4 1121 1493 1482 1494
4 1107 1411 1466 1114
3 1301 1379 1356
2 1179 1176
3 1312 1362 1481
2 1323 1461
2 1219 1370
8 1084 1380 1328 1025 1292 1115 1154 1009
2 1315 1365
8 1071 1491 1332 1355 1015 1163 1484 1195
6 1105 1433 1088 1218 1040 1004
3 1105 1050 1152
7 1030 1226 1413 1322 1115 1443 1273
4 1291 1451 1150 1425
3 1179 1013 1121
2 1272 1127
7 1143 1398 1216 1449 1455 1348 1115
6 1305 1495 1360 1283 1341 1439
4 1275 1412 1158 1377
6 1086 1475 1211 1201 1360 1319
5 1165 1373 1216 1070 1485
8 1149 1481 1356 1358 1300 1191 1247 1184
1 1148
5 1293 1006 1089 1343 1292
3 1136 1259 1329
8 1263 1377 1256 1134 1072 1127 1495 1335
5 1347 1379 1400 1437 1113
2 1048 1092
2 1069 1090
3 1210 1468 1055
6 1030 1109 1307 1421 1473 1071
3 1141 1345 1420
4 1335 1474 1175 1413
3 1064 1377 1468
7 1359 1301 1223 1000 1327 1276 1213
6 1067 1408 1412 1080 1038 1191
7 1127 1406 1453 1461 1157 1214 1127
2 1074 1425
5 1364 1372 1469 1357 1198
2 1164 1155
7 1126 1341 1336 1260 1365 1208 1132
2 1346 1226
4 1201 1169 1025 1114
3 1250 1200 1043
6 1072 1396 1321 1399 1281 1132
1 1295
4 1323 1416 1063 1077
2 1137 1476
4 1321 1301 1229 1426
5 1212 1336 1333 1298 1248
3 1192 1279 1107
6 1231 1434 1241 1427 1286 1402
4 1038 1028 1264 1295
4 1324 1212 1183 1495
1 1047
6 1206 1488 1060 1299 1106 1494
3 1263 1052 1252
7 1383 1405 1195 1144 1056 1422 1086
2 1142 1100
4 1355 1481 1143 1041
9 1188 1383 1069 1425 1051 1435 1494 1442 1045
5 1232 1264 1365 1278 1214
6 1249 1439 1027 1288 1203 1326
6 1167 1182 1131 1006 1146 1390
4 1297 1431 1245 1215
2 1001 1485
5 1396 1161 1417 1327 1081
5 1375 1459 1411 1278 1155
3 1047 1415 1125
3 1374 1452 1198
3 1234 1037 1264
6 1325 1474 1322 1470 1004 1438
4 1340 1467 1114 1406
6 1357 1374 1162 1103 1311 1029
8 1183 1498 1171 1351 1277 1108 1034 1371
7 1032 1227 1424 1029 1428 1495 1307
2 1407 1458
3 1273 1385 1469
4 1203 1405 1301 1097
3 1111 1497 1172
4 1219 1326 1089 1198
4 1108 1370 1045 1191
7 1253 1369 1101 1150 1321 1467 1188
4 1137 1039 1396 1266
2 1165 1155
3 1145 1414 1051
4 1172 1376 1399 1352
3 1280 1448 1387
4 1295 1390 1110 1075
6 1066 1440 1414 1137 1102 1457
5 1289 1440 1325 1432 1431
4 1248 1251 1031 1087
3 1403 1251 1429
7 1175 1159 1266 1429 1444 1242 1153
7 1349 1434 1488 1463 1294 1269 1017
3 1390 1433 1192
5 1024 1161 1200 1399 1237
3 1023 1061 1178
5 1050 1207 1365 1292 1445
5 1320 1167 1141 1109 1410
6 1401 1444 1290 1441 1491 1356
5 1428 1499 1111 1429 1186
4 1235 1439 1166 1161
3 1008 1295 1399
4 1063 1238 1351 1027
6 1439 1432 1274 1497 1264 1061
3 1080 1491 1437
2 1225 1157
5 1233 1457 1068 1137 1469
5 1000 1458 1337 1426 1336
5 1219 1035 1355 1210 1176
4 1103 1176 1169 1268
7 1352 1453 1188 1210 1496 1252 1293
4 1067 1076 1408 1211
5 1451 1375 1493 1171 1189
3 1332 1087 1169
6 1154 1270 1355 1222 1202 1241
3 1081 1487 1164
5 1447 1293 1314 1428 1464
5 1448 1190 1415 1338 1192
6 1140 1044 1406 1118 1047 1137
4 1047 1015 1123 1171
4 1335 1344 1375 1292
4 1184 1467 1330 1202
2 1128 1433
4 1042 1132 1243 1457
2 1190 1109
3 1340 1163 1242
6 1462 1411 1289 1183 1421 1093
3 1332 1368 1372
6 1084 1416 1377 1314 1072 1447
4 1026 1077 1410 1025
6 1202 1104 1076 1022 1162 1243
3 1320 1030 1063
5 1156 1222 1086 1369 1051
2 1371 1410
2 1358 1314
2 1386 1091
2 1119 1209
3 1219 1162 1181
3 1335 1053 1243
2 1046 1330
4 1360 1398 1493 1343
6 1048 1021 1339 1280 1334 1156
3 1000 1103 1297
2 1109 1348
9 1244 1404 1112 1180 1096 1223 1359 1293 1088
4 1039 1004 1061 1007
5 1067 1254 1015 1053 1456
5 1303 1122 1394 1433 1205
1 1115
1 1265
5 1348 1439 1037 1249 1445
2 1227 1251
6 1004 1219 1339 1183 1453 1481
6 1004 1394 1274 1399 1339 1219
6 1356 1182 1287 1414 1392 1364
3 1175 1451 1085
6 1418 1302 1030 1211 1085 1444
6 1061 1413 1234 1081 1105 1153
3 1440 1295 1069
12 1501 1502 1503 1504 1518 1523 1555 1589 1749 1923 1835 1767
4 1500 1539 1590 1771
14 1500 1505 1506 1510 1532 1629 1704 1802 1957 1521 1586 1596 1911 1794
15 1500 1507 1515 1527 1536 1537 1540 1676 1773 1828 1809 1904 1692 1891 1780
11 1500 1521 1742 1832 1774 1506 1912 1852 1892 1872 1624
12 1502 1508 1511 1513 1516 1526 1582 1616 1783 1757 1603 1655
10 1502 1509 1522 1538 1559 1611 1865 1914 1504 1562
10 1503 1512 1519 1520 1541 1545 1664 1765 1577 1585
3 1505 1661 1555
7 1506 1550 1600 1746 1956 1826 1577
2 1502 1676
9 1505 1528 1592 1598 1628 1671 1710 1937 1773
10 1507 1514 1517 1603 1612 1626 1718 1868 1966 1735
6 1505 1551 1566 1571 1703 1527
6 1512 1570 1593 1625 1746 1517
5 1503 1568 1651 1742 1823
8 1505 1525 1534 1547 1672 1886 1757 1669
6 1512 1562 1564 1599 1514 1601
4 1500 1524 1782 1845
7 1507 1556 1597 1711 1544 1949 1870
10 1507 1530 1581 1727 1947 1962 1849 1612 1832 1762
6 1504 1502 1619 1990 1872 1996
7 1506 1529 1614 1733 1749 1624 1857
7 1500 1636 1751 1778 1795 1858 1951
7 1518 1533 1544 1689 1804 1905 1703
6 1516 1531 1573 1574 1577 1996
9 1505 1542 1557 1585 1653 1743 1966 1861 1942
8 1503 1761 1871 1913 1537 1935 1565 1513
7 1511 1543 1649 1668 1873 1575 1574
4 1522 1606 1640 1984
7 1520 1548 1588 1738 1583 1820 1682
2 1525 1881
6 1502 1604 1887 1618 1634 1548
7 1524 1561 1575 1609 1650 1665 1820
5 1516 1535 1986 1843 1695
7 1534 1546 1630 1960 1802 1970 1936
6 1503 1569 1882 1794 1964 1700
9 1503 1580 1608 1618 1978 1527 1934 1648 1757
5 1506 1700 1940 1872 1675
5 1501 1563 1820 1927 1763
11 1503 1554 1622 1652 1706 1811 1846 1695 1582 1883 1634
3 1507 1930 1931
9 1526 1558 1560 1587 1648 1710 1985 1939 1553
6 1528 1553 1631 1656 1984 1579
6 1524 1549 1552 1519 1810 1641
5 1507 1578 1722 1912 1894
9 1535 1619 1639 1659 1761 1921 1781 1619 1755
4 1516 1994 1560 1647
3 1530 1532 1894
5 1544 1769 1585 1590 1730
4 1509 1628 1717 1853
5 1513 1620 1582 1666 1869
6 1544 1579 1889 1665 1703 1644
5 1543 1565 1814 1927 1542
9 1540 1623 1777 1783 1867 1757 1685 1786 1898
4 1500 1793 1589 1508
2 1519 1648
4 1526 1681 1720 1998
7 1542 1607 1768 1842 1697 1592 1868
5 1506 1610 1853 1984 1632
7 1542 1726 1773 1838 1547 1766 1837
8 1533 1586 1715 1787 1945 1971 1857 1799
4 1517 1710 1506 1629
7 1539 1572 1584 1596 1693 1796 1572
4 1517 1872 1820 1637
7 1553 1567 1599 1813 1682 1793 1527
5 1513 1576 1673 1952 1961
5 1565 1846 1697 1792 1769
9 1515 1635 1800 1829 1684 1648 1822 1630 1755
6 1536 1644 1612 1727 1934 1593
4 1514 1583 1830 1876
6 1513 1717 1781 1923 1728 1725
3 1563 1563 1582
4 1525 1594 1824 1807
8 1525 1870 1880 1876 1741 1909 1989 1528
2 1533 1528
5 1566 1896 1608 1810 1742
3 1525 1509 1507
5 1545 1963 1851 1789 1830
7 1552 1961 1718 1682 1543 1633 1690
7 1537 1675 1737 1773 1595 1999 1627
4 1520 1989 1591 1822
11 1505 1605 1714 1876 1953 1572 1802 1803 1551 1699 1540
3 1570 1530 1866
6 1563 1632 1716 1779 1850 1617
10 1526 1591 1595 1549 1632 1635 1944 1594 1607 1507
5 1561 1621 1683 1502 1814
4 1542 1638 1612 1929
4 1530 1695 1812 1942
7 1500 1555 1692 1827 1633 1897 1899
6 1501 1810 1938 1549 1715 1802
8 1585 1633 1662 1848 1906 1581 1689 1743
7 1511 1601 1602 1558 1972 1730 1598
5 1514 1819 1984 1751 1569
6 1573 1624 1984 1613 1755 1585
6 1585 1637 1941 1580 1780 1997
7 1563 1723 1786 1502 1691 1711 1664
4 1519 1661 1791 1755
5 1511 1645 1699 1833 1592
6 1565 1935 1629 1662 1517 1732
5 1509 1785 1932 1634 1695
5 1592 1871 1810 1517 1652
8 1592 1620 1641 1642 1840 1874 1800 1877
7 1512 1724 1744 1917 1767 1505 1617
4 1532 1613 1884 1711
8 1582 1669 1745 1757 1775 1842 1835 1635
3 1529 1654 1742
9 1558 1647 1841 1843 1883 1745 1845 1717 1585
5 1537 1627 1711 1964 1576
5 1533 1617 1998 1942 1760
5 1559 1690 1789 1729 1916
7 1506 1615 1839 1650 1957 1752 1841
10 1512 1634 1658 1670 1983 1569 1520 1587 1846 1693
8 1604 1729 1770 1996 1594 1902 1689 1703
7 1522 1732 1736 1762 1894 1956 1964
3 1611 1921 1641
5 1505 1643 1920 1675 1776
11 1609 1728 1584 1712 1693 1980 1882 1859 1603 1916 1658
4 1537 1532 1857 1907
4 1546 1521 1965 1546
7 1602 1708 1551 1876 1784 1838 1824
3 1586 1899 1634
5 1540 1646 1839 1684 1764
6 1554 1656 1666 1694 1963 1946
6 1594 1667 1990 1522 1894 1504
2 1514 1713
5 1512 1709 1660 1877 1877
9 1608 1735 1739 1823 1634 1927 1702 1865 1580
10 1511 1879 1916 1785 1550 1764 1794 1787 1981 1918
7 1502 1707 1719 1599 1633 1747 1562
5 1535 1784 1956 1568 1743
5 1543 1776 1709 1989 1914
6 1584 1684 1966 1585 1559 1941
7 1591 1685 1778 1629 1589 1684 1579
9 1612 1678 1600 1796 1532 1627 1621 1816 1540
5 1568 1951 1689 1585 1605
4 1523 1875 1863 1897
5 1595 1793 1741 1914 1564
3 1587 1911 1702
4 1546 1780 1850 1858
6 1529 1721 1748 1824 1924 1944
6 1602 1930 1848 1544 1615 1906
4 1602 1701 1747 1949
5 1616 1939 1829 1761 1705
5 1569 1680 1870 1891 1552
9 1598 1657 1817 1920 1806 1871 1681 1726 1832
8 1622 1731 1863 1877 1864 1765 1814 1676
4 1607 1679 1902 1547
6 1542 1843 1902 1537 1568 1556
4 1528 1774 1834 1805
5 1533 1827 1936 1611 1674
5 1515 1655 1883 1959 1991
3 1540 1846 1601
4 1526 1834 1749 1744
4 1606 1753 1972 1851
3 1651 1756 1505
7 1623 1660 1663 1702 1543 1837 1896
3 1645 1795 1726
5 1612 1688 1755 1617 1965
3 1546 1902 1992
6 1656 1836 1911 1626 1681 1662
8 1597 1508 1913 1709 1909 1752 1852 1902
4 1591 1981 1599 1660
1 1656
8 1507 1698 1705 1722 1818 1953 1763 1596
5 1533 1852 1964 1552 1979
5 1623 1551 1844 1942 1722
3 1624 1674 1741
2 1528 1815
11 1605 1691 1696 1764 1958 1684 1867 1987 1949 1915 1516
1 1612
3 1511 1682 1881
2 1516 1975
7 1566 1677 1697 1792 1910 1887 1976
4 1667 1759 1772 1650
7 1580 1826 1972 1538 1687 1616 1715
8 1503 1686 1844 1871 1944 1896 1510 1646
5 1673 1728 1678 1701 1746
3 1634 1995 1677
4 1647 1687 1695 1944
5 1644 1854 1918 1842 1764
4 1557 1773 1660 1645
5 1671 1565 1579 1839 1530
6 1586 1887 1977 1975 1728 1980
8 1632 1669 1568 1905 1622 1633 1786 1954
5 1633 1808 1554 1813 1980
7 1676 1692 1760 1766 1790 1703 1937
6 1679 1700 1800 1813 1675 1711
2 1658 1926
5 1524 1635 1947 1591 1613
6 1610 1740 1817 1885 1737 1579
5 1669 1776 1894 1831 1596
5 1686 1712 1589 1998 1503
6 1563 1946 1834 1617 1994 1612
2 1623 1797
10 1588 1869 1906 1968 1702 1679 1534 1600 1540 1924
3 1669 1820 1976
4 1673 1558 1567 1894
5 1664 1815 1907 1708 1740
7 1598 1898 1844 1582 1953 1924 1848
4 1538 1882 1687 1536
4 1642 1788 1775 1677
7 1656 1752 1695 1707 1638 1627 1904
9 1513 1825 1686 1886 1861 1613 1524 1552 1894
3 1502 1899 1844
5 1664 1730 1902 1814 1643
3 1540 1993 1976
7 1629 1721 1796 1764 1806 1702 1934
3 1620 1698 1759
5 1626 1725 1782 1631 1661
5 1542 1511 1925 1562 1951
9 1519 1750 1831 1608 1604 1989 1730 1687 1596
4 1692 1794 1990 1617
3 1625 1860 1908
4 1582 1821 1923 1858
5 1561 1767 1590 1823 1675
5 1584 1864 1789 1744 1820
4 1571 1850 1550 1607
2 1512 1579
5 1629 1734 1948 1990 1771
3 1557 1832 1908
4 1640 1806 1707 1938
5 1664 1831 1545 1788 1666
3 1596 1828 1787
4 1603 1974 1753 1866
2 1709 1571
6 1560 1920 1855 1645 1657 1999
3 1520 1954 1569
7 1617 1677 1760 1683 1571 1900 1955
3 1613 1937 1610
7 1705 1797 1822 1748 1592 1549 1711
5 1646 1767 1828 1888 1816
5 1614 1763 1969 1805 1599
4 1522 1758 1805 1826
5 1719 1790 1798 1848 1999
5 1627 1512 1959 1765 1876
3 1614 1781 1745
4 1580 1756 1823 1690
2 1530 1959
2 1627 1743
4 1690 1698 1773 1778
5 1667 1834 1810 1574 1637
6 1504 1765 1515 1576 1780 1606
7 1526 1787 1961 1591 1630 1739 1853
4 1603 1892 1716 1653
4 1605 1856 1736 1607
11 1509 1754 1954 1845 1944 1837 1910 1514 1934 1677 1826
6 1642 1808 1874 1785 1629 1788
2 1640 1730
8 1500 1522 1797 1782 1889 1905 1653 1761
1 1711
5 1523 1973 1593 1972 1818
5 1702 1780 1814 1661 1611
2 1654 1724
1 1746
7 1658 1801 1597 1594 1568 1909 1546
3 1655 1737 1951
7 1605 1849 1554 1505 1885 1537 1516
5 1733 1799 1819 1988 1850
3 1674 1934 1708
4 1686 1809 1728 1609
7 1527 1900 1546 1837 1764 1643 1749
5 1614 1833 1935 1520 1911
6 1732 1944 1911 1664 1887 1539
9 1669 1920 1628 1707 1990 1761 1680 1822 1622
5 1742 1964 1646 1507 1735
8 1686 1985 1824 1560 1835 1994 1840 1781
7 1731 1775 1866 1603 1715 1795 1500
3 1558 1891 1827
4 1549 1982 1909 1567
1 1613
4 1501 1803 1816 1719
3 1674 1901 1880
9 1681 1862 1503 1560 1580 1868 1827 1740 1511
5 1649 1992 1937 1504 1859
7 1767 1895 1605 1701 1956 1948 1832
8 1691 1631 1957 1808 1981 1978 1857 1616
4 1554 1850 1885 1938
6 1523 1991 1633 1791 1948 1740
3 1584 1929 1934
7 1752 1835 1984 1595 1742 1639 1503
7 1571 1976 1736 1830 1814 1546 1766
5 1709 1912 1749 1518 1901
5 1554 1805 1837 1505 1976
5 1630 1950 1947 1786 1620
4 1600 1628 1747 1977
5 1596 1784 1924 1554 1684
7 1561 1855 1893 1897 1743 1628 1723
4 1701 1996 1747 1722
5 1610 1578 1985 1837 1716
4 1734 1936 1686 1939
2 1597 1778
4 1673 1858 1567 1813
6 1555 1975 1805 1565 1956 1637
8 1712 1536 1856 1502 1628 1959 1851 1795
5 1523 1767 1657 1884 1794
4 1563 1811 1707 1634
5 1730 1749 1916 1694 1901
4 1734 1857 1906 1968
7 1758 1807 1954 1881 1855 1833 1561
5 1568 1687 1602 1941 1882
4 1755 1928 1895 1911
5 1502 1893 1582 1535 1590
2 1771 1582
1 1524
8 1783 1965 1793 1732 1993 1733 1649 1852
4 1721 1707 1645 1901
5 1799 1816 1573 1814 1974
5 1747 1832 1931 1685 1776
3 1760 1503 1830
8 1590 1817 1544 1830 1741 1576 1993 1601
3 1796 1822 1540
1 1588
6 1565 1687 1685 1990 1792 1965
9 1553 1828 1912 1807 1781 1705 1586 1752 1646
5 1698 1890 1969 1927 1668
7 1807 1771 1868 1928 1634 1731 1851
4 1810 1918 1645 1690
3 1664 1970 1751
3 1758 1842 1593
7 1696 1968 1533 1539 1564 1716 1530
1 1714
7 1811 1896 1730 1568 1764 1929 1581
6 1627 1838 1515 1737 1715 1883
6 1640 1922 1573 1766 1903 1620
3 1703 1993 1949
5 1675 1851 1509 1733 1746
5 1650 1589 1913 1768 1773
4 1731 1814 1503 1723
2 1568 1643
7 1570 1963 1781 1810 1809 1877 1578
6 1711 1896 1925 1722 1691 1926
7 1808 1847 1504 1520 1720 1775 1645
3 1762 1598 1799
5 1653 1741 1693 1959 1649
6 1780 1843 1605 1766 1500 1976
2 1660 1935
6 1783 1656 1789 1761 1746 1560
6 1823 1971 1920 1560 1872 1620
5 1611 1999 1622 1989 1682
3 1602 1904 1766
3 1607 1859 1611
4 1819 1558 1605 1680
6 1648 1872 1607 1909 1534 1835
5 1676 1845 1699 1704 1666
6 1844 1861 1891 1746 1518 1607
4 1567 1652 1612 1540
4 1832 1875 1896 1993
4 1591 1641 1734 1699
5 1757 1878 1939 1520 1882
7 1777 1910 1717 1584 1758 1856 1639
7 1826 1578 1654 1870 1940 1794 1816
5 1665 1911 1661 1504 1805
4 1559 1882 1550 1743
2 1680 1903
4 1787 1799 1726 1913
5 1745 1901 1794 1850 1905
5 1798 1522 1618 1561 1776
7 1792 1523 1986 1926 1714 1880 1639
4 1841 1924 1617 1774
4 1713 1923 1995 1877
3 1845 1703 1526
2 1773 1980
5 1646 1924 1960 1880 1636
3 1716 1878 1646
2 1506 1627
3 1767 1583 1724
3 1554 1669 1918
5 1512 1816 1558 1949 1773
2 1695 1551
4 1574 1644 1851 1519
5 1527 1934 1676 1601 1645
6 1843 1538 1838 1564 1504 1521
2 1528 1943
2 1602 1747
4 1636 1847 1953 1938
6 1582 1943 1574 1570 1620 1735
7 1646 1860 1602 1896 1626 1830 1626
5 1849 1892 1930 1864 1991
5 1628 1896 1962 1927 1964
6 1574 1895 1915 1863 1858 1772
4 1531 1799 1671 1979
6 1853 1536 1700 1617 1849 1800
5 1651 1607 1920 1540 1823
4 1604 1977 1795 1987
5 1777 1986 1921 1757 1690
4 1516 1927 1703 1984
4 1683 1532 1763 1673
3 1731 1917 1996
3 1552 1749 1928
1 1815
6 1845 1644 1503 1968 1768 1909
4 1878 1920 1744 1504
4 1787 1802 1904 1998
7 1614 1691 1624 1703 1697 1548 1545
3 1880 1775 1801
10 1831 1967 1822 1879 1656 1576 1847 1676 1919 1877
5 1787 1933 1992 1589 1636
2 1699 1554
5 1621 1919 1704 1589 1941
2 1761 1728
6 1856 1979 1772 1782 1806 1797
7 1647 1987 1648 1613 1705 1661 1659
3 1854 1909 1824
5 1840 1974 1893 1503 1702
4 1524 1684 1749 1856
5 1695 1591 1798 1916 1641
5 1698 1983 1908 1994 1618
3 1713 1907 1720
7 1903 1843 1661 1769 1574 1891 1755
3 1850 1746 1673
8 1660 1763 1801 1852 1502 1976 1762 1638
4 1782 1814 1504 1545
4 1527 1661 1827 1855
3 1506 1631 1637
2 1880 1669
5 1628 1797 1906 1617 1610
3 1603 1993 1888
5 1817 1981 1680 1867 1628
2 1899 1896
7 1726 1764 1616 1838 1645 1892 1883
3 1615 1885 1546
1 1824
4 1860 1571 1714 1500
6 1863 1859 1640 1786 1699 1695
2 1831 1710
3 1688 1831 1858
6 1886 1553 1815 1879 1539 1627
3 1801 1889 1816
3 1779 1822 1587
4 1878 1641 1541 1958
3 1808 1970 1541
1 1600
2 1897 1955
9 1871 1537 1779 1759 1993 1746 1957 1707 1569
4 1599 1762 1527 1836
3 1650 1790 1535
5 1729 1774 1942 1686 1511
4 1590 1875 1777 1721
4 1849 1643 1542 1790
4 1538 1965 1851 1968
4 1595 1800 1632 1899
5 1588 1609 1937 1666 1526
2 1876 1873
6 1763 1676 1746 1640 1679 1585
2 1561 1999
3 1693 1995 1623
3 1520 1784 1689
3 1719 1778 1775
7 1642 1999 1669 1868 1519 1979 1825
1 1784
5 1635 1523 1756 1959 1710
2 1566 1997
4 1582 1664 1875 1699
5 1799 1968 1746 1727 1684
2 1933 1728
5 1630 1775 1509 1614 1793
4 1502 1776 1611 1934
2 1669 1930
7 1738 1651 1834 1980 1735 1951 1794
2 1863 1535
3 1579 1743 1566
2 1520 1879
3 1578 1623 1830
6 1665 1608 1765 1614 1879 1536
6 1805 1940 1619 1976 1658 1813
3 1526 1512 1632
1 1896
6 1820 1695 1954 1798 1891 1940
2 1815 1732
3 1931 1818 1535
2 1838 1561
4 1654 1592 1675 1751
1 1751
3 1904 1724 1807
3 1793 1683 1672
8 1781 1696 1911 1706 1783 1965 1835 1673
3 1683 1884 1785
2 1537 1776
4 1901 1949 1665 1881
5 1862 1683 1959 1617 1685
4 1662 1918 1776 1628
1 1769
2 1612 1907
7 1594 1780 1543 1529 1559 1593 1886
4 1766 1542 1789 1996
4 1534 1885 1990 1858
3 1902 1669 1884
1 1758
6 1581 1997 1631 1711 1839 1574
7 1712 1624 1986 1719 1764 1521 1813
3 1778 1651 1878
3 1774 1897 1659
7 1706 1934 1825 1805 1917 1810 1847
4 1547 1907 1693 1766
3 1678 1946 1860
6 1613 1788 1985 1525 1521 1888
3 1952 1989 1595
4 1609 1692 1893 1557
6 1839 1949 1580 1734 1945 1726
9 2001 2002 2011 2044 2173 2060 2414 2027 2477
10 2000 2003 2004 2018 2050 2100 2181 2318 2263 2115
4 2000 2005 2413 2159
5 2001 2010 2307 2392 2295
11 2001 2006 2016 2035 2058 2077 2083 2177 2377 2298 2425
12 2002 2008 2014 2028 2074 2122 2186 2256 2108 2068 2398 2344
8 2004 2007 2013 2026 2094 2234 2147 2034
9 2006 2009 2108 2117 2338 2496 2490 2379 2088
6 2005 2017 2073 2174 2073 2018
14 2007 2022 2037 2099 2124 2127 2196 2230 2360 2386 2416 2106 2459 2241
4 2003 2031 2034 2104
8 2000 2012 2015 2030 2049 2344 2406 2159
10 2011 2063 2071 2082 2317 2091 2238 2409 2017 2368
5 2006 2079 2094 2183 2319
6 2005 2020 2070 2237 2491 2066
9 2011 2019 2025 2055 2432 2372 2430 2033 2120
7 2004 2040 2075 2115 2437 2139 2441
8 2008 2021 2023 2029 2033 2019 2012 2037
11 2001 2027 2039 2074 2047 2330 2370 2085 2098 2008 2036
7 2015 2065 2214 2266 2401 2017 2340
6 2014 2056 2235 2407 2285 2283
6 2017 2260 2397 2449 2049 2369
7 2009 2024 2076 2326 2365 2393 2477
7 2017 2042 2052 2208 2170 2052 2316
7 2022 2047 2062 2081 2129 2195 2226
11 2015 2078 2130 2267 2281 2492 2094 2055 2227 2345 2323
6 2006 2101 2143 2214 2293 2059
10 2018 2139 2258 2333 2374 2470 2044 2000 2462 2176
7 2005 2038 2096 2075 2427 2205 2173
5 2017 2032 2043 2055 2480
4 2011 2248 2368 2132
6 2010 2427 2046 2150 2133 2195
6 2029 2046 2093 2405 2418 2411
7 2017 2036 2090 2149 2496 2015 2196
10 2010 2041 2060 2120 2179 2378 2489 2419 2157 2006
5 2004 2200 2207 2225 2276
8 2033 2066 2302 2159 2332 2331 2292 2018
3 2009 2399 2017
3 2028 2126 2327
8 2018 2051 2054 2194 2199 2342 2350 2258
8 2016 2045 2150 2352 2226 2273 2353 2267
4 2034 2067 2069 2174
5 2023 2059 2144 2279 2064
7 2029 2285 2331 2268 2069 2175 2249
9 2000 2219 2441 2471 2247 2211 2170 2027 2438
6 2040 2137 2307 2399 2176 2125
12 2032 2048 2057 2095 2109 2145 2271 2369 2128 2058 2031 2331
6 2024 2114 2018 2467 2067 2317
2 2046 2133
8 2011 2053 2086 2134 2239 2420 2021 2233
5 2001 2394 2446 2130 2210
1 2039
7 2023 2061 2068 2023 2263 2207 2132
3 2049 2112 2268
9 2039 2165 2184 2067 2196 2407 2467 2322 2418
9 2015 2128 2212 2385 2231 2025 2029 2306 2073
5 2020 2183 2340 2440 2356
8 2046 2308 2332 2256 2191 2243 2297 2309
7 2004 2251 2046 2351 2140 2303 2254
7 2042 2105 2131 2205 2304 2267 2026
7 2034 2494 2092 2000 2377 2139 2207
3 2052 2162 2490
7 2024 2080 2088 2103 2355 2362 2290
5 2012 2064 2136 2204 2375
3 2063 2343 2042
5 2019 2168 2206 2260 2436
7 2036 2072 2289 2474 2014 2309 2332
11 2041 2089 2121 2201 2277 2461 2054 2460 2105 2047 2315
4 2052 2257 2241 2005
6 2041 2290 2478 2279 2246 2043
7 2014 2188 2440 2464 2471 2242 2328
5 2012 2110 2454 2096 2097
7 2066 2175 2356 2462 2482 2373 2376
6 2008 2084 2393 2114 2008 2055
8 2005 2324 2482 2499 2091 2018 2495 2271
6 2016 2092 2276 2336 2028 2387
11 2022 2182 2207 2229 2262 2441 2143 2080 2338 2254 2274
7 2004 2097 2180 2436 2140 2337 2358
7 2025 2119 2266 2454 2256 2213 2420
4 2013 2090 2330 2321
6 2062 2154 2185 2415 2487 2076
4 2024 2107 2193 2280
5 2012 2085 2160 2344 2131
7 2004 2102 2156 2216 2098 2367 2444
3 2073 2087 2431
6 2082 2240 2216 2018 2326 2237
4 2049 2149 2319 2296
6 2084 2367 2467 2125 2144 2312
4 2062 2339 2243 2007
7 2067 2091 2241 2426 2154 2465 2413
7 2079 2116 2153 2033 2287 2227 2103
10 2089 2098 2140 2198 2012 2074 2213 2360 2135 2201
8 2075 2169 2398 2060 2413 2319 2248 2353
4 2032 2123 2202 2200
7 2006 2495 2013 2436 2025 2458 2129
6 2046 2111 2157 2400 2199 2115
4 2028 2166 2398 2071
7 2077 2234 2313 2149 2174 2338 2071
6 2091 2132 2083 2146 2128 2018
4 2009 2148 2169 2266
3 2001 2297 2228
6 2026 2115 2172 2293 2401 2418
8 2083 2106 2147 2210 2328 2370 2164 2312
8 2062 2469 2343 2458 2491 2327 2398 2090
3 2010 2349 2387
8 2059 2113 2118 2158 2462 2067 2277 2348
8 2102 2125 2138 2245 2422 2434 2009 2174
6 2081 2346 2356 2313 2456 2295
5 2007 2348 2005 2339 2413
2 2046 2142
3 2071 2159 2268
6 2095 2244 2301 2418 2486 2220
3 2053 2179 2315
5 2105 2152 2265 2272 2380
3 2047 2171 2073
6 2101 2170 2435 2016 2095 2001
2 2090 2450
3 2007 2141 2197
6 2105 2390 2313 2305 2351 2485
5 2078 2327 2362 2272 2473
5 2034 2423 2355 2015 2358
5 2067 2252 2190 2374 2338
3 2005 2211 2303
4 2093 2218 2452 2383
6 2009 2220 2301 2334 2317 2359
5 2106 2449 2451 2087 2045
4 2038 2300 2408 2454
1 2009
4 2055 2046 2098 2372
5 2024 2148 2391 2142 2094
5 2025 2190 2366 2404 2050
4 2059 2429 2439 2082
7 2098 2178 2352 2162 2315 2030 2052
3 2048 2031 2400
4 2049 2135 2284 2242
3 2134 2328 2091
6 2063 2151 2303 2315 2410 2199
2 2045 2210
6 2106 2373 2381 2473 2163 2171
5 2027 2164 2016 2060 2439
8 2091 2146 2155 2167 2077 2440 2058 2143
6 2117 2189 2425 2272 2393 2397
4 2109 2191 2280 2129
5 2026 2434 2076 2398 2140
5 2042 2163 2353 2087 2443
6 2046 2211 2369 2312 2293 2371
7 2140 2192 2193 2209 2236 2098 2248
8 2102 2224 2233 2337 2320 2218 2446 2006
5 2129 2274 2099 2150 2331
7 2086 2203 2387 2097 2033 2199 2336
5 2040 2313 2031 2148 2239
1 2136
4 2113 2176 2227 2169
6 2090 2393 2259 2266 2291 2356
7 2080 2255 2422 2486 2089 2405 2243
7 2140 2161 2210 2452 2347 2372 2349
5 2083 2259 2318 2341 2410
7 2095 2158 2034 2384 2489 2255 2463
5 2105 2472 2157 2268 2233
8 2110 2456 2002 2011 2327 2036 2170 2313
3 2082 2368 2280
5 2155 2395 2347 2363 2347
6 2061 2488 2496 2132 2449 2320
5 2144 2261 2391 2395 2138
4 2139 2228 2314 2102
7 2054 2305 2230 2354 2188 2281 2394
5 2096 2352 2451 2284 2284
5 2140 2253 2263 2397 2253
4 2065 2458 2269 2463
7 2092 2345 2152 2099 2409 2340 2375
8 2115 2411 2023 2174 2044 2159 2198 2183
4 2114 2289 2458 2138
4 2101 2278 2346 2403
5 2000 2426 2192 2276 2028
6 2008 2437 2170 2097 2106 2041
5 2072 2339 2278 2273 2043
6 2152 2187 2222 2315 2045 2027
2 2004 2417
4 2132 2312 2334 2393
7 2034 2223 2320 2286 2281 2245 2112
3 2077 2419 2215
6 2001 2420 2319 2407 2196 2326
2 2076 2315
5 2056 2013 2420 2170 2352
4 2054 2384 2476 2430
3 2080 2215 2324
2 2005 2467
6 2176 2213 2231 2311 2295 2273
3 2070 2165 2360
3 2141 2461 2228
2 2130 2121
5 2142 2252 2329 2332 2057
4 2146 2361 2173 2336
2 2146 2081
7 2039 2391 2422 2281 2459 2419 2349
7 2024 2257 2443 2364 2207 2229 2031
9 2009 2362 2054 2033 2284 2181 2394 2488 2495
4 2117 2239 2250 2389
7 2091 2379 2430 2251 2264 2235 2170
8 2039 2236 2095 2149 2361 2136 2458 2250
5 2035 2218 2093 2236 2294
9 2067 2268 2275 2413 2438 2313 2211 2302 2091
5 2093 2217 2295 2376 2370
2 2149 2225
4 2063 2283 2286 2243
3 2059 2302 2028
4 2065 2232 2433 2432
6 2076 2218 2052 2035 2195 2060
1 2023
5 2146 2225 2243 2391 2232
4 2102 2155 2137 2050
12 2145 2221 2309 2492 2486 2201 2268 2212 2416 2044 2122 2385
3 2055 2211 2412
4 2187 2451 2091 2078
2 2019 2026
2 2185 2180
3 2083 2310 2085
5 2202 2254 2476 2282 2309
7 2123 2455 2207 2388 2147 2200 2354
1 2044
5 2124 2304 2479 2302 2111
4 2211 2273 2359 2312
8 2176 2247 2249 2288 2401 2479 2279 2445
3 2179 2499 2244
3 2147 2443 2376
7 2209 2242 2325 2203 2343 2371 2035
5 2024 2322 2381 2040 2366
4 2152 2259 2025 2090
8 2164 2269 2492 2358 2100 2189 2350 2397
3 2076 2459 2195
6 2009 2342 2165 2361 2419 2494
5 2187 2055 2330 2424 2272
8 2206 2302 2451 2209 2249 2260 2240 2472
6 2147 2423 2494 2158 2440 2049
5 2097 2403 2443 2006 2267
5 2020 2238 2456 2198 2430
6 2199 2146 2401 2433 2272 2200
4 2014 2424 2305 2085
7 2235 2246 2375 2012 2290 2240 2264
4 2197 2455 2049 2150
5 2085 2364 2238 2232 2293
6 2089 2343 2068 2462 2322 2009
5 2225 2070 2408 2322 2134
7 2209 2280 2337 2057 2088 2204 2154
3 2111 2399 2223
3 2106 2469 2179
6 2238 2291 2069 2498 2492 2399
6 2222 2354 2044 2463 2472 2290
4 2030 2396 2146 2092
6 2222 2294 2232 2428 2336 2043
5 2197 2412 2315 2199 2334
5 2058 2198 2475 2330 2394
3 2191 2121 2254
3 2167 2167 2428
7 2217 2437 2266 2252 2449 2076 2058
4 2154 2278 2433 2157
7 2005 2287 2402 2424 2057 2078 2364
3 2195 2264 2068
3 2027 2270 2039
3 2156 2153 2227
4 2021 2392 2065 2232
3 2163 2499 2313
2 2076 2463
3 2167 2052 2001
5 2257 2198 2353 2346 2238
2 2113 2275
7 2078 2444 2019 2254 2153 2392 2099
5 2025 2351 2059 2040 2234
9 2201 2299 2476 2274 2043 2211 2110 2158 2053
5 2228 2364 2168 2294 2374
3 2258 2322 2409
4 2046 2409 2074 2492
8 2113 2398 2491 2141 2236 2231 2119 2469
6 2221 2320 2040 2175 2187 2494
6 2148 2268 2442 2284 2478 2076
3 2201 2347 2265
6 2075 2173 2324 2393 2035 2329
4 2067 2460 2466 2105
3 2172 2255 2175
5 2042 2350 2069 2222 2474
6 2243 2282 2353 2142 2081 2160
6 2025 2194 2431 2165 2179 2495
2 2280 2217
2 2204 2020
6 2134 2433 2274 2166 2166 2196
4 2043 2490 2020 2419
5 2204 2292 2179 2318 2360
4 2256 2298 2404 2090
3 2222 2314 2401
5 2066 2485 2171 2371 2331
6 2069 2310 2238 2403 2247 2062
3 2246 2315 2153
6 2286 2296 2304 2373 2310 2036
7 2101 2453 2403 2145 2364 2240 2026
5 2249 2306 2269 2309 2200
8 2202 2341 2350 2388 2315 2003 2187 2107
5 2292 2383 2408 2086 2379
4 2100 2465 2462 2057
3 2287 2362 2004
3 2268 2480 2335
1 2126
3 2124 2111 2394
7 2036 2232 2205 2220 2201 2378 2427
4 2136 2322 2058 2122
9 2220 2316 2292 2358 2059 2446 2478 2336 2409
7 2165 2397 2118 2456 2237 2394 2383
3 2294 2055 2326
2 2045 2003
2 2057 2429
9 2211 2457 2433 2478 2294 2356 2217 2057 2066
3 2216 2290 2292
4 2187 2376 2451 2434
7 2178 2145 2452 2455 2221 2102 2087
11 2097 2446 2390 2118 2201 2150 2486 2107 2456 2261 2159
3 2164 2288 2329
11 2176 2321 2136 2250 2409 2291 2182 2132 2295 2067 2112
3 2304 2372 2023
5 2012 2335 2321 2124 2047
4 2156 2355 2001 2286
5 2086 2323 2181 2092 2013
8 2179 2421 2428 2448 2147 2407 2273 2162
3 2315 2317 2079
7 2226 2391 2270 2303 2241 2242 2054
5 2319 2373 2490 2453 2025
3 2074 2185 2276
2 2225 2386
6 2022 2457 2412 2085 2181 2306
5 2119 2103 2159 2038 2334
4 2102 2448 2070 2135
4 2191 2350 2314 2276
5 2079 2231 2018 2338 2251
5 2043 2036 2289 2046 2148
6 2057 2388 2191 2464 2036 2066
2 2027 2470
6 2124 2463 2178 2327 2341 2250
4 2317 2376 2483 2299
6 2075 2439 2249 2149 2304 2192
6 2147 2383 2446 2243 2381 2077
8 2007 2380 2354 2330 2076 2121 2479 2097
6 2175 2363 2382 2088 2108 2379
3 2056 2169 2019
4 2156 2295 2462 2334
4 2230 2359 2039 2491
5 2241 2103 2225 2414 2064
5 2011 2082 2472 2375 2005
3 2169 2025 2395
3 2107 2264 2172
6 2275 2445 2161 2155 2161 2481
2 2108 2105
4 2104 2194 2489 2155
8 2279 2418 2467 2295 2329 2416 2039 2228
5 2267 2449 2118 2058 2434
7 2132 2473 2040 2166 2370 2418 2183
6 2280 2264 2144 2428 2040 2092
4 2247 2165 2338 2218
6 2318 2357 2062 2416 2120 2472
7 2072 2371 2457 2107 2309 2056 2153
3 2355 2358 2470
6 2357 2304 2228 2469 2120 2077
3 2342 2221 2124
6 2009 2402 2411 2091 2286 2188
6 2192 2474 2230 2403 2439 2199
5 2298 2196 2119 2062 2481
4 2339 2393 2161 2392
9 2269 2405 2240 2459 2407 2393 2293 2195 2256
4 2022 2442 2388 2418
2 2130 2226
3 2087 2083 2468
4 2030 2493 2160 2012
4 2145 2046 2453 2021
4 2102 2352 2202 2018
4 2356 2289 2225 2145
6 2316 2015 2405 2155 2128 2399
6 2138 2442 2393 2292 2323 2072
3 2027 2121 2269
6 2238 2063 2447 2169 2431 2344
5 2335 2311 2202 2224 2072
3 2004 2060 2414
4 2034 2477 2476 2302
4 2198 2339 2007 2296
4 2338 2113 2480 2475
4 2138 2414 2226 2337
2 2339 2485
4 2337 2296 2305 2123
3 2184 2157 2439
3 2055 2211 2472
4 2009 2391 2325 2419
3 2149 2104 2075
4 2332 2218 2295 2365
2 2197 2392
2 2118 2313
7 2194 2163 2209 2322 2129 2386 2460
5 2260 2003 2266 2363 2389
9 2363 2022 2364 2373 2153 2073 2178 2141 2276
7 2050 2481 2305 2196 2301 2165 2251
3 2161 2163 2345
2 2248 2423
5 2305 2021 2167 2141 2228
6 2272 2096 2092 2103 2143 2005
5 2045 2244 2037 2372 2246
3 2095 2442 2133
6 2101 2236 2019 2222 2288 2435
3 2256 2360 2415
7 2234 2293 2361 2440 2290 2457 2172
2 2287 2130
4 2364 2372 2154 2032
3 2011 2467 2420
5 2020 2364 2320 2181 2054
5 2126 2242 2296 2491 2474
7 2271 2468 2315 2169 2012 2270 2304
3 2156 2416 2136
4 2170 2360 2495 2032
3 2250 2326 2212
5 2201 2002 2092 2089 2108
4 2381 2343 2000 2377
4 2080 2426 2402 2427
6 2009 2211 2410 2355 2350 2489
2 2177 2431
7 2350 2101 2365 2111 2352 2032 2054
6 2180 2285 2034 2194 2230 2386
7 2181 2478 2480 2049 2183 2078 2406
1 2320
3 2154 2194 2106
3 2120 2233 2396
3 2256 2237 2231
2 2141 2004
3 2415 2089 2173
5 2031 2028 2457 2415 2302
4 2320 2353 2249 2253
3 2131 2497 2308
4 2198 2015 2184 2235
5 2417 2281 2084 2473 2375
3 2015 2489 2206
5 2284 2309 2236 2206 2255
4 2143 2311 2106 2351
2 2115 2401
4 2077 2094 2065 2491
3 2174 2254 2016
2 2201 2044
5 2336 2361 2384 2131 2139
6 2070 2140 2458 2403 2056 2233
4 2044 2470 2076 2016
4 2373 2274 2400 2365
4 2195 2224 2234 2144
2 2266 2083
3 2347 2222 2447
6 2313 2447 2337 2050 2304 2147
3 2446 2375 2445
2 2320 2328
5 2351 2021 2125 2254 2162
3 2116 2498 2498
5 2213 2232 2311 2125 2166
3 2123 2155 2312
3 2293 2369 2323
4 2078 2126 2469 2071
3 2218 2239 2312
5 2159 2235 2107 2313 2305
5 2309 2326 2356 2403 2427
6 2168 2103 2171 2440 2094 2199
4 2229 2364 2194 2009
4 2277 2475 2067 2391
2 2067 2189
6 2105 2072 2241 2297 2027 2341
5 2334 2247 2262 2168 2157
3 2070 2332 2470
4 2297 2477 2480 2089
1 2277
6 2350 2087 2047 2186 2406 2054
2 2409 2367
6 2103 2486 2245 2454 2358 2272
6 2441 2027 2357 2482 2333 2464
2 2070 2044
7 2158 2344 2247 2498 2355 2385 2232
4 2352 2138 2431 2119
5 2361 2488 2066 2279 2408
3 2460 2380 2251
4 2268 2184 2378 2217
5 2465 2484 2378 2022 2000
5 2069 2420 2309 2304 2274
3 2220 2222 2338
5 2465 2380 2299 2420 2029
3 2394 2362 2347
3 2074 2072 2470
1 2335
1 2477
4 2289 2492 2118 2382
5 2469 2211 2313 2154 2111
1 2080
3 2162 2474 2196
5 2034 2157 2349 2432 2416
4 2285 2007 2061 2323
6 2272 2103 2014 2342 2408 2436
6 2485 2211 2025 2228 2246 2271
1 2368
4 2060 2233 2273 2230
5 2094 2281 2074 2411 2196
3 2162 2007 2033
1 2429
4 2450 2450 2472 2246
3 2074 2261 2223
7 2501 2506 2511 2537 2538 2568 2758
9 2500 2502 2503 2515 2527 2534 2700 2578 2569
10 2501 2505 2508 2513 2558 2925 2998 2523 2997 2668
9 2501 2504 2510 2516 2529 2610 2687 2724 2545
5 2503 2518 2528 2735 2965
12 2502 2507 2509 2514 2520 2523 2536 2540 2590 2602 2886 2543
8 2500 2581 2591 2605 2746 2690 2573 2591
4 2505 2525 2890 2560
7 2502 2517 2546 2657 2708 2932 2745
7 2505 2512 2548 2614 2896 2987 2821
10 2503 2533 2703 2841 2775 2636 2900 2657 2614 2936
12 2500 2521 2539 2555 2560 2564 2702 2831 2845 2974 2801 2985
4 2509 2573 2917 2954
9 2502 2519 2547 2603 2641 2905 2997 2798 2645
13 2505 2524 2583 2613 2625 2881 2546 2531 2598 2632 2890 2648 2578
5 2501 2554 2571 2659 2550
5 2503 2762 2906 2891 2590
6 2508 2522 2550 2905 2930 2640
7 2504 2526 2542 2638 2735 2963 2593
3 2513 2584 2666
8 2505 2588 2608 2777 2948 2869 2726 2547
7 2511 2721 2894 2921 2720 2993 2797
7 2517 2587 2607 2678 2533 2660 2996
4 2505 2734 2802 2502
8 2514 2532 2570 2582 2874 2648 2635 2941
6 2507 2530 2623 2632 2717 2586
8 2518 2543 2553 2579 2595 2772 2828 2670
8 2501 2531 2797 2639 2877 2853 2725 2617
13 2504 2552 2577 2629 2662 2769 2963 2991 2759 2679 2940 2751 2908
2 2503 2797
7 2525 2544 2569 2616 2803 2820 2785
4 2527 2535 2562 2514
7 2524 2597 2656 2798 2844 2824 2961
9 2510 2551 2729 2812 2977 2522 2586 2944 2759
8 2501 2649 2661 2781 2996 2550 2925 2790
4 2531 2580 2750 2958
4 2505 2594 2759 2880
4 2500 2541 2643 2548
5 2500 2559 2565 2698 2930
10 2511 2556 2563 2820 2763 2969 2557 2889 2907 2626
4 2505 2549 2671 2566
8 2537 2621 2627 2739 2767 2816 2943 2735
6 2518 2598 2975 2667 2959 2556
7 2526 2666 2674 2846 2803 2601 2505
8 2530 2545 2557 2566 2815 2981 2787 2573
8 2544 2561 2646 2503 2964 2990 2662 2704
8 2508 2574 2593 2514 2953 2621 2979 2887
7 2513 2754 2961 2867 2678 2704 2520
5 2509 2891 2803 2537 2846
7 2540 2651 2685 2900 2819 2694 2926
5 2517 2534 2871 2515 2913
5 2533 2635 2654 2750 2919
3 2528 2583 2879
4 2526 2567 2622 2844
4 2515 2592 2589 2987
8 2511 2596 2644 2682 2728 2821 2600 2732
9 2539 2618 2637 2668 2696 2773 2738 2791 2542
8 2544 2824 2945 2539 2889 2620 2662 2933
9 2502 2601 2628 2631 2677 2787 2910 2656 2576
8 2538 2578 2893 2952 2919 2752 2633 2958
8 2511 2585 2633 2917 2740 2968 2507 2614
8 2545 2720 2732 2891 2918 2573 2767 2578
9 2531 2611 2805 2916 2619 2628 2807 2850 2848
8 2539 2586 2691 2692 2741 2971 2660 2575
4 2511 2576 2897 2607
5 2538 2612 2613 2928 2755
5 2544 2540 2890 2720 2608
8 2553 2572 2835 2866 2972 2995 2739 2808
6 2500 2606 2982 2659 2876 2740
7 2530 2575 2653 2854 2766 2639 2501
4 2524 2783 2602 2765
7 2515 2660 2686 2949 2927 2918 2931
3 2567 2852 2721
5 2512 2544 2506 2561 2611
7 2546 2620 2921 2663 2933 2685 2905
12 2569 2619 2669 2731 2825 2875 2909 2938 2996 2893 2623 2563
4 2564 2558 2633 2596
4 2528 2827 2882 2986
8 2559 2599 2738 2890 2501 2667 2514 2561
4 2526 2924 2611 2865
3 2535 2937 2627
2 2506 2603
8 2524 2592 2881 2891 2680 2830 2955 2922
10 2514 2630 2693 2913 2647 2632 2682 2552 2861 2606
4 2519 2822 2861 2957
6 2560 2589 2655 2879 2778 2814
7 2563 2625 2533 2672 2525 2757 2927
5 2522 2667 2868 2961 2688
3 2520 2675 2633
5 2585 2780 2886 2712 2554
3 2505 2516 2781
9 2506 2652 2730 2818 2713 2506 2695 2633 2630
7 2582 2617 2554 2951 2709 2645 2792
5 2546 2885 2821 2701 2518
6 2536 2604 2901 2602 2725 2828
6 2526 2624 2648 2926 2941 2722
8 2555 2636 2813 2843 2925 2938 2714 2576
3 2532 2600 2984
3 2542 2866 2514
5 2578 2647 2966 2984 2892
5 2597 2609 2711 2973 2555
4 2558 2673 2543 2634
8 2505 2570 2594 2804 2712 2767 2705 2750
5 2513 2753 2738 2754 2581
7 2594 2727 2782 2828 2933 2865 2944
7 2506 2634 2679 2902 2808 2672 2938
5 2568 2701 2766 2655 2583
6 2522 2665 2789 2564 2677 2940
5 2520 2709 2865 2798 2566
7 2600 2689 2973 2763 2647 2838 2996
3 2503 2872 2807
6 2562 2642 2694 2579 2770 2573
2 2565 2958
4 2514 2969 2757 2565
7 2509 2615 2626 2737 2510 2560 2846
5 2614 2718 2790 2783 2819
6 2530 2645 2747 2870 2657 2708
6 2592 2650 2664 2741 2820 2527
5 2556 2685 2748 2846 2821
3 2575 2663 2562
10 2574 2639 2704 2626 2807 2557 2880 2652 2816 2976
5 2541 2684 2892 2546 2939
7 2553 2712 2736 2785 2707 2843 2994
3 2525 2813 2575
2 2595 2640
5 2586 2681 2514 2838 2908
5 2614 2719 2620 2993 2539
3 2541 2580 2689
4 2558 2562 2705 2768
5 2528 2707 2965 2782 2758
4 2583 2709 2654 2591
3 2558 2851 2805
4 2525 2821 2583 2514
11 2560 2680 2869 2899 2758 2857 2588 2576 2591 2559 2740
6 2605 2653 2700 2601 2999 2948
4 2551 2710 2524 2764
5 2596 2793 2510 2711 2900
4 2556 2739 2989 2788
3 2518 2765 2850
7 2620 2968 2527 2887 2672 2569 2921
3 2624 2725 2517
5 2513 2676 2796 2823 2752
8 2611 2722 2972 2985 2891 2761 2837 2950
2 2537 2927
7 2555 2690 2993 2909 2921 2962 2665
9 2616 2658 2877 2676 2697 2664 2592 2513 2706
5 2545 2699 2743 2884 2921
9 2599 2675 2819 2873 2583 2957 2785 2609 2882
7 2595 2695 2934 2695 2524 2708 2514
5 2534 2745 2809 2842 2771
3 2617 2832 2838
5 2549 2683 2697 2763 2932
5 2591 2793 2943 2620 2751
5 2569 2634 2686 2911 2932
9 2551 2670 2915 2923 2909 2841 2758 2630 2702
7 2585 2864 2606 2752 2863 2818 2952
5 2532 2673 2867 2558 2821
5 2508 2953 2679 2616 2510
4 2645 2923 2696 2971
5 2515 2678 2876 2568 2831
8 2571 2563 2776 2808 2668 2794 2522 2723
4 2534 2923 2936 2877
8 2528 2895 2907 2986 2693 2557 2823 2545
6 2619 2672 2923 2574 2940 2731
3 2617 2791 2645
7 2607 2733 2946 2793 2946 2928 2644
3 2543 2519 2985
7 2587 2855 2962 2542 2578 2877 2923
4 2556 2660 2954 2502
2 2575 2929
4 2654 2761 2930 2526
6 2540 2737 2768 2784 2849 2768
4 2663 2586 2605 2639
5 2656 2943 2601 2841 2949
4 2543 2710 2820 2762
4 2647 2852 2588 2777
5 2641 2800 2908 2645 2719
4 2558 2725 2837 2607
6 2522 2715 2659 2796 2687 2547
4 2605 2657 2843 2528
9 2633 2740 2752 2792 2876 2921 2582 2892 2715
3 2625 2927 2810
7 2555 2960 2583 2989 2704 2710 2863
2 2651 2840
5 2621 2994 2714 2860 2882
6 2618 2797 2549 2853 2574 2858
7 2571 2688 2771 2999 2653 2736 2959
8 2503 2705 2726 2775 2778 2779 2743 2678
9 2686 2690 2811 2847 2920 2712 2587 2762 2814
6 2609 2756 2900 2697 2627 2843
6 2688 2799 2872 2910 2506 2644
5 2563 2744 2762 2773 2701
4 2563 2723 2887 2726
4 2583 2997 2662 2948
3 2611 2717 2549
6 2648 2648 2591 2753 2817 2808
6 2556 2706 2774 2730 2658 2862
5 2651 2749 2760 2689 2645
4 2538 2726 2899 2743
4 2646 2866 2792 2877
3 2501 2817 2634
5 2606 2983 2991 2593 2691
5 2511 2755 2724 2705 2654
4 2510 2995 2982 2851
5 2620 2714 2682 2547 2545
7 2687 2955 2702 2911 2628 2602 2816
3 2696 2932 2645
5 2629 2713 2918 2748 2622
5 2508 2616 2648 2989 2904
4 2608 2827 2630 2592
7 2635 2716 2850 2674 2682 2722 2851
3 2600 2636 2974
6 2622 2879 2958 2589 2602 2688
5 2707 2833 2591 2735 2971
3 2704 2684 2596
4 2678 2838 2961 2680
10 2710 2795 2942 2831 2978 2779 2867 2876 2807 2915
5 2525 2873 2853 2694 2929
5 2615 2764 2999 2743 2822
5 2626 2742 2937 2676 2807
6 2561 2521 2950 2751 2566 2974
4 2521 2839 2572 2910
5 2642 2978 2710 2895 2595
7 2692 2751 2944 2996 2786 2660 2739
3 2503 2702 2968
5 2677 2898 2594 2640 2527
7 2687 2942 2911 2955 2692 2698 2520
6 2604 2839 2862 2954 2930 2822
5 2555 2959 2978 2947 2953
2 2533 2911
3 2591 2696 2964
5 2575 2801 2810 2663 2986
6 2561 2555 2843 2855 2923 2821
3 2665 2878 2807
6 2523 2814 2863 2922 2831 2752
5 2504 2713 2518 2836 2541
5 2622 2784 2949 2686 2998
5 2671 2757 2614 2748 2998
4 2578 2776 2556 2603
4 2541 2637 2567 2723
7 2680 2806 2560 2792 2856 2568 2633
4 2617 2563 2877 2965
3 2719 2836 2933
11 2646 2944 2851 2687 2980 2841 2787 2718 2849 2866 2698
3 2691 2788 2947
4 2649 2947 2508 2837
2 2506 2789
3 2616 2871 2887
8 2618 2802 2856 2898 2707 2737 2869 2787
2 2697 2891
4 2535 2754 2551 2602
12 2723 2985 2783 2964 2845 2754 2720 2845 2528 2981 2891 2652
7 2680 2655 2641 2559 2905 2976 2734
7 2603 2890 2802 2844 2695 2974 2976
7 2547 2826 2750 2751 2757 2603 2952
7 2702 2919 2871 2847 2795 2565 2893
4 2689 2803 2937 2977
5 2737 2794 2613 2754 2586
6 2500 2791 2971 2633 2654 2629
4 2536 2928 2528 2533
2 2697 2883
3 2670 2989 2642
6 2516 2982 2691 2837 2688 2674
6 2651 2770 2539 2609 2790 2819
4 2718 2860 2865 2635
2 2638 2570
5 2606 2829 2847 2569 2892
5 2541 2805 2837 2602 2561
3 2671 2671 2628
7 2528 2804 2968 2987 2867 2892 2822
2 2763 2611
5 2686 2860 2649 2910 2863
5 2526 2807 2808 2933 2914
5 2556 2914 2796 2691 2943
3 2696 2883 2935
4 2687 2976 2886 2510
6 2738 2786 2912 2779 2850 2660
3 2520 2834 2675
2 2687 2585
4 2687 2927 2776 2716
5 2589 2861 2890 2916 2987
2 2534 2590
4 2604 2951 2864 2629
4 2570 2751 2615 2837
3 2671 2736 2936
5 2622 2647 2837 2972 2530
5 2776 2878 2814 2723 2956
5 2558 2903 2544 2743 2748
3 2744 2956 2637
4 2607 2940 2746 2872
6 2615 2865 2863 2763 2534 2984
4 2664 2758 2556 2908
6 2680 2740 2699 2876 2952 2592
4 2636 2936 2665 2652
4 2757 2896 2875 2660
2 2716 2755
6 2641 2851 2773 2678 2919 2932
6 2527 2685 2529 2803 2986 2521
5 2532 2967 2513 2850 2608
4 2690 2927 2926 2839
3 2676 2806 2961
4 2731 2857 2511 2941
6 2748 2991 2855 2753 2523 2975
7 2756 2857 2530 2797 2543 2548 2851
4 2769 2602 2933 2836
3 2562 2767 2631
5 2740 2800 2881 2885 2863
7 2772 2733 2620 2562 2719 2610 2716
8 2772 2987 2605 2986 2660 2873 2695 2567
3 2649 2988 2847
3 2731 2963 2681
2 2688 2964
1 2533
4 2596 2623 2831 2924
5 2734 2786 2585 2936 2688
2 2544 2846
5 2541 2880 2956 2705 2620
2 2700 2695
3 2591 2655 2835
4 2647 2549 2615 2763
4 2539 2674 2530 2617
8 2555 2830 2632 2593 2618 2509 2656 2732
4 2584 2727 2718 2769
2 2641 2662
2 2557 2532
5 2575 2927 2966 2933 2908
2 2754 2979
5 2577 2709 2989 2979 2990
5 2604 2965 2526 2594 2905
5 2766 2982 2936 2892 2910
7 2821 2840 2848 2854 2852 2582 2995
8 2511 2930 2659 2716 2813 2734 2885 2851
2 2650 2925
2 2713 2921
3 2777 2840 2988
3 2567 2853 2818
5 2742 2735 2843 2972 2804
7 2677 2762 2767 2785 2783 2642 2745
5 2715 2884 2650 2625 2609
4 2727 2721 2878 2799
6 2830 2858 2906 2834 2924 2683
7 2510 2889 2937 2993 2654 2743 2673
1 2649
8 2596 2980 2679 2732 2836 2622 2980 2689
4 2532 2990 2553 2753
4 2511 2751 2751 2853
7 2618 2979 2543 2815 2872 2548 2614
5 2766 2950 2688 2755 2809
2 2830 2562
2 2671 2743
8 2710 2932 2638 2776 2891 2562 2798 2962
8 2796 2743 2999 2631 2710 2803 2703 2831
6 2675 2944 2830 2857 2572 2966
6 2835 2925 2685 2717 2845 2527
4 2830 2888 2569 2998
5 2667 2998 2938 2802 2732
3 2748 2859 2740
4 2803 2852 2801 2633
3 2840 2985 2685
3 2856 2887 2936
3 2771 2684 2764
4 2780 2931 2584 2583
6 2727 2887 2904 2935 2696 2925
6 2734 2790 2655 2806 2771 2682
3 2655 2882 2782
6 2790 2892 2764 2604 2608 2579
5 2567 2997 2598 2699 2743
4 2656 2547 2716 2769
2 2587 2943
3 2633 2520 2748
2 2616 2929
3 2747 2550 2755
5 2690 2610 2912 2789 2846
5 2647 2941 2717 2899 2808
3 2524 2946 2875
3 2575 2794 2874
6 2680 2659 2792 2568 2716 2912
6 2645 2527 2699 2741 2667 2661
4 2733 2926 2786 2839
4 2585 2712 2552 2914
5 2816 2990 2980 2620 2536
3 2582 2806 2514
5 2864 2982 2577 2647 2684
4 2774 2912 2914 2760
2 2646 2838
3 2593 2806 2831
5 2589 2935 2968 2505 2775
7 2862 2692 2859 2747 2639 2921 2546
1 2854
4 2841 2557 2539 2974
8 2578 2996 2901 2507 2753 2780 2514 2566
10 2582 2561 2548 2642 2516 2749 2956 2915 2850 2751
8 2621 2971 2599 2865 2766 2680 2829 2769
6 2559 2920 2575 2964 2996 2755
2 2521 2943
3 2662 2913 2722
3 2794 2509 2976
1 2564
2 2725 2748
5 2633 2873 2940 2921 2698
5 2689 2970 2549 2510 2636
3 2594 2890 2979
1 2605
3 2787 2998 2969
4 2862 2910 2911 2708
6 2517 2513 2752 2828 2980 2574
2 2840 2516
3 2662 2959 2539
5 2676 2625 2825 2791 2528
5 2575 2939 2654 2981 2644
8 2690 2558 2930 2904 2771 2995 2829 2721
5 2729 2726 2705 2653 2904
4 2776 2872 2883 2876
3 2583 2550 2895
5 2773 2940 2879 2772 2883
5 2654 2891 2962 2950 2716
3 2562 2780 2941
2 2512 2560
3 2707 2561 2571
4 2755 2559 2796 2551
2 2893 2688
10 2574 2521 2680 2833 2992 2646 2887 2899 2644 2639
2 2734 2582
6 2663 2654 2661 2658 2667 2732
3 2579 2840 2813
7 2502 2596 2853 2534 2966 2832 2862
4 2878 2595 2799 2549
8 2779 2571 2799 2825 2681 2983 2643 2586
3 2759 2565 2665
3 2669 2717 2870
7 2831 2957 2727 2910 2538 2517 2670
2 2861 2571
6 2651 2508 2850 2706 2796 2653
7 2742 2772 2574 2825 2604 2804 2557
2 2648 2977
3 2886 2862 2774
7 2793 2661 2814 2829 2859 2784 2510
5 2841 2998 2756 2719 2580
4 2575 2855 2596 2605
2 2909 2621
6 2789 2914 2899 2663 2528 2607
5 2873 2595 2801 2916 2524
2 2726 2716
6 2673 2652 2773 2541 2868 2894
5 2852 2743 2723 2533 2604
1 2557
4 2874 2665 2665 2998
3 2745 2728 2744
4 2520 2970 2693 2634
3 2571 2736 2673
4 2847 2720 2642 2915
2 2782 2592
4 2559 2655 2754 2792
3 2657 2546 2728
3 2512 2727 2668
3 2705 2726 2582
5 2816 2973 2891 2786 2788
3 2930 2647 2584
4 2612 2712 2535 2559
5 2728 2996 2907 2542 2686
1 2682
5 2547 2800 2587 2715 2532
4 2667 2915 2644 2850
3 2528 2518 2810
6 2811 2751 2893 2545 2730 2990
5 2828 2992 2629 2504 2741
5 2599 2825 2971 2852 2925
1 2798
5 2769 2639 2886 2560 2724
4 2613 2539 2903 2974
2 2900 2948
7 2892 2966 2563 2758 2975 2713 2658
4 2642 2567 2785 2836
3 2600 2609 2956
6 2511 2969 2711 2720 2889 2753
3 2542 2971 2802
5 2775 2896 2620 2752 2753
3 2934 2533 2756
3 2728 2722 2716
5 2846 2827 2826 2901 2546
5 2843 2743 2880 2905 2843
3 2544 2909 2751
5 2762 2882 2829 2568 2703
3 2701 2990 2927
3 2599 2790 2597
5 2751 2642 2858 2511 2666
5 2662 2808 2797 2577 2731
5 2808 2769 2509 2554 2780
2 2809 2834
5 2761 2827 2682 2708 2637
6 2983 2844 2880 2827 2545 2964
3 2528 2802 2701
2 2965 2921
4 2841 2644 2521 2626
2 2684 2622
4 2703 2830 2910 2567
8 2575 2959 2534 2890 2723 2609 2893 2522
4 2866 2513 2693 2502
8 2937 2855 2502 2903 2736 2854 2946 2737
4 2718 2851 2686 2634
5 3001 3005 3068 3416 3030
12 3000 3002 3003 3016 3018 3035 3071 3084 3250 3311 3232 3471
15 3001 3007 3008 3009 3017 3041 3067 3087 3107 3116 3129 3388 3243 3161 3306
11 3001 3004 3006 3011 3020 3024 3089 3277 3107 3422 3073
12 3003 3010 3014 3144 3202 3327 3461 3356 3113 3265 3133 3255
11 3000 3033 3042 3061 3157 3304 3319 3185 3087 3019 3346
6 3003 3013 3127 3052 3335 3161
4 3002 3036 3014 3088
6 3002 3012 3030 3210 3467 3215
8 3002 3015 3135 3459 3140 3137 3429 3311
3 3004 3380 3425
14 3003 3031 3038 3039 3058 3060 3081 3100 3227 3364 3174 3496 3090 3290
8 3008 3201 3242 3362 3212 3413 3303 3091
9 3006 3022 3023 3059 3065 3092 3400 3095 3037
10 3004 3025 3070 3086 3108 3365 3248 3208 3245 3007
7 3009 3142 3301 3456 3284 3101 3285
11 3001 3019 3021 3032 3054 3082 3148 3212 3476 3402 3090
4 3002 3083 3469 3365
8 3001 3028 3093 3104 3315 3347 3185 3332
5 3016 3044 3110 3184 3005
4 3003 3045 3491 3377
9 3016 3026 3055 3072 3109 3257 3231 3466 3238
10 3013 3185 3445 3452 3408 3499 3122 3236 3085 3188
6 3013 3027 3276 3251 3144 3471
9 3003 3085 3088 3099 3381 3479 3142 3428 3395
4 3014 3040 3121 3194
10 3021 3029 3043 3090 3130 3240 3103 3437 3150 3227
6 3023 3253 3490 3426 3439 3126
5 3018 3051 3251 3154 3286
9 3026 3037 3048 3152 3215 3318 3365 3121 3232
7 3008 3095 3218 3374 3314 3000 3065
7 3011 3120 3313 3431 3137 3498 3470
6 3016 3034 3320 3273 3228 3342
12 3005 3064 3172 3188 3247 3089 3381 3355 3221 3060 3314 3336
7 3032 3178 3303 3357 3236 3453 3171
7 3001 3306 3153 3402 3101 3268 3199
2 3007 3060
6 3029 3046 3122 3397 3183 3013
7 3011 3077 3080 3101 3233 3490 3183
6 3011 3052 3437 3275 3188 3086
4 3025 3191 3207 3402
7 3002 3158 3180 3429 3275 3171 3372
5 3005 3050 3228 3461 3280
10 3026 3284 3307 3346 3286 3227 3063 3068 3384 3405
3 3019 3189 3208
5 3020 3166 3330 3393 3202
7 3037 3047 3078 3131 3098 3147 3102
5 3046 3062 3356 3430 3155
5 3029 3049 3320 3201 3307
5 3048 3160 3320 3205 3451
9 3042 3069 3079 3126 3268 3423 3058 3163 3116
9 3028 3053 3057 3075 3190 3126 3317 3466 3310
6 3039 3256 3346 3006 3199 3364
8 3051 3182 3199 3258 3415 3232 3087 3386
3 3016 3106 3109
8 3021 3056 3066 3096 3126 3098 3243 3417
8 3055 3113 3166 3373 3486 3445 3173 3066
3 3051 3118 3220
7 3011 3074 3217 3050 3486 3072 3128
4 3013 3103 3141 3164
10 3011 3105 3115 3198 3260 3471 3482 3494 3033 3036
7 3005 3073 3091 3487 3337 3460 3118
9 3047 3063 3076 3114 3273 3280 3357 3348 3283
8 3062 3380 3383 3329 3344 3236 3043 3273
5 3033 3351 3155 3293 3435
7 3013 3462 3301 3132 3400 3030 3156
8 3055 3204 3222 3433 3466 3473 3056 3445
2 3002 3310
7 3000 3098 3149 3231 3354 3043 3355
2 3050 3167
7 3014 3272 3294 3390 3124 3346 3309
6 3001 3409 3425 3191 3472 3224
7 3021 3123 3183 3401 3211 3191 3058
7 3061 3159 3460 3405 3146 3451 3003
6 3058 3119 3134 3303 3397 3347
5 3051 3173 3331 3424 3240
4 3062 3229 3167 3487
4 3038 3197 3290 3316
6 3046 3269 3493 3157 3487 3139
1 3050
8 3038 3097 3146 3263 3478 3478 3200 3140
3 3011 3363 3243
3 3016 3378 3087
5 3017 3092 3094 3459 3168
5 3001 3311 3443 3100 3129
7 3024 3128 3259 3497 3260 3370 3022
7 3014 3168 3213 3277 3347 3276 3039
9 3002 3223 3283 3282 3338 3053 3005 3082 3291
5 3024 3154 3162 3344 3007
7 3003 3112 3033 3112 3368 3435 3170
6 3026 3225 3429 3011 3016 3150
8 3061 3203 3205 3100 3164 3012 3460 3110
5 3083 3178 3492 3223 3013
4 3018 3110 3130 3337
3 3083 3111 3204
3 3030 3227 3013
6 3055 3384 3174 3300 3219 3197
4 3080 3406 3361 3319
10 3068 3102 3419 3489 3227 3046 3140 3055 3272 3348
7 3024 3174 3337 3200 3463 3323 3203
6 3011 3420 3084 3499 3091 3170
5 3038 3344 3015 3145 3035
5 3098 3137 3327 3279 3046
8 3059 3274 3026 3465 3458 3300 3141 3475
3 3018 3256 3195
8 3060 3261 3335 3402 3192 3119 3443 3158
10 3054 3124 3125 3132 3150 3175 3195 3112 3259 3478
8 3002 3221 3174 3003 3479 3250 3383 3224
5 3014 3145 3473 3299 3199
5 3021 3355 3435 3122 3054
7 3019 3117 3131 3214 3093 3091 3272
5 3094 3156 3156 3461 3210
8 3089 3163 3245 3253 3089 3106 3490 3234
3 3056 3004 3119
4 3062 3155 3369 3327
3 3060 3377 3173
5 3002 3293 3438 3050 3370
4 3110 3247 3354 3298
2 3057 3061
11 3074 3171 3400 3460 3324 3113 3210 3226 3242 3105 3379
5 3031 3161 3179 3391 3202
5 3025 3151 3252 3483 3029
7 3037 3385 3242 3109 3189 3022 3465
3 3072 3187 3369
7 3106 3136 3138 3140 3221 3070 3336
9 3106 3193 3278 3289 3424 3400 3139 3283 3325
9 3050 3133 3153 3196 3414 3051 3055 3027 3269
4 3006 3469 3212 3191
7 3085 3209 3306 3430 3154 3058 3491
4 3002 3165 3348 3084
3 3026 3093 3281
5 3110 3139 3237 3046 3181
5 3106 3368 3376 3192 3065
3 3126 3385 3004
3 3074 3453 3431
4 3009 3143 3448 3330
2 3124 3285
4 3102 3031 3009 3242
1 3124
5 3131 3246 3125 3195 3078
6 3124 3009 3098 3208 3432 3080
4 3059 3147 3474 3103
8 3015 3200 3230 3376 3291 3024 3430 3417
7 3135 3219 3328 3449 3388 3252 3446
3 3004 3023 3421
6 3108 3354 3403 3455 3101 3197
3 3080 3281 3073
2 3141 3046
4 3016 3490 3334 3225
5 3068 3264 3175 3337 3275
7 3106 3167 3499 3026 3404 3431 3090
3 3121 3320 3227
4 3029 3385 3199 3405
6 3126 3402 3035 3214 3394 3275
7 3088 3169 3238 3345 3028 3128 3392
8 3114 3192 3324 3370 3498 3064 3320 3047
7 3111 3255 3496 3457 3233 3111 3065
3 3005 3078 3353
7 3041 3216 3293 3362 3308 3105 3480
6 3073 3181 3359 3168 3299 3298
4 3049 3325 3193 3433
4 3120 3309 3002 3006
7 3088 3195 3237 3452 3191 3254 3435
2 3112 3050
4 3059 3310 3339 3091
5 3129 3457 3480 3167 3182
6 3056 3045 3492 3300 3399 3323
7 3150 3177 3416 3076 3440 3069 3165
9 3086 3170 3306 3159 3300 3083 3345 3291 3466
4 3154 3354 3417 3290
5 3168 3186 3420 3100 3089
8 3119 3239 3271 3349 3041 3478 3315 3034
5 3033 3176 3460 3218 3420
9 3075 3206 3308 3390 3202 3333 3433 3056 3115
8 3099 3280 3361 3011 3107 3490 3096 3236
4 3106 3325 3149 3381
6 3172 3184 3235 3326 3341 3216
3 3167 3400 3358
2 3092 3034
3 3120 3401 3194
4 3041 3241 3497 3265
4 3159 3379 3131 3427
2 3053 3165
7 3072 3198 3363 3386 3037 3038 3225
5 3176 3288 3421 3391 3019
6 3022 3262 3300 3018 3253 3005
2 3170 3270
1 3123
6 3033 3496 3411 3265 3039 3022
6 3044 3438 3480 3488 3479 3122
5 3051 3286 3375 3495 3414
9 3040 3497 3072 3162 3255 3364 3431 3071 3127
4 3155 3132 3416 3105
8 3125 3250 3411 3400 3160 3355 3292 3392
3 3025 3179 3335
7 3106 3162 3435 3139 3104 3236 3229
4 3126 3226 3232 3466
5 3077 3228 3258 3096 3145
5 3060 3209 3183 3384 3356
6 3053 3350 3152 3035 3052 3108
9 3142 3224 3254 3099 3443 3485 3080 3313 3379
4 3012 3314 3390 3048
7 3004 3446 3173 3045 3326 3120 3277
3 3091 3443 3099
5 3066 3246 3094 3422 3438
7 3091 3310 3322 3301 3049 3297 3334
6 3173 3211 3332 3441 3484 3390
3 3040 3343 3420
6 3044 3487 3283 3014 3290 3140
6 3128 3297 3485 3198 3221 3230
6 3008 3428 3119 3465 3390 3111
4 3206 3296 3072 3284
6 3016 3276 3287 3012 3127 3262
4 3086 3457 3246 3357
5 3110 3321 3153 3217 3274
7 3029 3249 3292 3301 3470 3246 3008
6 3158 3371 3452 3492 3353 3176
5 3058 3426 3432 3455 3214
4 3030 3234 3480 3172
6 3143 3295 3450 3306 3096 3480
1 3057
8 3124 3107 3432 3413 3033 3209 3418 3234
3 3066 3312 3451
4 3087 3236 3092 3262
6 3200 3229 3275 3391 3107 3071
4 3090 3453 3148 3183
8 3196 3265 3302 3340 3455 3410 3119 3356
7 3011 3043 3343 3098 3095 3151 3026
6 3197 3333 3436 3042 3296 3032
6 3224 3232 3384 3076 3272 3195
5 3142 3341 3239 3436 3209
6 3068 3289 3021 3362 3441 3492
8 3229 3389 3422 3001 3196 3264 3053 3029
4 3038 3474 3156 3470
6 3218 3298 3465 3350 3221 3112
4 3176 3389 3491 3251
7 3223 3063 3174 3294 3022 3195 3034
7 3131 3243 3162 3492 3407 3265 3248
4 3154 3265 3319 3021
4 3171 3307 3230 3387
3 3026 3075 3401
3 3180 3334 3420
7 3012 3244 3279 3475 3122 3137 3119
8 3237 3434 3427 3257 3002 3341 3055 3081
2 3242 3380
2 3112 3014
7 3204 3248 3213 3139 3215 3376 3341
3 3117 3033 3366
4 3246 3463 3014 3237
2 3215 3252
6 3193 3455 3001 3360 3107 3308
3 3028 3023 3235
6 3249 3121 3495 3143 3256 3465
4 3027 3185 3112 3489
2 3200 3162
6 3156 3267 3450 3191 3004 3306
4 3052 3104 3252 3262
3 3021 3243 3366
8 3053 3282 3372 3461 3325 3197 3312 3392
5 3085 3266 3378 3419 3106
6 3060 3385 3326 3495 3085 3384
4 3105 3357 3430 3327
7 3185 3468 3223 3318 3256 3389 3212
1 3080
7 3149 3299 3305 3417 3388 3232 3300
7 3226 3444 3238 3004 3237 3180 3188
6 3259 3319 3352 3360 3412 3406
5 3255 3492 3291 3451 3328
2 3050 3035
5 3078 3440 3481 3355 3126
4 3186 3329 3470 3440
2 3171 3291
6 3070 3479 3314 3229 3098 3110
6 3062 3398 3413 3288 3032 3063
4 3103 3437 3214 3405
7 3224 3348 3487 3041 3039 3153 3149
5 3212 3353 3366 3023 3086
5 3003 3316 3086 3453 3202
3 3125 3336 3467
3 3242 3329 3102
3 3174 3062 3042
2 3146 3130
4 3258 3358 3087 3402
7 3087 3323 3208 3493 3125 3345 3062
6 3043 3390 3466 3371 3211 3015
2 3136 3015
7 3190 3443 3479 3043 3452 3028 3427
3 3212 3330 3320
2 3184 3273
6 3125 3394 3231 3378 3308 3493
4 3077 3208 3011 3169
8 3271 3267 3142 3477 3168 3450 3357 3087
5 3215 3489 3322 3450 3193
6 3116 3386 3407 3158 3064 3311
4 3070 3317 3309 3236
3 3219 3387 3447
5 3211 3454 3228 3436 3387
3 3209 3393 3205
5 3234 3418 3159 3404 3117
7 3264 3449 3108 3159 3467 3453 3466
9 3185 3305 3345 3168 3336 3096 3264 3166 3103
5 3015 3442 3215 3205 3065
1 3226
4 3074 3367 3012 3034
3 3005 3399 3365
2 3264 3300
7 3035 3128 3168 3442 3219 3002 3255
5 3043 3423 3317 3239 3048
6 3173 3483 3289 3158 3467 3250
4 3161 3070 3294 3413
5 3205 3067 3164 3361 3051
4 3084 3001 3293 3009
4 3222 3330 3258 3320
2 3031 3200
5 3201 3030 3417 3272 3033
3 3018 3171 3390
5 3077 3338 3277 3385 3375
5 3294 3424 3307 3051 3371
2 3029 3262
9 3266 3337 3409 3340 3005 3238 3409 3097 3332
8 3151 3155 3032 3049 3408 3048 3312 3287
4 3214 3377 3396 3451
4 3205 3292 3407 3409
4 3283 3431 3099 3166
2 3155 3119
9 3160 3362 3451 3258 3433 3175 3125 3415 3389
4 3176 3202 3260 3471
6 3004 3102 3114 3458 3355 3261
3 3143 3344 3267
4 3270 3334 3063 3279
7 3312 3045 3287 3472 3451 3135 3451
1 3075
6 3206 3342 3333 3482 3018 3319
7 3228 3339 3382 3402 3332 3173 3491
4 3329 3148 3241 3205
3 3105 3194 3006
4 3278 3300 3124 3033
8 3319 3061 3099 3403 3414 3149 3093 3459
2 3316 3087
4 3333 3164 3404 3366
5 3226 3397 3319 3363 3425
6 3176 3404 3230 3243 3469 3246
2 3332 3032
5 3207 3490 3227 3383 3390
6 3101 3408 3088 3063 3349 3328
7 3154 3300 3480 3168 3283 3383 3457
5 3043 3439 3052 3070 3005
6 3018 3086 3434 3354 3074 3473
6 3275 3429 3471 3129 3062 3098
4 3171 3484 3344 3393
2 3199 3234
2 3064 3385
4 3266 3454 3423 3452
4 3276 3216 3398 3157
6 3145 3068 3347 3355 3169 3117
8 3109 3472 3033 3354 3193 3269 3327 3068
5 3047 3458 3004 3226 3198
6 3261 3062 3213 3291 3484 3034
2 3282 3177
1 3159
4 3266 3467 3250 3463
4 3174 3429 3310 3097
4 3325 3012 3158 3231
4 3081 3183 3340 3469
7 3011 3425 3464 3449 3191 3431 3052
7 3014 3395 3410 3029 3304 3486 3017
6 3276 3406 3247 3378 3257 3339
2 3303 3413
3 3132 3426 3089
4 3123 3114 3416 3371
3 3155 3116 3085
4 3216 3284 3317 3369
3 3258 3443 3041
2 3056 3400
2 3030 3456
2 3190 3316
3 3132 3142 3246
6 3321 3387 3413 3115 3482 3020
6 3259 3419 3082 3289 3413 3366
3 3181 3200 3119
3 3063 3010 3244
5 3024 3392 3033 3417 3175
2 3333 3477
4 3063 3107 3345 3343
5 3229 3096 3198 3260 3043
7 3152 3122 3260 3133 3316 3437 3351
3 3293 3183 3053
4 3377 3295 3296 3239
3 3002 3143 3264
4 3232 3235 3262 3325
8 3173 3070 3284 3201 3315 3206 3210 3343
3 3120 3224 3184
4 3381 3258 3193 3154
5 3297 3045 3415 3487 3349
4 3289 3153 3482 3497
3 3365 3407 3024
1 3321
3 3340 3037 3074
4 3273 3420 3445 3353
2 3304 3166
8 3119 3193 3495 3125 3373 3065 3013 3177
4 3179 3405 3072 3240
7 3153 3105 3333 3035 3040 3282 3016
4 3145 3448 3337 3453
6 3341 3430 3448 3150 3339 3298
5 3401 3073 3043 3152 3274
3 3366 3266 3097
4 3293 3395 3237 3322
4 3344 3320 3022 3427
4 3071 3319 3319 3322
3 3365 3490 3226
2 3193 3188
1 3266
7 3377 3273 3367 3012 3221 3378 3309
4 3126 3190 3337 3421
3 3053 3393 3325
4 3167 3000 3192 3369
7 3264 3426 3314 3169 3381 3055 3142
2 3298 3221
3 3098 3378 3259
6 3398 3100 3170 3207 3241 3172
4 3184 3458 3144 3414
3 3232 3003 3204
4 3050 3482 3307 3352
4 3075 3427 3125 3317
4 3364 3071 3010 3340
4 3217 3368 3417 3027
5 3424 3243 3286 3181 3408
2 3210 3024
5 3041 3361 3348 3090 3009
5 3047 3261 3128 3404 3142
6 3031 3323 3134 3191 3150 3364
3 3217 3221 3140
4 3066 3325 3173 3160
3 3243 3347 3455
6 3109 3195 3064 3089 3472 3162
4 3228 3484 3296 3230
4 3039 3026 3274 3385
3 3189 3116 3204
2 3346 3027
3 3269 3270 3167
4 3206 3469 3478 3231
2 3301 3306
6 3286 3372 3084 3203 3200 3105
1 3265
5 3398 3022 3056 3066 3453
3 3202 3447 3143
2 3446 3295
3 3135 3403 3404
3 3299 3143 3364
4 3255 3292 3219 3291
8 3325 3267 3222 3073 3330 3330 3321 3049
5 3216 3162 3286 3022 3352
8 3225 3467 3277 3134 3403 3299 3445 3034
2 3352 3296
5 3250 3145 3226 3434 3217
2 3374 3015
4 3213 3156 3165 3345
4 3421 3356 3103 3327
3 3083 3009 3337
5 3073 3172 3119 3061 3091
4 3258 3004 3042 3111
2 3065 3489
3 3248 3360 3099
1 3364
5 3234 3103 3210 3252 3122
8 3066 3284 3021 3051 3493 3168 3196 3299
6 3360 3453 3008 3299 3278 3308
1 3262
5 3441 3127 3017 3341 3363
4 3270 3215 3031 3233
7 3060 3481 3477 3348 3001 3023 3326
4 3355 3330 3071 3435
3 3108 3066 3347
2 3233 3141
2 3242 3103
1 3016
3 3382 3471 3291
5 3080 3441 3171 3080 3106
5 3286 3024 3272 3189 3107
6 3189 3218 3165 3345 3158 3219
2 3471 3269
5 3060 3423 3332 3394 3377
2 3308 3121
4 3436 3349 3206 3357
2 3209 3200
3 3056 3058 3365
6 3061 3208 3275 3393 3076 3078
1 3189
4 3292 3098 3253 3462
7 3148 3343 3027 3410 3038 3174 3112
4 3020 3235 3333 3128
6 3267 3092 3166 3216 3237 3231
4 3078 3283 3289 3466
1 3060
4 3190 3400 3252 3260
3 3156 3011 3188
4 3191 3085 3180 3394
2 3155 3031
3 3150 3100 3022
12 3501 3502 3503 3504 3512 3556 3735 3940 3627 3520 3559 3967
13 3500 3506 3511 3522 3535 3637 3731 3810 3827 3609 3581 3941 3604
8 3500 3505 3513 3532 3608 3592 3679 3683
11 3500 3509 3542 3562 3638 3687 3785 3790 3881 3682 3749
13 3500 3518 3529 3557 3560 3782 3963 3833 3851 3681 3877 3950 3990
8 3502 3507 3514 3561 3640 3992 3917 3582
11 3501 3508 3517 3520 3756 3849 3808 3890 3807 3791 3646
5 3505 3515 3523 3672 3707
6 3506 3530 3669 3830 3997 3935
5 3503 3510 3516 3651 3815
11 3509 3528 3531 3572 3591 3613 3858 3564 3644 3696 3922
6 3501 3553 3567 3581 3615 3904
4 3500 3519 3561 3614
5 3502 3540 3814 3694 3875
6 3505 3526 3536 3548 3663 3879
5 3507 3539 3544 3777 3580
5 3509 3566 3855 3582 3828
5 3506 3737 3986 3560 3543
7 3504 3534 3564 3630 3649 3596 3978
5 3512 3525 3604 3618 3640
8 3506 3521 3552 3696 3562 3645 3500 3649
8 3520 3537 3538 3576 3595 3786 3811 3561
10 3501 3568 3580 3621 3715 3621 3578 3978 3552 3958
8 3507 3524 3527 3689 3833 3653 3648 3614
5 3523 3550 3736 3959 3593
3 3519 3577 3588
12 3514 3533 3565 3569 3972 3983 3987 3621 3942 3829 3838 3828
5 3523 3716 3935 3970 3859
5 3510 3554 3549 3624 3614
6 3504 3688 3806 3794 3749 3820
6 3508 3570 3761 3914 3556 3951
9 3510 3559 3578 3582 3652 3783 3942 3745 3906
5 3502 3622 3775 3666 3765
4 3526 3551 3904 3708
7 3518 3541 3589 3632 3752 3723 3917
2 3501 3596
7 3514 3584 3627 3723 3700 3604 3573
4 3521 3675 3680 3797
8 3521 3549 3583 3615 3716 3687 3982 3584
9 3515 3575 3625 3635 3626 3873 3682 3903 3625
6 3513 3555 3563 3769 3824 3572
4 3534 3655 3686 3841
9 3503 3543 3700 3559 3733 3748 3666 3894 3696
10 3542 3545 3732 3747 3771 3517 3880 3770 3603 3970
8 3515 3546 3858 3924 3582 3985 3696 3859
6 3543 3748 3875 3926 3898 3685
8 3544 3547 3592 3755 3897 3932 3602 3574
5 3546 3750 3584 3745 3767
8 3514 3594 3610 3623 3636 3698 3881 3750
6 3538 3656 3787 3567 3528 3842
9 3524 3593 3634 3753 3564 3852 3693 3811 3973
8 3533 3781 3809 3846 3720 3720 3706 3693
6 3520 3847 3858 3522 3761 3989
4 3511 3726 3900 3638
12 3528 3573 3579 3598 3611 3876 3961 3681 3954 3798 3905 3839
6 3540 3558 3602 3767 3724 3905
11 3500 3597 3756 3772 3597 3990 3655 3923 3614 3530 3579
7 3504 3586 3925 3673 3655 3961 3795
3 3555 3626 3892
8 3531 3574 3624 3865 3922 3932 3542 3500
11 3504 3596 3763 3517 3959 3648 3636 3966 3587 3684 3992
6 3512 3590 3607 3505 3617 3521
5 3503 3667 3816 3750 3520
13 3540 3666 3682 3773 3890 3992 3833 3759 3638 3973 3857 3967 3778
8 3518 3571 3599 3702 3955 3550 3573 3510
11 3526 3658 3681 3856 3935 3794 3642 3632 3865 3598 3665
5 3516 3676 3941 3822 3995
5 3511 3549 3699 3705 3627
9 3522 3617 3724 3808 3929 3702 3638 3709 3971
3 3526 3892 3745
6 3530 3619 3795 3872 3670 3882
7 3564 3813 3795 3681 3745 3650 3883
4 3510 3653 3712 3540
10 3554 3585 3744 3851 3774 3564 3536 3637 3735 3693
7 3559 3968 3979 3959 3944 3718 3546
9 3539 3976 3692 3827 3961 3697 3663 3699 3687
7 3521 3616 3996 3824 3957 3977 3713
4 3525 3581 3704 3809
10 3531 3600 3648 3710 3730 3670 3661 3710 3873 3522
7 3554 3836 3893 3676 3702 3745 3556
3 3522 3515 3976
4 3577 3587 3511 3501
6 3531 3880 3544 3724 3516 3505
6 3538 3835 3704 3809 3658 3917
3 3536 3547 3538
4 3573 3631 3768 3806
5 3557 3863 3974 3993 3751
6 3581 3872 3716 3662 3694 3560
4 3525 3721 3988 3757
4 3534 3659 3769 3615
4 3561 3631 3596 3953
4 3510 3938 3742 3719
10 3546 3670 3696 3941 3502 3699 3812 3753 3831 3807
8 3550 3620 3762 3724 3774 3524 3892 3891
7 3548 3601 3662 3775 3629 3605 3735
7 3521 3640 3645 3749 3759 3705 3761
8 3560 3628 3826 3930 3518 3937 3590 3535
10 3556 3603 3609 3614 3708 3945 3815 3556 3598 3879
10 3554 3646 3653 3664 3692 3763 3865 3975 3597 3565
3 3564 3850 3972
2 3578 3876
9 3594 3606 3644 3693 3728 3751 3863 3841 3719
3 3555 3760 3546
4 3597 3642 3889 3543
6 3519 3605 3650 3536 3797 3501
5 3604 3712 3834 3594 3918
5 3601 3643 3740 3742 3885
7 3561 3934 3611 3761 3799 3773 3923
7 3502 3665 3699 3758 3788 3871 3646
4 3597 3612 3701 3501
5 3548 3746 3753 3990 3782
5 3554 3657 3607 3972 3792
7 3609 3884 3972 3936 3874 3726 3883
4 3510 3960 3996 3618
7 3597 3900 3920 3523 3512 3556 3528
7 3538 3914 3511 3908 3589 3740 3646
4 3576 3678 3718 3716
4 3568 3656 3561 3920
3 3519 3613 3728
3 3570 3836 3919
4 3593 3633 3778 3685
5 3522 3522 3526 3690 3773
4 3532 3668 3802 3983
4 3548 3629 3869 3703
5 3559 3754 3870 3528 3715
10 3539 3641 3647 3661 3734 3706 3878 3718 3696 3539
5 3558 3539 3816 3858 3714
8 3536 3819 3500 3847 3925 3643 3921 3567
4 3596 3639 3705 3836
3 3623 3594 3864
4 3518 3660 3781 3983
5 3585 3886 3787 3590 3945
7 3534 3697 3764 3921 3565 3655 3970
2 3620 3695
3 3550 3741 3942
4 3539 3650 3869 3977
7 3548 3706 3784 3793 3876 3560 3821
7 3501 3824 3915 3686 3782 3666 3573
5 3503 3563 3782 3568 3553
4 3628 3898 3810 3998
7 3595 3993 3695 3855 3505 3519 3856
4 3625 3774 3646 3832
4 3603 3565 3974 3872
7 3606 3818 3883 3627 3982 3741 3994
7 3601 3654 3856 3943 3648 3510 3989
3 3595 3978 3520
8 3598 3718 3641 3783 3608 3615 3918 3506
1 3625
6 3578 3684 3923 3560 3644 3523
4 3518 3860 3747 3520
9 3604 3695 3709 3770 3848 3837 3635 3666 3571
4 3509 3970 3862 3778
4 3531 3792 3686 3668
7 3598 3700 3523 3572 3747 3686 3985
7 3644 3677 3683 3859 3750 3675 3819
5 3541 3734 3556 3557 3632
7 3549 3801 3617 3708 3975 3768 3863
2 3611 3669
3 3565 3989 3583
2 3589 3941
5 3630 3936 3909 3767 3894
5 3625 3671 3801 3967 3578
3 3594 3717 3587
6 3514 3949 3988 3958 3575 3753
4 3598 3690 3829 3881
4 3608 3674 3885 3565
7 3563 3834 3532 3884 3542 3650 3637
3 3562 3743 3881
4 3622 3707 3827 3652
6 3508 3685 3808 3961 3684 3657
7 3592 3673 3899 3578 3965 3815 3570
3 3661 3686 3771
6 3507 3796 3798 3716 3718 3869
4 3670 3832 3557 3918
3 3665 3679 3927
6 3537 3776 3800 3906 3719 3654
4 3566 3912 3883 3579
4 3654 3703 3958 3832
8 3616 3729 3739 3842 3887 3770 3948 3966
3 3674 3502 3864
7 3537 3694 3751 3966 3763 3835 3697
5 3565 3908 3554 3504 3571
7 3563 3691 3807 3998 3503 3921 3539
3 3654 3802 3502
6 3648 3803 3832 3669 3560 3934
6 3669 3871 3545 3880 3620 3785
7 3541 3714 3951 3652 3653 3637 3671
6 3503 3711 3745 3538 3729 3575
7 3529 3820 3934 3727 3997 3722 3838
3 3523 3799 3998
4 3664 3788 3621 3717
5 3682 3725 3727 3996 3702
6 3598 3713 3791 3994 3575 3897
9 3601 3772 3805 3907 3550 3987 3790 3551 3573
5 3680 3937 3513 3587 3708
5 3650 3912 3640 3633 3852
9 3520 3882 3592 3544 3760 3510 3850 3625 3542
4 3632 3847 3575 3680
4 3548 3719 3738 3947
5 3608 3592 3567 3705 3575
4 3542 3653 3780 3536
5 3609 3780 3784 3791 3918
6 3564 3962 3691 3568 3579 3926
3 3677 3623 3917
6 3577 3720 3804 3839 3583 3951
5 3628 3812 3595 3567 3699
4 3636 3625 3935 3551
3 3668 3916 3507
6 3597 3722 3733 3533 3656 3694
3 3650 3765 3568
3 3578 3578 3740
3 3687 3825 3808
2 3605 3572
2 3692 3576
7 3686 3920 3811 3626 3781 3747 3781
5 3522 3880 3750 3769 3624
8 3527 3948 3672 3587 3538 3753 3848 3616
7 3662 3846 3985 3865 3847 3746 3690
8 3646 3986 3574 3672 3761 3625 3616 3991
9 3698 3797 3843 3987 3956 3675 3889 3601 3591
3 3704 3551 3551
1 3588
8 3708 3877 3803 3859 3903 3882 3745 3688
3 3536 3917 3534
5 3568 3593 3555 3582 3884
2 3691 3766
3 3553 3856 3612
6 3691 3835 3688 3773 3956 3900
6 3601 3864 3784 3860 3618 3869
3 3678 3810 3687
2 3578 3757
2 3501 3821
3 3543 3965 3783
5 3708 3811 3975 3542 3762
3 3625 3655 3861
5 3500 3966 3815 3594 3573
1 3524
3 3517 3942 3956
1 3698
3 3678 3862 3757
4 3606 3615 3880 3710
2 3634 3643
7 3606 3795 3847 3591 3861 3871 3990
4 3667 3823 3844 3888
6 3573 3779 3997 3803 3999 3928
9 3687 3793 3569 3985 3722 3531 3547 3571 3579
3 3610 3866 3717
5 3543 3649 3830 3653 3714
5 3545 3780 3794 3838 3542
4 3595 3872 3529 3503
6 3547 3654 3562 3771 3548 3715
7 3680 3896 3855 3601 3985 3791 3586
3 3534 3975 3773
7 3550 3610 3716 3781 3850 3592 3663
4 3624 3857 3763 3775
3 3546 3973 3969
4 3556 3871 3506 3792
7 3730 3990 3739 3873 3987 3862 3588
2 3608 3854
2 3595 3563
4 3602 3965 3846 3696
6 3530 3607 3920 3595 3718 3552
4 3593 3865 3997 3733
7 3598 3824 3560 3754 3680 3829 3960
1 3632
3 3709 3532 3984
5 3725 3792 3852 3956 3982
4 3555 3789 3660 3547
5 3585 3962 3656 3976 3868
4 3540 3589 3870 3715
7 3650 3872 3678 3850 3543 3809 3857
4 3543 3817 3750 3671
6 3693 3556 3782 3954 3945 3774
8 3563 3893 3727 3859 3869 3621 3607 3752
6 3641 3944 3918 3573 3593 3772
7 3532 3964 3594 3865 3810 3836 3754
3 3675 3868 3935
2 3515 3876
5 3620 3994 3854 3563 3651
2 3744 3816
5 3748 3861 3700 3701 3850
6 3551 3630 3753 3714 3952 3714
8 3504 3610 3638 3772 3894 3637 3809 3997
3 3531 3646 3732
3 3636 3701 3728
2 3503 3685
2 3521 3999
4 3549 3916 3631 3899
3 3608 3690 3888
2 3767 3989
2 3503 3693
4 3692 3701 3751 3506
6 3766 3853 3652 3858 3611 3756
5 3636 3933 3996 3800 3745
5 3748 3901 3938 3565 3529
6 3742 3938 3570 3571 3557 3897
1 3672
5 3719 3905 3604 3866 3537
2 3672 3554
3 3689 3928 3607
3 3675 3793 3995
3 3661 3656 3898
5 3622 3943 3959 3683 3822
6 3684 3929 3722 3906 3744 3856
3 3704 3951 3945
3 3693 3852 3999
4 3529 3987 3855 3585
5 3682 3903 3977 3506 3592
7 3669 3815 3958 3568 3880 3506 3711
8 3551 3583 3993 3770 3823 3782 3577 3884
7 3501 3837 3849 3775 3729 3965 3639
5 3733 3550 3714 3521 3851
2 3705 3592
3 3571 3840 3959
1 3513
5 3808 3597 3735 3509 3670
5 3562 3822 3934 3626 3779
1 3771
2 3643 3873
2 3627 3654
3 3688 3529 3824
4 3731 3869 3980 3636
6 3816 3875 3802 3566 3867 3913
5 3743 3998 3834 3877 3809
8 3763 3831 3894 3637 3540 3576 3858 3820
3 3711 3939 3906
2 3596 3828
4 3501 3668 3871 3575
5 3826 3914 3842 3526 3516
5 3664 3905 3763 3526 3925
5 3508 3747 3856 3996 3855
3 3824 3836 3592
6 3684 3673 3918 3962 3641 3677
3 3523 3504 3563
7 3666 3913 3881 3823 3605 3984 3971
5 3727 3583 3918 3680 3898
7 3619 3983 3831 3579 3628 3929 3775
7 3810 3845 3873 3917 3843 3994 3650
4 3748 3986 3526 3688
5 3704 3867 3957 3919 3554
5 3813 3887 3891 3981 3991
4 3541 3601 3920 3851
3 3678 3828 3549
3 3719 3889 3837
2 3743 3860
2 3837 3976
4 3551 3717 3760 3850
10 3697 3953 3742 3552 3930 3879 3627 3967 3924 3717
3 3650 3974 3716
3 3810 3909 3506
7 3599 3780 3846 3770 3892 3753 3696
5 3573 3504 3811 3952 3841
5 3766 3991 3805 3550 3695
1 3792
4 3758 3898 3907 3778
9 3516 3640 3806 3751 3981 3997 3998 3915 3830
8 3565 3644 3726 3830 3640 3803 3860 3994
3 3754 3563 3770
9 3544 3874 3876 3938 3510 3792 3626 3552 3824
6 3654 3985 3722 3773 3544 3527
4 3844 3649 3728 3856
5 3780 3995 3734 3742 3984
5 3739 3898 3757 3651 3936
4 3586 3978 3601 3656
5 3728 3679 3629 3908 3924
7 3559 3965 3775 3598 3762 3717 3565
5 3746 3878 3923 3921 3797
4 3839 3908 3951 3822
3 3776 3885 3768
8 3623 3821 3955 3773 3635 3881 3728 3672
2 3624 3769
8 3608 3895 3911 3685 3827 3756 3742 3873
6 3587 3749 3770 3948 3570 3642
7 3837 3818 3539 3578 3757 3871 3982
3 3858 3977 3612
4 3545 3978 3822 3513
6 3554 3910 3858 3600 3636 3777
4 3722 3939 3823 3504
2 3866 3625
6 3514 3928 3847 3972 3914 3597
7 3582 3909 3543 3715 3685 3808 3740
7 3667 3931 3834 3548 3503 3664 3869
4 3696 3980 3722 3570
5 3643 3911 3676 3612 3571
6 3612 3984 3666 3724 3913 3809
5 3868 3665 3606 3935 3939
1 3631
2 3840 3678
3 3743 3936 3788
3 3843 3719 3603
2 3563 3506
4 3840 3951 3899 3593
6 3569 3902 3939 3850 3558 3593
2 3773 3579
5 3824 3950 3660 3782 3542
1 3871
1 3751
4 3546 3943 3692 3795
8 3854 3545 3639 3862 3801 3944 3835 3919
4 3670 3891 3787 3980
5 3614 3963 3553 3914 3727
3 3794 3915 3915
3 3892 3939 3907
4 3807 3722 3995 3539
5 3533 3919 3511 3975 3947
5 3829 3797 3555 3994 3554
4 3675 3803 3531 3825
5 3693 3954 3854 3941 3902
5 3867 3952 3615 3681 3864
3 3880 3660 3849
3 3876 3983 3983
2 3871 3883
3 3695 3943 3676
6 3834 3918 3920 3947 3822 3884
5 3828 3530 3615 3900 3879
5 3901 3901 3637 3964 3855
4 3787 3707 3972 3925
8 3723 3969 3837 3703 3505 3941 3583 3534
8 3913 3832 3774 3835 3605 3701 3673 3646
4 3619 3904 3839 3898
6 3614 3761 3714 3913 3841 3617
5 3632 3971 3627 3682 3866
4 3559 3957 3931 3510
5 3648 3984 3866 3556 3607
4 3544 3999 3847 3864
5 3557 3966 3627 3829 3916
3 3545 3938 3702
2 3674 3936
5 3879 3971 3799 3953 3744
3 3803 3568 3836
2 3596 3847
2 3881 3922
2 3559 3546
3 3793 3946 3964
8 3688 3982 3994 3607 3967 3816 3684 3943
6 3565 3527 3885 3706 3776 3508
6 3660 3965 3888 3612 3862 3927
2 3694 3596
5 3795 3591 3858 3794 3926
5 3877 3902 3825 3892 3885
1 3500
6 3659 3907 3592 3566 3917 3501
4 3531 3737 3634 3526
5 3802 3897 3912 3644 3934
3 3774 3574 3898
5 3597 3952 3772 3631 3804
1 3933
3 3698 3913 3904
4 3716 3872 3678 3985
2 3663 3956
4 3894 3983 3504 3971
6 3686 3804 3867 3891 3704 3530
6 3908 3945 3967 3982 3781 3851
3 3847 3590 3928
3 3907 3772 3554
2 3564 3869
5 3766 3737 3719 3949 3727
3 3839 3922 3576
4 3808 3663 3677 3522
5 3802 3574 3560 3524 3813
2 3613 3763
4 3554 3669 3575 3557
3 3702 3832 3768
2 3504 3900
3 3775 3933 3915
6 3936 3760 3865 3670 3810 3732
5 3735 3680 3925 3560 3678
7 3661 3934 3847 3563 3952 3500 3976
1 3574
2 3917 3755
4 3651 3527 3543 3632
5 3928 3921 3950 3834 3568
7 3612 3526 3599 3916 3611 3879 3973
4 3755 3563 3550 3972
3 3848 3586 3642
5 3733 3752 3656 3598 3904
5 3575 3845 3768 3967 3580
5 3807 3874 3991 3635 3576
5 3645 3875 3863 3518 3522
1 3574
3 3882 3899 3821
2 3840 3855
6 3934 3766 3643 3538 3952 3873
7 3910 3526 3836 3630 3622 3950 3910
5 3923 3765 3884 3861 3834
7 3859 3544 3717 3745 3751 3653 3948
3 3517 3718 3838
5 3806 3693 3719 3526 3757
2 3663 3588
4 3658 3789 3552 3644
5 3757 3610 3556 3504 3742
4 3852 3977 3840 3718
3 3563 3505 3560
3 3640 3809 3586
7 3934 3692 3837 3778 3643 3905 3856
4 3861 3903 3800 3566
5 3793 3576 3613 3691 3830
6 3744 3855 3762 3688 3508 3782
5 3823 3682 3689 3855 3639
4 3924 3805 3786 3744
7 4001 4002 4007 4042 4250 4025 4034
8 4000 4004 4013 4022 4033 4064 4306 4048
14 4000 4003 4010 4030 4048 4054 4058 4186 4416 4081 4294 4478 4156 4184
11 4002 4005 4008 4028 4029 4059 4081 4133 4402 4343 4479
8 4001 4006 4039 4086 4062 4304 4496 4141
13 4003 4021 4051 4061 4121 4253 4289 4481 4152 4367 4422 4199 4116
7 4004 4009 4026 4038 4108 4492 4234
6 4000 4296 4325 4419 4232 4447
9 4003 4011 4027 4238 4328 4370 4330 4457 4290
5 4006 4012 4229 4329 4377
10 4002 4018 4036 4092 4160 4179 4145 4090 4327 4476
10 4008 4015 4023 4031 4094 4321 4407 4274 4325 4114
10 4009 4019 4020 4044 4046 4074 4078 4494 4426 4322
9 4001 4014 4025 4040 4250 4420 4479 4490 4028
8 4013 4016 4182 4486 4052 4136 4236 4075
12 4011 4017 4034 4049 4242 4310 4167 4203 4125 4436 4430 4334
9 4014 4073 4114 4217 4382 4418 4437 4242 4173
6 4015 4050 4144 4455 4330 4414
10 4010 4035 4100 4149 4194 4312 4206 4458 4413 4254
7 4012 4043 4063 4080 4089 4129 4058
7 4012 4024 4060 4088 4103 4172 4111
7 4005 4032 4173 4207 4097 4227 4053
5 4001 4136 4148 4056 4160
6 4011 4199 4255 4419 4034 4410
7 4020 4069 4132 4138 4313 4114 4484
5 4013 4100 4332 4330 4000
7 4006 4188 4442 4337 4132 4307 4198
11 4008 4097 4206 4210 4273 4170 4058 4250 4386 4429 4359
4 4003 4043 4200 4013
7 4003 4096 4226 4279 4470 4416 4039
5 4002 4057 4127 4253 4071
5 4011 4157 4062 4032 4120
4 4021 4419 4262 4031
5 4001 4166 4287 4122 4147
7 4015 4037 4000 4469 4023 4410 4183
7 4018 4045 4156 4262 4240 4142 4348
9 4010 4052 4053 4055 4066 4134 4442 4447 4177
8 4034 4087 4116 4233 4211 4125 4226 4252
6 4006 4041 4293 4155 4497 4273
10 4004 4130 4187 4231 4292 4253 4320 4355 4451 4029
7 4013 4047 4070 4191 4491 4204 4291
5 4038 4143 4265 4470 4454
6 4000 4075 4260 4140 4372 4364
7 4019 4111 4115 4141 4281 4156 4028
4 4012 4366 4365 4298
8 4035 4065 4072 4150 4368 4087 4099 4386
3 4012 4117 4208
8 4040 4274 4477 4478 4092 4178 4135 4301
5 4002 4083 4424 4001 4051
8 4015 4126 4311 4070 4420 4266 4118 4104
8 4017 4056 4067 4071 4365 4457 4189 4462
9 4005 4214 4377 4251 4272 4201 4048 4491 4060
7 4036 4076 4443 4298 4287 4014 4075
9 4036 4128 4367 4373 4071 4249 4242 4121 4021
11 4002 4222 4235 4249 4251 4062 4468 4381 4332 4409 4340
6 4036 4120 4310 4348 4494 4164
8 4050 4235 4022 4123 4112 4241 4147 4298
4 4030 4112 4195 4247
9 4002 4302 4344 4391 4186 4092 4027 4102 4019
3 4003 4091 4070
7 4020 4062 4462 4499 4474 4051 4224
6 4005 4084 4063 4064 4450 4288
10 4060 4183 4054 4098 4004 4466 4342 4221 4031 4474
6 4019 4332 4394 4061 4303 4315
12 4001 4068 4077 4079 4104 4308 4460 4137 4061 4206 4356 4224
5 4045 4154 4446 4191 4400
8 4036 4105 4109 4152 4497 4112 4132 4484
3 4050 4177 4145
2 4064 4193
3 4024 4128 4253
7 4040 4112 4473 4128 4049 4436 4059
10 4050 4145 4227 4053 4349 4314 4492 4142 4457 4030
6 4045 4261 4144 4233 4337 4094
5 4016 4162 4478 4138 4287
5 4012 4189 4293 4190 4221
11 4042 4082 4085 4142 4299 4385 4052 4396 4210 4350 4014
2 4052 4267
5 4064 4107 4297 4108 4180
6 4012 4421 4485 4389 4335 4309
5 4064 4118 4135 4488 4436
5 4019 4093 4140 4171 4446
8 4003 4218 4236 4454 4474 4002 4183 4375
4 4075 4285 4092 4379
5 4048 4099 4108 4352 4340
5 4061 4216 4278 4406 4216
5 4075 4317 4230 4095 4386
1 4004
13 4037 4090 4098 4125 4219 4431 4231 4045 4357 4402 4161 4347 4261
4 4020 4450 4128 4288
6 4019 4200 4269 4335 4372 4472
7 4087 4147 4259 4345 4349 4304 4010
5 4059 4095 4102 4123 4462
7 4010 4245 4047 4082 4058 4294 4144
6 4080 4106 4146 4161 4168 4192
6 4011 4272 4257 4247 4072 4174
6 4091 4172 4183 4183 4235 4085
6 4029 4190 4314 4197 4204 4206
6 4027 4241 4323 4370 4021 4426
7 4087 4101 4110 4437 4062 4472 4404
7 4083 4124 4196 4152 4150 4045 4180
7 4018 4113 4392 4025 4375 4129 4415
6 4098 4211 4279 4291 4351 4163
12 4091 4163 4193 4215 4488 4290 4393 4154 4058 4279 4284 4171
3 4020 4399 4115
8 4064 4164 4476 4177 4264 4126 4049 4280
6 4066 4174 4488 4438 4253 4381
4 4093 4200 4174 4292
4 4077 4322 4351 4178
5 4083 4386 4308 4006 4077
4 4066 4119 4270 4168
7 4098 4213 4247 4320 4443 4336 4343
5 4043 4313 4460 4269 4020
8 4057 4167 4070 4066 4056 4375 4438 4148
3 4100 4155 4459
7 4016 4122 4387 4405 4024 4458 4011
7 4043 4176 4223 4247 4141 4103 4259
6 4037 4139 4228 4427 4497 4005
2 4046 4151
7 4079 4197 4456 4049 4395 4255 4121
5 4109 4201 4202 4205 4460
4 4055 4232 4419 4031
7 4005 4153 4225 4248 4295 4053 4118
4 4114 4334 4033 4352
7 4091 4415 4434 4295 4056 4336 4294
5 4099 4159 4221 4337 4402
4 4087 4371 4037 4015
3 4049 4447 4104
6 4030 4131 4137 4490 4415 4368
6 4053 4088 4070 4069 4313 4424
6 4019 4175 4258 4300 4186 4100
2 4039 4474
3 4127 4169 4279
4 4024 4271 4026 4066
6 4003 4471 4394 4457 4279 4215
4 4036 4304 4458 4469
7 4079 4410 4168 4047 4180 4498 4466
4 4022 4204 4014 4294
4 4127 4408 4064 4354
7 4024 4257 4194 4351 4073 4424 4370
4 4116 4230 4417 4225
8 4080 4263 4042 4246 4215 4162 4449 4200
5 4043 4271 4115 4158 4004
4 4075 4366 4035 4071
4 4041 4185 4367 4164
4 4017 4072 4422 4092
12 4071 4158 4192 4237 4356 4362 4407 4197 4010 4067 4402 4234
2 4093 4347
6 4090 4326 4375 4056 4033 4495
8 4022 4384 4348 4494 4112 4289 4341 4472
1 4018
6 4045 4333 4209 4099 4409 4449
2 4117 4392
8 4066 4266 4277 4099 4005 4201 4290 4264
3 4121 4239 4207
9 4065 4220 4329 4370 4363 4471 4102 4464 4321
7 4113 4038 4411 4249 4297 4337 4400
4 4035 4378 4002 4043
4 4031 4330 4411 4351
4 4145 4165 4180 4141
7 4124 4170 4300 4483 4305 4368 4256
7 4010 4455 4399 4252 4389 4355 4022
2 4093 4087
7 4073 4295 4301 4429 4452 4416 4140
6 4102 4234 4318 4352 4101 4441
6 4104 4181 4203 4407 4143 4055
8 4158 4294 4475 4414 4441 4448 4357 4389
1 4033
3 4112 4015 4307
4 4093 4109 4135 4473
4 4131 4454 4442 4276
5 4159 4027 4460 4456 4304
7 4080 4198 4343 4430 4219 4376 4102
2 4095 4020
3 4021 4288 4016
4 4105 4178 4106 4094
5 4129 4276 4177 4359 4223
1 4115
6 4067 4175 4385 4104 4405 4036
7 4174 4280 4321 4047 4347 4107 4297
8 4010 4184 4223 4395 4376 4449 4332 4308
13 4158 4338 4339 4191 4271 4285 4135 4496 4423 4220 4077 4256 4099
6 4164 4287 4220 4477 4218 4464
3 4014 4254 4316
6 4062 4095 4095 4239 4081 4034
3 4179 4220 4002
2 4143 4432
5 4002 4327 4058 4469 4129
2 4039 4209
4 4026 4417 4341 4462
4 4074 4224 4326 4050
2 4096 4074
8 4040 4348 4403 4423 4180 4431 4065 4390
5 4145 4214 4093 4247 4320
6 4102 4319 4402 4327 4068 4392
4 4018 4255 4138 4440
5 4057 4355 4390 4493 4374
5 4099 4212 4219 4302 4456
6 4118 4145 4096 4499 4216 4357
3 4171 4240 4026
6 4023 4288 4448 4005 4268 4360
8 4089 4436 4466 4106 4207 4301 4028 4140
7 4119 4440 4492 4152 4051 4432 4472
3 4119 4246 4401
3 4164 4015 4257
6 4136 4484 4040 4096 4495 4316
1 4119
7 4027 4244 4451 4018 4096 4064 4424
4 4021 4264 4200 4153
3 4046 4303 4396
2 4187 4150
5 4027 4337 4372 4075 4492
6 4101 4336 4397 4037 4458 4382
4 4196 4413 4417 4410
5 4110 4483 4283 4237 4486
4 4051 4268 4281 4192
9 4102 4315 4385 4349 4140 4238 4392 4472 4133
6 4084 4256 4228 4084 4475 4197
2 4016 4416
5 4081 4341 4181 4224 4281
7 4087 4275 4347 4445 4196 4404 4171
8 4154 4433 4181 4260 4184 4180 4244 4359
6 4124 4452 4265 4062 4299 4074
4 4054 4252 4387 4416
11 4179 4286 4354 4360 4455 4480 4262 4115 4347 4426 4175
6 4189 4348 4251 4218 4060 4064
2 4121 4139
3 4029 4269 4037
4 4071 4379 4258 4021
3 4116 4216 4326
1 4009
7 4139 4307 4309 4413 4085 4467 4357
6 4039 4267 4087 4444 4271 4251
7 4120 4388 4498 4356 4362 4407 4007
3 4037 4335 4072
6 4163 4298 4346 4006 4145 4370
6 4054 4056 4298 4095 4265 4366
6 4081 4466 4448 4279 4014 4413
3 4145 4396 4213
4 4008 4290 4348 4215
6 4153 4243 4381 4419 4183 4451
3 4198 4393 4035
4 4097 4056 4492 4479
6 4015 4341 4298 4016 4053 4423
6 4239 4254 4283 4338 4245 4347
4 4206 4338 4318 4220
3 4092 4243 4282
5 4202 4282 4140 4353 4282
6 4110 4314 4115 4057 4094 4192
2 4121 4412
6 4054 4491 4369 4053 4339 4155
4 4013 4499 4000 4027
4 4054 4051 4231 4224
7 4222 4410 4160 4434 4311 4301 4037
6 4005 4039 4414 4030 4105 4069
5 4243 4374 4182 4270 4018
7 4194 4300 4333 4023 4474 4478 4118
4 4216 4438 4180 4159
9 4138 4331 4380 4203 4094 4268 4439 4478 4440
4 4129 4461 4434 4227
4 4090 4406 4397 4115
2 4042 4220
4 4072 4490 4345 4087
6 4035 4265 4223 4317 4297 4032
2 4140 4439
4 4207 4453 4104 4152
8 4041 4425 4262 4221 4396 4372 4235 4436
4 4152 4305 4296 4049
5 4231 4342 4379 4270 4076
4 4214 4269 4257 4199
5 4268 4111 4089 4226 4337
6 4109 4470 4267 4389 4414 4254
4 4132 4180 4231 4141
2 4094 4051
4 4027 4458 4038 4311
5 4047 4284 4430 4011 4290
2 4219 4462
2 4175 4169
3 4152 4340 4353
5 4084 4376 4489 4460 4317
9 4101 4316 4307 4131 4236 4133 4102 4290 4029
2 4178 4104
3 4214 4043 4218
5 4246 4389 4362 4245 4246
4 4243 4350 4473 4213
4 4274 4435 4396 4102
3 4082 4180 4319
3 4223 4467 4460
6 4181 4290 4033 4052 4393 4073
5 4199 4088 4061 4173 4463
3 4005 4460 4148
9 4287 4337 4102 4238 4008 4495 4152 4279 4274
2 4101 4040
4 4039 4432 4492 4106
3 4074 4038 4326
5 4165 4002 4136 4092 4123
8 4162 4324 4444 4464 4121 4123 4331 4379
5 4007 4310 4326 4266 4411
5 4077 4381 4262 4155 4178
6 4234 4052 4235 4242 4044 4056
5 4075 4454 4221 4379 4316
3 4255 4159 4129
5 4162 4200 4252 4489 4047
3 4058 4196 4416
3 4208 4484 4063
5 4134 4351 4090 4004 4170
6 4266 4474 4382 4361 4431 4159
2 4001 4378
6 4230 4318 4428 4279 4167 4026
3 4064 4108 4179
3 4230 4423 4078
6 4296 4323 4015 4055 4337 4323
4 4049 4484 4252 4273
3 4018 4477 4359
7 4111 4024 4352 4427 4420 4128 4475
3 4096 4247 4071
5 4215 4371 4438 4063 4459
6 4279 4487 4480 4299 4182 4204
6 4085 4364 4262 4451 4278 4336
3 4307 4163 4244
4 4193 4375 4285 4352
4 4110 4039 4347 4192
6 4178 4469 4482 4011 4474 4154
2 4107 4012
6 4097 4463 4398 4310 4459 4310
5 4295 4361 4378 4499 4465
3 4007 4447 4011
6 4189 4296 4228 4147 4347 4293
4 4186 4010 4193 4345
3 4008 4495 4372
3 4154 4439 4009
8 4157 4398 4449 4457 4008 4025 4017 4429
3 4257 4376 4295
6 4063 4334 4369 4025 4054 4179
3 4255 4150 4457
3 4332 4122 4015
5 4233 4078 4089 4368 4455
5 4211 4110 4439 4123 4317
10 4210 4357 4409 4026 4290 4124 4072 4155 4310 4269
4 4180 4244 4243 4427
4 4180 4249 4438 4387
4 4277 4083 4490 4054
5 4218 4383 4242 4148 4188
3 4267 4062 4491
4 4171 4440 4110 4003
2 4058 4414
3 4090 4261 4327
1 4234
8 4219 4087 4320 4178 4326 4223 4243 4146
7 4191 4359 4055 4035 4148 4238 4224
5 4090 4215 4071 4373 4350
4 4283 4075 4364 4349
5 4304 4107 4101 4157 4138
8 4083 4358 4163 4370 4444 4313 4122 4319
2 4277 4246
3 4223 4481 4137
3 4195 4039 4160
4 4145 4232 4498 4064
6 4337 4087 4197 4165 4230 4456
4 4352 4366 4464 4379
6 4348 4363 4175 4027 4312 4220
3 4223 4399 4199
3 4324 4305 4462
5 4145 4488 4282 4232 4474
3 4359 4458 4154
3 4317 4042 4350
2 4050 4044
4 4044 4142 4358 4235
4 4053 4143 4005 4378
4 4045 4159 4335 4127
2 4332 4249
6 4008 4154 4352 4097 4234 4138
2 4315 4125
6 4210 4449 4042 4265 4089 4328
2 4053 4349
3 4254 4395 4195
8 4319 4496 4112 4147 4100 4081 4407 4418
4 4278 4331 4171 4179
2 4051 4009
4 4324 4156 4367 4306
9 4227 4400 4427 4267 4295 4299 4495 4358 4082
2 4257 4495
5 4297 4239 4054 4105 4419
3 4016 4305 4211
2 4341 4433
1 4148
4 4215 4177 4075 4454
5 4108 4085 4045 4027 4498
3 4114 4222 4339
1 4232
6 4282 4078 4270 4160 4436 4165
5 4195 4468 4447 4401 4191
3 4058 4454 4427
5 4100 4406 4151 4215 4193
3 4240 4287 4102
3 4063 4483 4133
3 4179 4374 4118
6 4237 4284 4075 4265 4208 4400
2 4211 4259
2 4330 4323
4 4360 4413 4160 4103
6 4379 4404 4448 4065 4155 4396
5 4202 4465 4438 4452 4390
6 4003 4193 4087 4145 4124 4439
1 4191
4 4400 4422 4219 4098
3 4114 4415 4177
4 4259 4392 4084 4413
6 4145 4412 4011 4164 4232 4375
1 4137
3 4337 4150 4054
7 4135 4443 4459 4252 4212 4034 4023
3 4157 4155 4296
3 4407 4248 4485
8 4212 4399 4230 4452 4236 4469 4018 4406
5 4344 4253 4165 4270 4017
5 4123 4461 4405 4127 4100
6 4002 4162 4302 4217 4222 4029
3 4212 4139 4188
3 4016 4424 4375
7 4007 4426 4032 4239 4023 4120 4381
4 4013 4049 4313 4481
2 4078 4450
3 4404 4005 4144
4 4191 4309 4180 4242
6 4418 4441 4048 4138 4206 4128
1 4265
4 4419 4223 4012 4097
6 4379 4446 4116 4313 4338 4391
2 4307 4472
4 4162 4467 4027 4330
5 4171 4274 4495 4434 4015
4 4087 4467 4191 4305
3 4292 4185 4201
3 4220 4454 4383
4 4123 4252 4258 4430
3 4284 4494 4448
7 4200 4464 4389 4079 4015 4070 4265
2 4098 4016
6 4315 4401 4105 4339 4112 4256
5 4329 4263 4257 4336 4402
4 4201 4343 4257 4194
3 4424 4165 4163
4 4026 4461 4169 4036
3 4410 4052 4110
3 4295 4352 4231
2 4219 4487
3 4065 4427 4080
5 4325 4126 4390 4036 4007
6 4199 4236 4490 4165 4400 4435
6 4372 4330 4140 4179 4150 4467
4 4088 4421 4061 4460
4 4206 4317 4039 4239
4 4162 4221 4413 4401
1 4264
7 4081 4433 4299 4169 4391 4041 4385
4 4223 4160 4017 4335
4 4118 4170 4196 4357
6 4050 4330 4008 4133 4333 4071
6 4363 4134 4273 4211 4018 4114
4 4410 4113 4323 4315
8 4064 4111 4119 4170 4278 4289 4450 4286
3 4258 4415 4442
6 4060 4091 4275 4050 4361 4188
2 4323 4288
5 4295 4358 4436 4154 4181
2 4401 4324
5 4200 4236 4062 4135 4490
5 4431 4429 4230 4286 4449
2 4390 4054
6 4321 4470 4186 4034 4413 4134
4 4469 4270 4041 4029
4 4133 4490 4488 4154
6 4428 4098 4201 4215 4089 4148
3 4283 4070 4168
8 4081 4305 4130 4060 4255 4321 4062 4362
3 4165 4216 4313
2 4104 4010
3 4047 4181 4312
5 4047 4073 4002 4257 4255
3 4013 4003 4241
2 4223 4316
3 4005 4354 4420
1 4321
3 4394 4159 4213
5 4303 4204 4311 4024 4066
2 4078 4412
3 4014 4494 4213
2 4316 4445
5 4362 4102 4105 4471 4079
2 4278 4301
7 4471 4261 4127 4448 4340 4013 4466
4 4040 4249 4051 4342
6 4292 4201 4006 4210 4071 4241
1 4195
5 4012 4486 4435 4055 4148
7 4380 4430 4328 4290 4204 4379 4147
3 4375 4180 4004
3 4066 4038 4116
4 4232 4135 4356 4386
4 4324 4060 4250 4197
6 4501 4503 4507 4665 4735 4812
9 4500 4502 4508 4509 4557 4626 4609 4586 4981
10 4501 4549 4560 4571 4649 4946 4534 4599 4744 4708
12 4500 4504 4505 4512 4531 4532 4587 4593 4639 4871 4949 4576
8 4503 4510 4584 4647 4697 4821 4704 4961
8 4503 4506 4537 4575 4662 4882 4611 4748
9 4505 4582 4728 4750 4981 4887 4810 4913 4785
13 4500 4513 4517 4524 4545 4556 4567 4602 4741 4822 4880 4821 4981
7 4501 4511 4526 4539 4754 4670 4728
9 4501 4519 4522 4548 4634 4651 4682 4606 4615
9 4504 4527 4566 4689 4776 4910 4886 4712 4892
10 4508 4514 4515 4516 4520 4702 4744 4654 4885 4594
7 4503 4678 4833 4654 4703 4591 4919
6 4507 4538 4544 4603 4953 4613
8 4511 4518 4541 4657 4942 4648 4689 4803
4 4511 4550 4693 4921
8 4511 4525 4530 4624 4664 4759 4633 4706
11 4507 4521 4529 4536 4561 4562 4831 4626 4639 4961 4746
8 4514 4722 4820 4932 4664 4986 4825 4772
9 4509 4542 4707 4712 4721 4714 4953 4553 4690
8 4511 4523 4618 4659 4944 4997 4644 4734
4 4517 4629 4905 4748
6 4509 4528 4533 4703 4641 4608
6 4520 4546 4579 4854 4657 4809
3 4507 4891 4737
4 4516 4765 4687 4691
5 4508 4534 4577 4768 4996
8 4510 4592 4706 4751 4637 4658 4996 4655
5 4522 4552 4576 4710 4561
4 4517 4555 4680 4820
3 4516 4623 4892
8 4503 4535 4558 4640 4709 4819 4863 4533
4 4503 4671 4835 4613
5 4522 4540 4590 4617 4531
4 4526 4722 4502 4580
4 4531 4543 4568 4627
4 4517 4608 4727 4773
7 4505 4563 4675 4835 4855 4861 4758
4 4513 4565 4747 4990
10 4508 4583 4763 4793 4543 4858 4803 4958 4830 4667
9 4533 4762 4789 4985 4952 4845 4672 4952 4823
7 4514 4553 4742 4812 4971 4735 4657
8 4519 4869 4548 4572 4714 4636 4912 4676
5 4535 4589 4594 4539 4773
7 4513 4551 4586 4674 4976 4789 4595
4 4507 4644 4986 4559
9 4523 4547 4666 4694 4610 4970 4637 4658 4723
5 4546 4683 4613 4635 4673
11 4509 4554 4572 4578 4619 4577 4542 4855 4669 4668 4564
11 4502 4564 4569 4573 4605 4886 4935 4651 4660 4969 4613
2 4515 4915
8 4544 4829 4977 4603 4962 4741 4875 4695
5 4528 4714 4756 4578 4564
5 4541 4559 4717 4519 4822
6 4548 4598 4611 4753 4930 4738
8 4529 4580 4597 4655 4853 4865 4829 4715
4 4507 4574 4966 4985
4 4501 4612 4902 4805
5 4531 4672 4692 4838 4997
11 4553 4610 4620 4679 4784 4982 4717 4545 4972 4809 4906
9 4502 4704 4713 4811 4847 4919 4651 4889 4674
5 4517 4824 4970 4785 4528
4 4517 4767 4883 4944
4 4537 4570 4630 4916
7 4549 4638 4801 4830 4962 4552 4548
7 4538 4696 4842 4896 4692 4698 4794
8 4510 4616 4667 4669 4695 4809 4571 4836
7 4507 4643 4836 4601 4918 4935 4877
6 4535 4581 4609 4637 4865 4978
3 4549 4585 4584
11 4563 4604 4628 4635 4660 4668 4806 4978 4625 4761 4617
5 4502 4749 4642 4743 4566
7 4548 4614 4726 4934 4542 4584 4910
6 4549 4612 4904 4914 4584 4930
3 4556 4745 4872
9 4505 4591 4631 4739 4816 4814 4873 4837 4811
4 4528 4760 4740 4503
8 4526 4588 4870 4740 4548 4927 4645 4736
5 4548 4641 4552 4865 4850
3 4523 4596 4697
7 4555 4663 4755 4992 4929 4644 4534
4 4568 4688 4715 4676
5 4506 4642 4910 4766 4663
6 4539 4715 4729 4739 4762 4591
6 4504 4918 4572 4569 4573 4702
8 4569 4733 4823 4834 4948 4601 4984 4972
9 4544 4607 4632 4925 4941 4787 4501 4863 4903
4 4503 4820 4925 4844
5 4577 4742 4727 4709 4654
3 4543 4705 4627
6 4533 4699 4881 4737 4945 4602
13 4575 4652 4903 4863 4713 4643 4512 4977 4646 4893 4583 4717 4650
10 4527 4595 4606 4613 4636 4732 4820 4988 4717 4847
4 4503 4599 4866 4873
5 4543 4600 4743 4620 4511
10 4592 4621 4717 4737 4875 4544 4823 4967 4779 4641
5 4579 4601 4602 4927 4755
4 4555 4930 4980 4942
5 4554 4615 4975 4922 4792
6 4593 4775 4948 4925 4502 4835
3 4594 4635 4726
9 4596 4633 4819 4567 4774 4585 4811 4768 4763
4 4507 4596 4590 4952
3 4513 4551 4837
6 4570 4656 4734 4955 4850 4939
3 4549 4936 4774
7 4592 4721 4812 4942 4647 4509 4882
9 4586 4908 4685 4886 4979 4742 4859 4632 4755
3 4536 4967 4522
5 4568 4724 4501 4989 4717
7 4559 4757 4955 4783 4874 4546 4889
3 4554 4505 4739
7 4573 4648 4665 4686 4844 4557 4673
9 4592 4645 4709 4988 4793 4547 4513 4549 4532
4 4572 4764 4924 4731
4 4598 4676 4711 4509
2 4566 4625
6 4533 4796 4799 4648 4823 4570
9 4520 4622 4646 4781 4887 4931 4930 4894 4901
4 4548 4650 4889 4890
7 4559 4738 4826 4851 4664 4594 4688
1 4595
2 4618 4653
4 4530 4785 4845 4786
7 4516 4777 4779 4629 4890 4970 4906
5 4616 4803 4570 4695 4870
5 4501 4670 4839 4517 4982
4 4535 4875 4803 4589
3 4570 4809 4850
8 4521 4685 4708 4752 4968 4640 4624 4717
4 4563 4711 4787 4699
2 4575 4869
6 4586 4927 4651 4607 4717 4802
7 4601 4807 4665 4967 4516 4990 4655
5 4509 4826 4975 4852 4788
4 4570 4600 4996 4547
4 4592 4542 4777 4640
7 4568 4774 4759 4527 4853 4546 4988
4 4564 4700 4941 4767
5 4503 4883 4517 4952 4645
10 4531 4921 4734 4645 4831 4629 4659 4676 4882 4636
7 4578 4662 4690 4995 4994 4522 4595
9 4582 4654 4911 4933 4979 4787 4864 4936 4571
3 4567 4885 4591
6 4545 4956 4754 4580 4919 4520
6 4613 4917 4747 4640 4577 4639
5 4618 4716 4808 4898 4591
6 4504 4920 4926 4891 4606 4813
7 4612 4658 4687 4862 4514 4617 4767
4 4502 4948 4719 4655
5 4619 4776 4846 4722 4591
7 4509 4749 4965 4549 4560 4632 4892
3 4591 4888 4666
5 4622 4703 4949 4705 4953
7 4642 4512 4511 4756 4588 4722 4883
6 4555 4730 4752 4527 4633 4649
4 4604 4661 4688 4683
4 4514 4523 4928 4541
5 4648 4676 4800 4527 4546
9 4520 4740 4901 4670 4710 4859 4681 4640 4698
5 4570 4810 4914 4755 4549
6 4656 4673 4783 4852 4789 4884
10 4641 4773 4766 4845 4505 4771 4959 4802 4890 4825
5 4580 4901 4989 4582 4677
5 4516 4723 4879 4518 4620
8 4612 4899 4633 4717 4814 4500 4690 4859
5 4546 4736 4728 4652 4863
7 4566 4677 4681 4991 4741 4959 4539
5 4570 4778 4812 4548 4804
5 4566 4711 4974 4548 4794
5 4626 4967 4659 4508 4839
4 4532 4994 4743 4864
9 4558 4848 4849 4879 4831 4807 4985 4845 4540
4 4661 4698 4612 4547
7 4544 4720 4809 4890 4560 4685 4675
4 4537 4684 4858 4674
6 4658 4756 4615 4581 4640 4542
9 4667 4916 4856 4872 4722 4734 4750 4851 4663
4 4512 4747 4833 4895
3 4559 4825 4787
3 4529 4790 4892
6 4667 4841 4856 4983 4659 4750
5 4509 4694 4806 4713 4874
5 4547 4691 4701 4945 4656
2 4675 4769
6 4629 4780 4788 4794 4607 4674
3 4612 4796 4997
4 4648 4943 4764 4525
4 4581 4656 4966 4620
7 4510 4874 4954 4728 4514 4851 4771
7 4641 4987 4955 4765 4665 4757 4519
7 4683 4966 4695 4826 4870 4897 4525
5 4558 4800 4741 4565 4925
5 4515 4758 4901 4701 4788
5 4682 4878 4814 4546 4861
5 4566 4761 4625 4691 4551
6 4565 4900 4892 4834 4759 4945
3 4504 4896 4579
4 4673 4839 4565 4659
3 4590 4777 4630
4 4638 4822 4710 4905
6 4683 4731 4872 4693 4857 4805
4 4511 4774 4584 4878
7 4653 4860 4905 4512 4522 4968 4849
6 4560 4717 4504 4874 4895 4965
7 4589 4843 4835 4653 4795 4843 4716
6 4527 4754 4815 4978 4840 4516
2 4519 4911
5 4629 4804 4995 4806 4502
7 4613 4787 4813 4858 4531 4729 4588
5 4528 4719 4807 4700 4659
3 4630 4669 4615
4 4519 4718 4510 4900
4 4560 4591 4928 4682
8 4552 4766 4798 4825 4519 4996 4780 4542
6 4583 4814 4581 4555 4988 4825
4 4646 4840 4894 4705
13 4595 4559 4704 4665 4553 4753 4840 4609 4946 4592 4632 4591 4629
5 4712 4897 4958 4944 4896
2 4710 4649
4 4674 4832 4909 4957
4 4606 4973 4519 4994
8 4518 4534 4650 4960 4677 4855 4654 4732
5 4664 4861 4786 4546 4978
6 4609 4725 4880 4923 4945 4914
4 4724 4772 4913 4857
4 4572 4914 4750 4600
7 4536 4786 4960 4971 4826 4588 4921
4 4506 4666 4689 4508
5 4583 4735 4797 4857 4709
4 4655 4860 4924 4965
2 4701 4614
8 4592 4821 4877 4964 4996 4751 4851 4722
4 4585 4748 4782 4815
6 4604 4640 4775 4677 4997 4520
5 4729 4541 4500 4750 4801
5 4666 4862 4741 4806 4577
5 4595 4590 4976 4861 4524
5 4620 4746 4937 4790 4554
5 4575 4804 4611 4800 4583
4 4659 4828 4577 4576
8 4507 4769 4692 4736 4667 4974 4551 4842
9 4541 4929 4924 4607 4861 4588 4927 4899 4793
5 4594 4947 4571 4671 4976
4 4511 4863 4788 4502
2 4574 4828
3 4738 4778 4517
7 4538 4795 4678 4951 4645 4763 4847
6 4733 4916 4842 4872 4521 4505
4 4651 4922 4571 4787
10 4506 4950 4907 4942 4982 4779 4726 4681 4677 4735
3 4527 4785 4732
5 4655 4889 4974 4629 4824
3 4554 4818 4717
3 4706 4644 4508
4 4580 4660 4596 4607
6 4676 4552 4654 4889 4921 4843
5 4610 4765 4971 4995 4690
5 4693 4792 4815 4537 4852
6 4516 4993 4637 4773 4974 4696
5 4576 4868 4882 4896 4939
2 4695 4570
6 4540 4999 4880 4895 4583 4871
5 4539 4837 4747 4601 4815
5 4614 4938 4687 4837 4927
5 4757 4893 4910 4525 4690
5 4714 4771 4961 4662 4582
7 4562 4870 4638 4648 4908 4929 4828
7 4526 4770 4894 4911 4866 4601 4791
3 4741 4981 4684
1 4768
5 4766 4838 4836 4662 4689
4 4725 4888 4518 4857
5 4662 4759 4536 4932 4543
4 4637 4605 4601 4702
5 4599 4802 4946 4734 4791
4 4650 4945 4510 4937
5 4624 4925 4828 4636 4699
3 4668 4746 4939
5 4624 4890 4750 4913 4595
2 4685 4714
2 4618 4851
3 4733 4937 4924
4 4661 4827 4892 4610
3 4559 4939 4932
6 4623 4844 4838 4751 4561 4506
6 4727 4791 4952 4623 4723 4815
8 4709 4895 4642 4586 4906 4630 4679 4749
6 4685 4892 4744 4832 4634 4693
4 4540 4852 4544 4661
4 4680 4929 4738 4884
4 4786 4800 4775 4768
5 4758 4957 4997 4598 4995
3 4539 4613 4742
6 4685 4817 4912 4669 4803 4565
4 4747 4835 4999 4705
3 4617 4895 4686
1 4729
2 4714 4823
4 4617 4805 4873 4927
7 4791 4692 4830 4658 4963 4739 4996
6 4564 4867 4884 4876 4837 4735
4 4775 4850 4662 4632
8 4625 4872 4873 4627 4539 4809 4794 4514
3 4708 4739 4668
4 4799 4994 4701 4557
7 4570 4943 4682 4708 4884 4955 4736
3 4633 4710 4672
1 4646
8 4674 4566 4970 4628 4803 4931 4559 4523
4 4660 4928 4939 4506
7 4560 4851 4823 4601 4953 4575 4923
4 4541 4606 4668 4500
3 4709 4957 4647
8 4715 4694 4995 4665 4911 4575 4877 4916
8 4758 4852 4913 4706 4946 4786 4733 4763
2 4575 4852
1 4794
1 4753
3 4601 4531 4892
6 4592 4518 4899 4587 4529 4994
3 4732 4504 4507
6 4507 4859 4997 4700 4999 4553
7 4585 4798 4617 4811 4851 4595 4540
5 4561 4985 4926 4879 4752
8 4714 4948 4919 4679 4882 4518 4662 4715
6 4634 4620 4727 4691 4870 4974
1 4783
5 4740 4777 4745 4848 4767
2 4551 4555
4 4564 4800 4915 4539
4 4517 4640 4884 4672
3 4720 4876 4788
3 4512 4991 4678
4 4585 4696 4991 4880
6 4537 4532 4705 4795 4599 4941
3 4567 4771 4566
5 4763 4603 4764 4801 4575
4 4771 4785 4558 4936
3 4698 4626 4670
3 4716 4717 4706
3 4681 4932 4842
7 4565 4981 4748 4965 4841 4741 4879
4 4705 4894 4705 4756
5 4785 4897 4612 4928 4587
7 4623 4875 4662 4873 4920 4540 4672
2 4650 4950
3 4560 4747 4592
2 4672 4828
3 4672 4907 4703
4 4802 4604 4628 4578
7 4811 4620 4823 4781 4677 4732 4689
8 4815 4661 4634 4895 4789 4758 4816 4898
2 4555 4637
1 4523
5 4537 4548 4903 4722 4909
4 4681 4677 4860 4928
5 4729 4725 4982 4701 4772
4 4709 4864 4539 4675
5 4822 4964 4659 4607 4665
5 4730 4703 4899 4869 4856
8 4723 4968 4537 4906 4742 4876 4694 4737
3 4648 4736 4978
5 4744 4591 4531 4586 4666
4 4858 4642 4671 4872
4 4568 4555 4987 4578
3 4593 4967 4768
3 4801 4940 4941
3 4760 4972 4882
6 4542 4883 4986 4860 4983 4631
7 4577 4883 4767 4949 4691 4625 4826
2 4503 4762
8 4803 4989 4748 4701 4677 4946 4574 4864
5 4803 4799 4575 4593 4845
7 4689 4907 4959 4980 4610 4704 4682
7 4845 4595 4627 4890 4878 4551 4920
5 4832 4906 4998 4801 4861
4 4732 4913 4814 4567
3 4694 4875 4702
5 4664 4948 4672 4842 4824
6 4724 4507 4762 4906 4834 4937
2 4590 4986
8 4760 4868 4505 4825 4886 4986 4640 4606
7 4869 4870 4639 4562 4947 4947 4654
5 4801 4831 4790 4806 4661
3 4643 4929 4511
6 4549 4940 4959 4510 4607 4882
3 4618 4902 4506
2 4652 4772
5 4752 4619 4560 4756 4610
6 4674 4875 4779 4619 4624 4662
2 4524 4647
9 4788 4680 4783 4530 4819 4696 4510 4905 4651
2 4765 4591
4 4768 4618 4843 4716
7 4796 4787 4852 4936 4678 4762 4704
4 4760 4565 4697 4718
3 4718 4844 4691
2 4646 4852
4 4665 4820 4860 4742
3 4696 4935 4712
4 4663 4693 4659 4618
2 4887 4557
4 4591 4855 4586 4991
2 4573 4999
4 4521 4703 4700 4892
7 4876 4987 4861 4787 4880 4559 4624
3 4874 4750 4849
2 4607 4767
3 4720 4947 4855
5 4765 4510 4582 4572 4913
6 4642 4984 4768 4814 4975 4707
3 4794 4930 4542
6 4815 4877 4725 4779 4506 4910
4 4660 4726 4573 4724
3 4550 4830 4951
4 4677 4748 4563 4814
1 4645
2 4584 4567
4 4560 4825 4644 4512
4 4647 4966 4845 4875
5 4640 4952 4515 4756 4727
3 4749 4598 4962
2 4724 4811
4 4614 4742 4730 4782
6 4586 4963 4777 4599 4587 4692
3 4647 4951 4824
8 4632 4577 4933 4596 4799 4742 4764 4977
8 4810 4949 4844 4713 4931 4856 4657 4967
6 4885 4938 4580 4742 4790 4767
5 4554 4597 4618 4912 4573
3 4618 4809 4928
5 4841 4969 4518 4784 4773
2 4642 4927
2 4572 4960
3 4549 4900 4567
5 4605 4975 4895 4642 4838
4 4782 4738 4776 4880
2 4929 4764
5 4760 4810 4784 4778 4604
2 4886 4867
4 4586 4638 4867 4835
5 4514 4977 4750 4606 4597
2 4806 4687
3 4520 4718 4562
5 4776 4724 4590 4683 4696
6 4775 4982 4502 4815 4717 4872
4 4909 4883 4743 4883
6 4599 4825 4649 4585 4879 4971
5 4503 4928 4653 4870 4975
2 4750 4846
4 4926 4993 4747 4915
6 4921 4786 4540 4639 4602 4540
4 4513 4519 4653 4811
1 4689
5 4604 4972 4610 4690 4806
2 4644 4973
3 4792 4813 4720
2 4718 4539
4 4874 4886 4662 4667
3 4727 4722 4934
5 4766 4982 4517 4504 4978
3 4564 4551 4922
2 4925 4800
2 4732 4859
4 4651 4842 4730 4704
4 4556 4691 4920 4688
6 4866 4633 4670 4595 4608 4928
3 4861 4629 4703
2 4932 4549
4 4561 4809 4546 4624
4 4727 4541 4948 4757
4 4955 4868 4559 4585
2 4721 4956
5 4752 4669 4741 4759 4826
5 4634 4936 4598 4911 4949
3 4544 4737 4743
4 4942 4551 4591 4927
6 4570 4706 4961 4568 4862 4723
2 4642 4607
2 4874 4597
5 4842 4506 4769 4507 4501
6 4559 4946 4750 4626 4961 4857
2 4681 4869
2 4911 4585
4 4540 4824 4556 4672
5 4881 4545 4869 4518 4882
4 4906 4690 4865 4997
4 4613 4592 4637 4715
3 4872 4663 4609
2 4538 4633
4 4667 4833 4903 4834
1 4580
2 4759 4951
5 4671 4641 4820 4805 4721
5 4641 4814 4708 4757 4792
6 4732 4714 4635 4526 4527 4800
7 4822 4558 4792 4520 4987 4686 4734
1 4876
4 4762 4795 4822 4904
8 5001 5003 5011 5066 5360 5326 5038 5493
5 5000 5002 5004 5007 5138
5 5001 5086 5097 5472 5167
11 5000 5022 5023 5027 5076 5119 5243 5389 5319 5008 5497
8 5001 5005 5006 5012 5019 5349 5009 5289
5 5004 5008 5030 5165 5167
12 5004 5009 5010 5025 5026 5042 5150 5205 5282 5051 5151 5270
7 5001 5015 5016 5236 5268 5178 5093
9 5005 5013 5117 5139 5191 5003 5241 5397 5057
5 5006 5029 5199 5484 5004
8 5006 5032 5060 5082 5156 5205 5439 5450
7 5000 5014 5063 5095 5071 5071 5087
7 5004 5017 5020 5024 5070 5495 5322
9 5008 5036 5273 5070 5227 5401 5493 5110 5253
7 5011 5052 5164 5169 5410 5372 5409
5 5007 5153 5083 5332 5318
4 5007 5115 5287 5491
8 5012 5018 5038 5078 5137 5376 5435 5427
5 5017 5028 5057 5144 5182
5 5004 5021 5390 5267 5478
9 5012 5039 5047 5105 5310 5432 5195 5381 5125
4 5019 5090 5195 5183
4 5003 5035 5069 5110
5 5003 5040 5399 5165 5276
8 5012 5075 5104 5178 5425 5323 5409 5166
7 5006 5033 5051 5053 5113 5228 5142
6 5006 5034 5037 5120 5163 5330
4 5003 5031 5428 5312
8 5018 5059 5077 5132 5167 5298 5475 5327
4 5009 5056 5215 5458
8 5005 5109 5148 5051 5270 5386 5285 5469
8 5027 5054 5089 5124 5162 5320 5305 5310
7 5010 5048 5227 5316 5134 5075 5271
8 5025 5269 5396 5222 5057 5488 5488 5173
7 5026 5049 5050 5292 5445 5324 5491
4 5022 5201 5488 5439
6 5013 5065 5173 5179 5078 5314
10 5026 5116 5164 5202 5228 5241 5333 5166 5392 5093
5 5017 5054 5376 5000 5101
3 5020 5223 5490
7 5023 5041 5045 5046 5134 5214 5297
4 5040 5087 5114 5324
8 5006 5043 5067 5338 5380 5494 5182 5497
5 5042 5044 5168 5255 5333
2 5043 5293
6 5040 5129 5224 5374 5170 5169
7 5040 5314 5409 5327 5047 5094 5266
7 5020 5096 5107 5289 5063 5214 5046
9 5032 5055 5401 5367 5116 5294 5484 5384 5086
8 5034 5071 5101 5366 5342 5065 5093 5176
6 5034 5289 5328 5488 5149 5434
11 5025 5064 5341 5030 5092 5181 5080 5348 5006 5156 5460
7 5014 5058 5074 5085 5421 5268 5267
9 5025 5072 5073 5176 5127 5326 5136 5197 5160
3 5031 5238 5038
5 5048 5062 5410 5308 5149
6 5029 5127 5206 5145 5402 5424
8 5018 5352 5386 5399 5260 5033 5130 5008
4 5052 5106 5123 5235
6 5028 5061 5068 5122 5336 5483
6 5010 5093 5111 5225 5326 5494
9 5059 5128 5277 5328 5107 5281 5396 5373 5481
5 5055 5135 5174 5186 5264
5 5011 5427 5047 5205 5420
5 5051 5081 5100 5278 5447
7 5036 5103 5233 5399 5265 5165 5049
6 5000 5146 5187 5195 5244 5412
5 5042 5165 5177 5317 5460
6 5059 5241 5438 5471 5354 5482
2 5022 5369
5 5012 5102 5197 5013 5242
7 5049 5480 5011 5011 5079 5210 5457
6 5053 5091 5433 5430 5344 5122
9 5053 5084 5121 5204 5446 5482 5324 5246 5208
8 5052 5154 5211 5230 5457 5296 5366 5110
5 5024 5189 5222 5395 5032
5 5003 5083 5099 5275 5416
11 5028 5126 5240 5447 5301 5378 5218 5494 5399 5276 5344
7 5017 5079 5088 5212 5217 5096 5036
8 5078 5080 5257 5428 5071 5280 5467 5308
7 5079 5092 5430 5436 5439 5214 5051
5 5064 5272 5191 5330 5491
6 5010 5124 5203 5421 5107 5375
6 5076 5100 5394 5155 5387 5015
5 5073 5133 5179 5192 5325
3 5052 5271 5265
7 5002 5172 5263 5268 5448 5165 5048
6 5041 5094 5125 5188 5435 5011
4 5078 5089 5432 5489
4 5031 5265 5496 5088
7 5021 5309 5367 5127 5362 5293 5259
5 5072 5112 5395 5203 5388
8 5080 5108 5209 5051 5186 5290 5427 5302
12 5060 5157 5169 5245 5305 5387 5407 5037 5007 5258 5049 5274
5 5087 5207 5164 5373 5046
5 5011 5098 5130 5327 5434
5 5047 5078 5176 5325 5251
5 5002 5315 5384 5107 5297
6 5095 5143 5232 5431 5211 5254
6 5076 5355 5408 5261 5302 5127
4 5083 5278 5334 5064
8 5049 5155 5340 5170 5105 5406 5375 5038
6 5070 5158 5408 5287 5340 5116
7 5065 5251 5285 5487 5106 5439 5135
3 5024 5140 5254
6 5020 5170 5273 5157 5101 5227
7 5058 5145 5321 5488 5103 5194 5159
6 5047 5425 5061 5097 5410 5082
1 5092
5 5030 5161 5413 5452 5231
6 5022 5344 5316 5013 5074 5202
3 5060 5470 5499
6 5091 5151 5160 5220 5263 5355
4 5025 5191 5348 5302
7 5041 5118 5274 5299 5459 5426 5238
11 5016 5193 5271 5165 5337 5128 5316 5493 5149 5165 5225
9 5037 5284 5307 5322 5239 5048 5494 5309 5102
6 5008 5183 5450 5336 5359 5276
5 5114 5130 5136 5412 5338
3 5003 5479 5291
3 5026 5142 5163
3 5073 5218 5406
4 5059 5252 5391 5072
4 5058 5152 5175 5185
6 5031 5323 5082 5486 5248 5493
7 5087 5185 5303 5306 5167 5020 5448
4 5077 5302 5407 5187
8 5056 5377 5249 5090 5053 5427 5141 5099
7 5061 5131 5361 5115 5362 5327 5428
4 5045 5183 5291 5255
7 5118 5159 5247 5309 5244 5095 5057
5 5128 5304 5491 5462 5268
4 5028 5250 5360 5438
6 5084 5141 5203 5285 5382 5205
7 5040 5451 5279 5032 5325 5436 5410
4 5062 5375 5318 5103
5 5118 5149 5311 5389 5053
4 5017 5147 5449 5294
4 5001 5293 5364 5217
2 5008 5486
6 5104 5379 5483 5438 5373 5341
8 5133 5175 5418 5485 5389 5463 5127 5368
4 5120 5276 5313 5025
4 5098 5310 5381 5431
4 5018 5208 5251 5206
5 5106 5196 5215 5372 5056
1 5066
1 5137
2 5030 5166
7 5136 5239 5242 5353 5115 5050 5055
5 5006 5492 5294 5338 5408
5 5112 5364 5199 5387 5006
3 5123 5198 5224
7 5015 5347 5374 5423 5293 5333 5480
2 5074 5337
7 5101 5229 5319 5400 5455 5083 5169
6 5010 5416 5458 5206 5051 5196
5 5093 5414 5466 5105 5177
7 5102 5253 5272 5383 5428 5465 5275
6 5130 5243 5106 5266 5181 5478
5 5112 5259 5490 5207 5053
4 5109 5464 5475 5441
4 5031 5216 5212 5424
6 5026 5234 5331 5390 5417 5120
9 5037 5180 5496 5094 5014 5239 5331 5440 5466
8 5067 5429 5115 5023 5065 5005 5086 5115
6 5148 5440 5285 5370 5037 5024
8 5028 5125 5408 5272 5445 5216 5005 5002
7 5043 5171 5290 5368 5363 5260 5484
5 5093 5333 5014 5155 5045
5 5105 5459 5101 5294 5045
1 5168
5 5086 5221 5456 5412 5480
4 5036 5232 5231 5033
5 5062 5378 5413 5448 5272
6 5123 5270 5403 5141 5438 5433
6 5053 5190 5256 5096 5180 5049
6 5067 5181 5226 5157 5331 5244
6 5024 5276 5007 5385 5368 5349
5 5084 5194 5036 5248 5331
3 5164 5176 5315
11 5177 5184 5461 5477 5457 5395 5051 5381 5203 5349 5159
6 5018 5210 5219 5279 5042 5276
6 5117 5213 5383 5129 5300 5021
6 5181 5246 5436 5259 5484 5297
5 5125 5235 5272 5123 5386
5 5062 5286 5092 5411 5460
4 5066 5489 5400 5126
1 5087
4 5075 5456 5275 5220
4 5176 5224 5248 5316
10 5113 5260 5494 5008 5320 5338 5081 5349 5288 5307
4 5084 5300 5485 5310
3 5115 5261 5390
6 5179 5200 5267 5106 5394 5411
6 5066 5499 5020 5021 5387 5356
2 5145 5156
3 5070 5409 5053
3 5152 5461 5350
6 5009 5337 5424 5448 5151 5425
3 5194 5402 5214
4 5035 5469 5367 5387
4 5037 5433 5412 5110
5 5133 5082 5419 5091 5181
6 5073 5288 5224 5215 5481 5321
6 5006 5010 5485 5063 5379 5133
7 5056 5225 5474 5156 5144 5293 5406
4 5094 5295 5160 5339
5 5144 5362 5467 5073 5412
2 5092 5476
3 5182 5218 5071
5 5074 5422 5471 5098 5373
5 5078 5162 5421 5237 5284
3 5183 5446 5471
5 5040 5080 5047 5200 5341
5 5145 5204 5497 5029 5417
2 5162 5167
5 5078 5237 5467 5138 5312
6 5121 5497 5210 5077 5328 5299
2 5182 5231
6 5112 5351 5350 5189 5251 5450
5 5172 5398 5455 5493 5398
4 5075 5249 5033 5340
4 5039 5289 5231 5302
8 5190 5472 5045 5204 5152 5458 5429 5254
9 5206 5385 5257 5483 5274 5060 5403 5115 5456
5 5177 5337 5353 5402 5422
4 5032 5013 5105 5419
5 5037 5299 5382 5025 5401
3 5155 5286 5401
3 5074 5254 5465
6 5219 5238 5109 5223 5338 5173
5 5098 5173 5318 5312 5475
7 5065 5308 5359 5481 5483 5339 5373
4 5163 5334 5499 5357
5 5058 5281 5185 5436 5316
2 5007 5498
3 5217 5327 5212
4 5054 5231 5320 5114
4 5149 5116 5472 5164
6 5077 5392 5487 5355 5455 5460
6 5037 5420 5452 5068 5008 5306
3 5149 5442 5070
6 5003 5339 5495 5159 5457 5274
6 5066 5326 5335 5130 5252 5177
3 5093 5482 5471
4 5184 5264 5292 5073
5 5130 5266 5370 5439 5313
4 5190 5262 5124 5179
8 5222 5346 5388 5127 5408 5446 5388 5362
2 5132 5481
4 5103 5144 5220 5096
3 5122 5365 5244
6 5158 5393 5340 5299 5013 5475
5 5230 5104 5318 5224 5098
5 5043 5280 5438 5129 5317
3 5176 5258 5415
3 5079 5382 5225
3 5256 5447 5093
8 5160 5291 5369 5467 5184 5358 5362 5090
5 5191 5391 5057 5168 5484
2 5193 5099
3 5248 5467 5408
4 5086 5371 5112 5473
4 5246 5441 5062 5266
7 5089 5065 5479 5390 5445 5297 5085
4 5247 5264 5159 5046
7 5194 5301 5318 5461 5052 5019 5272
6 5007 5283 5086 5271 5052 5131
3 5033 5307 5288
4 5175 5030 5399 5006
6 5115 5419 5418 5268 5085 5032
7 5158 5376 5081 5167 5185 5174 5267
3 5105 5295 5013
5 5114 5329 5225 5243 5093
10 5076 5296 5406 5189 5404 5378 5286 5296 5158 5454
8 5142 5178 5023 5336 5117 5077 5182 5392
3 5061 5342 5380
2 5100 5064
4 5182 5293 5134 5329
4 5255 5442 5079 5337
3 5235 5395 5061
3 5006 5312 5290
5 5268 5294 5481 5420 5342
3 5116 5342 5212
6 5103 5166 5133 5498 5394 5030
6 5186 5378 5328 5275 5229 5332
4 5016 5381 5102 5310
5 5204 5468 5440 5191 5269
5 5050 5223 5047 5004 5428
5 5168 5300 5092 5282 5463
5 5259 5348 5314 5129 5119
4 5034 5426 5436 5246
7 5138 5153 5279 5044 5442 5206 5090
9 5283 5170 5331 5150 5473 5048 5454 5137 5359
4 5273 5444 5452 5207
4 5275 5370 5074 5275
6 5040 5325 5350 5184 5097 5265
1 5028
6 5228 5324 5114 5483 5218 5253
4 5290 5192 5348 5183
4 5267 5343 5356 5077
9 5126 5417 5342 5099 5113 5429 5223 5092 5429
2 5125 5369
3 5131 5444 5313
2 5093 5031
7 5125 5345 5369 5241 5442 5364 5365
5 5116 5363 5269 5396 5191
6 5233 5483 5414 5491 5055 5079
5 5090 5130 5379 5462 5116
5 5020 5143 5287 5192 5031
1 5136
7 5282 5424 5437 5332 5217 5232 5027
4 5142 5304 5247 5471
6 5046 5358 5342 5454 5291 5036
2 5097 5180
6 5032 5110 5190 5115 5356 5235
2 5067 5255
5 5267 5135 5232 5254 5015
2 5155 5003
4 5031 5384 5191 5238
5 5106 5445 5395 5381 5204
2 5116 5012
3 5124 5366 5024
6 5299 5332 5034 5073 5439 5041
5 5297 5357 5084 5134 5096
5 5244 5404 5000 5060 5053
5 5237 5028 5128 5046 5095
4 5050 5061 5218 5286
5 5274 5354 5414 5406 5279
5 5026 5373 5478 5081 5499
7 5163 5294 5459 5177 5164 5415 5179
4 5324 5312 5286 5015
4 5037 5169 5153 5043
3 5100 5443 5234
3 5244 5393 5339
3 5059 5117 5276
6 5226 5199 5115 5154 5280 5465
7 5042 5489 5390 5150 5191 5118 5231
5 5243 5438 5233 5207 5335
4 5101 5102 5253 5222
4 5051 5214 5473 5140
8 5277 5414 5314 5302 5049 5284 5464 5283
1 5301
6 5110 5399 5427 5077 5072 5363
3 5306 5393 5356
2 5249 5497
2 5153 5380
4 5291 5113 5051 5300
6 5004 5419 5181 5191 5446 5178
4 5297 5422 5220 5198
2 5220 5405
2 5057 5491
2 5226 5149
4 5329 5378 5363 5068
4 5099 5240 5484 5112
4 5301 5316 5345 5195
2 5325 5234
4 5314 5402 5259 5485
6 5233 5117 5428 5423 5367 5294
4 5000 5486 5132 5391
5 5128 5465 5407 5444 5433
7 5208 5128 5249 5438 5259 5090 5386
4 5307 5168 5354 5344
5 5138 5378 5151 5306 5386
3 5252 5412 5306
6 5323 5490 5450 5049 5384 5074
4 5090 5048 5201 5359
4 5168 5466 5178 5141
5 5259 5303 5306 5069 5468
4 5247 5166 5296 5375
3 5263 5448 5378
3 5145 5460 5014
6 5330 5140 5094 5233 5211 5061
2 5153 5045
6 5135 5396 5101 5472 5370 5082
4 5272 5038 5017 5417
2 5127 5478
9 5174 5286 5364 5077 5354 5437 5443 5371 5275
4 5140 5309 5414 5205
4 5347 5444 5042 5277
6 5287 5463 5143 5181 5020 5321
5 5257 5228 5477 5463 5133
4 5158 5450 5183 5425
4 5320 5097 5366 5048
2 5225 5178
6 5057 5030 5450 5185 5364 5362
5 5093 5083 5195 5151 5201
3 5249 5249 5091
4 5003 5397 5136 5141
8 5163 5411 5470 5473 5338 5019 5193 5265
4 5260 5497 5122 5360
6 5240 5418 5432 5482 5037 5276
4 5253 5345 5335 5406
6 5083 5395 5420 5194 5442 5285
8 5091 5394 5463 5075 5181 5281 5321 5450
4 5033 5375 5061 5307
2 5389 5008
3 5221 5409 5221
9 5344 5447 5023 5057 5270 5065 5077 5423 5417
2 5155 5187
5 5048 5013 5228 5469 5229
5 5226 5434 5358 5056 5200
3 5175 5445 5225
3 5326 5498 5275
1 5351
8 5275 5101 5121 5443 5329 5393 5490 5206
3 5093 5361 5126
7 5099 5102 5249 5167 5262 5150 5448
5 5398 5046 5197 5024 5014
4 5055 5107 5014 5134
3 5390 5194 5186
9 5118 5479 5202 5066 5365 5416 5428 5172 5208
5 5109 5174 5499 5423 5478
5 5157 5329 5379 5342 5308
3 5256 5331 5431
3 5156 5412 5076
5 5163 5302 5215 5399 5376
5 5392 5271 5141 5497 5491
6 5271 5485 5485 5203 5349 5227
4 5241 5394 5063 5283
3 5052 5212 5082
3 5350 5211 5226
4 5153 5399 5359 5413
5 5312 5462 5199 5056 5162
4 5107 5024 5383 5199
3 5292 5493 5114
6 5344 5454 5063 5017 5127 5092
7 5079 5158 5359 5128 5289 5412 5027
5 5165 5456 5302 5224 5302
3 5080 5465 5072
4 5098 5476 5143 5415
4 5392 5020 5088 5489
5 5202 5435 5072 5175 5361
5 5402 5484 5456 5095 5050
4 5087 5433 5017 5445
5 5080 5184 5292 5235 5134
2 5312 5378
9 5339 5453 5140 5132 5459 5068 5175 5255 5362
7 5080 5492 5247 5324 5103 5010 5035
3 5166 5288 5164
2 5264 5161
5 5242 5306 5394 5293 5280
4 5334 5378 5497 5406
4 5304 5295 5380 5361
6 5403 5034 5167 5321 5435 5265
4 5213 5073 5249 5349
4 5399 5077 5258 5064
8 5371 5199 5174 5086 5468 5454 5125 5408
2 5137 5460
9 5117 5383 5455 5366 5473 5386 5220 5010 5395
1 5134
3 5241 5109 5295
2 5438 5481
5 5427 5314 5448 5294 5275
4 5155 5450 5221 5240
5 5189 5172 5429 5434 5225
4 5074 5181 5243 5071
3 5156 5224 5029
5 5170 5331 5114 5438 5485
6 5372 5449 5240 5067 5186 5051
3 5181 5267 5198
3 5424 5131 5309
5 5381 5395 5382 5141 5290
2 5161 5342
5 5230 5361 5430 5158 5337
3 5157 5368 5164
5 5217 5262 5259 5208 5079
3 5288 5369 5448
3 5201 5401 5030
2 5390 5111
5 5213 5211 5068 5313 5245
4 5002 5224 5239 5375
6 5390 5294 5450 5263 5341 5479
1 5206
4 5028 5161 5253 5232
2 5209 5431
2 5181 5382
5 5330 5377 5019 5413 5159
4 5412 5119 5265 5473
3 5071 5153 5172
6 5233 5250 5283 5453 5204 5061
5 5392 5245 5073 5489 5068
6 5140 5308 5225 5233 5299 5059
8 5009 5497 5184 5434 5355 5168 5260 5048
7 5419 5419 5192 5205 5141 5459 5358
3 5360 5124 5139
3 5103 5240 5493
5 5106 5035 5050 5033 5033
5 5338 5187 5482 5432 5088
4 5366 5160 5039 5406
8 5131 5352 5016 5496 5034 5308 5081 5418
2 5150 5439
7 5426 5487 5013 5115 5221 5124 5000
6 5191 5077 5042 5060 5498 5116
2 5012 5243
3 5164 5089 5491
9 5218 5484 5346 5418 5443 5215 5391 5042 5003
4 5404 5285 5236 5494
5 5195 5234 5413 5330 5111
8 5501 5514 5577 5740 5952 5976 5914 5957
15 5500 5502 5503 5504 5506 5512 5528 5531 5540 5571 5605 5618 5738 5721 5667
5 5501 5507 5558 5630 5627
11 5501 5505 5516 5538 5541 5547 5682 5759 5771 5751 5968
5 5501 5725 5870 5870 5771
11 5503 5533 5572 5585 5622 5876 5652 5938 5706 5548 5700
13 5501 5508 5509 5510 5511 5561 5706 5877 5881 5751 5610 5795 5557
5 5502 5513 5515 5687 5589
5 5506 5966 5700 5563 5512
12 5506 5522 5524 5567 5655 5661 5732 5752 5793 5728 5955 5702
9 5506 5517 5674 5756 5779 5869 5925 5935 5862
8 5506 5536 5553 5680 5558 5601 5652 5859
15 5501 5521 5532 5544 5839 5981 5947 5514 5526 5842 5658 5636 5508 5788 5561
4 5507 5560 5821 5694
9 5500 5575 5691 5718 5742 5512 5731 5978 5702
8 5507 5519 5523 5936 5905 5693 5651 5679
7 5503 5529 5626 5697 5721 5782 5751
9 5510 5518 5634 5665 5708 5889 5894 5740 5742
7 5517 5587 5629 5755 5864 5698 5606
7 5515 5520 5534 5542 5586 5754 5992
8 5519 5537 5917 5995 5952 5534 5648 5618
12 5512 5526 5664 5783 5853 5745 5612 5557 5955 5766 5847 5945
8 5509 5527 5545 5580 5649 5959 5832 5692
3 5515 5555 5564
6 5509 5525 5543 5612 5646 5870
3 5524 5867 5817
11 5521 5530 5568 5570 5574 5599 5735 5828 5986 5944 5512
7 5522 5549 5645 5658 5871 5737 5688
7 5501 5565 5659 5719 5562 5761 5830
5 5516 5562 5582 5630 5631
9 5526 5578 5646 5747 5875 5840 5898 5690 5708
6 5501 5589 5940 5533 5875 5768
10 5512 5551 5554 5616 5653 5752 5742 5754 5874 5836
10 5505 5552 5592 5867 5880 5691 5531 5991 5610 5544
13 5519 5535 5539 5546 5602 5554 5730 5974 5520 5536 5716 5744 5889
5 5534 5610 5943 5752 5757
8 5511 5671 5715 5733 5816 5855 5534 5574
3 5520 5576 5789
5 5503 5590 5942 5889 5643
6 5534 5598 5683 5694 5627 5601
7 5501 5566 5632 5698 5590 5845 5688
8 5503 5714 5670 5595 5664 5711 5797 5702
6 5519 5579 5637 5961 5636 5625
7 5524 5548 5556 5728 5868 5941 5912
9 5512 5557 5686 5898 5557 5808 5963 5533 5582
4 5522 5845 5916 5686
5 5534 5635 5873 5867 5987
7 5503 5550 5583 5663 5699 5886 5778
8 5543 5573 5609 5677 5611 5950 5972 5505
7 5527 5581 5701 5866 5915 5581 5987
4 5547 5621 5894 5609
7 5532 5584 5648 5652 5689 5892 5559
4 5533 5603 5608 5767
4 5511 5606 5678 5794
9 5532 5593 5624 5813 5534 5880 5815 5615 5714
4 5523 5822 5660 5753
3 5543 5951 5718
9 5544 5625 5628 5698 5749 5521 5544 5950 5506
5 5502 5559 5660 5911 5511
6 5558 5737 5581 5666 5551 5786
5 5513 5563 5898 5986 5857
8 5506 5666 5651 5701 5960 5970 5606 5512
5 5529 5615 5709 5528 5813
4 5560 5569 5859 5508
3 5523 5685 5789
9 5528 5638 5915 5689 5961 5800 5850 5841 5964
5 5540 5644 5857 5946 5806
4 5509 5675 5865 5879
3 5526 5804 5653
3 5563 5918 5945
5 5526 5756 5670 5948 5915
6 5501 5860 5903 5577 5917 5584
8 5505 5640 5643 5820 5877 5620 5661 5654
10 5548 5595 5642 5712 5772 5782 5634 5864 5651 5968
7 5526 5695 5787 5664 5820 5536 5940
6 5514 5913 5819 5965 5916 5603
6 5537 5588 5617 5950 5704 5741
7 5500 5852 5877 5895 5803 5571 5774
6 5530 5768 5792 5731 5986 5854
7 5542 5590 5847 5798 5855 5732 5851
6 5522 5597 5619 5833 5804 5825
12 5549 5679 5717 5894 5902 5655 5936 5823 5559 5698 5549 5935
5 5529 5730 5777 5886 5544
9 5547 5600 5636 5896 5702 5645 5981 5691 5937
8 5551 5627 5924 5885 5848 5878 5571 5626
4 5505 5591 5702 5985
2 5519 5971
5 5518 5594 5684 5923 5800
6 5576 5604 5620 5844 5963 5698
9 5531 5623 5687 5774 5889 5507 5998 5797 5961
6 5579 5596 5944 5538 5540 5895
2 5585 5667
4 5533 5837 5924 5737
3 5554 5933 5654
8 5587 5601 5669 5731 5726 5984 5604 5836
6 5573 5541 5861 5596 5923 5792
7 5590 5858 5595 5830 5620 5866 5609
8 5580 5693 5739 5809 5616 5749 5997 5917
7 5539 5624 5975 5782 5771 5905 5843
7 5526 5614 5662 5744 5811 5857 5768
5 5583 5692 5954 5667 5840
9 5594 5639 5647 5851 5862 5998 5511 5861 5539
7 5534 5829 5963 5970 5774 5801 5605
5 5552 5876 5927 5910 5575
6 5588 5613 5722 5633 5594 5968
7 5501 5607 5806 5840 5602 5755 5905
6 5553 5791 5729 5518 5561 5655
5 5605 5611 5619 5626 5922
2 5552 5703
6 5548 5818 5878 5953 5596 5550
6 5535 5713 5506 5830 5533 5731
7 5607 5667 5808 5830 5646 5548 5761
6 5524 5670 5705 5707 5521 5701
2 5604 5672
4 5599 5771 5824 5674
5 5562 5857 5554 5980 5883
7 5532 5787 5887 5597 5642 5622 5850
5 5576 5966 5798 5790 5752
4 5501 5688 5866 5520
4 5580 5607 5852 5888
6 5588 5656 5572 5865 5871 5596
4 5550 5762 5910 5812
4 5505 5657 5988 5616
4 5589 5876 5886 5809
4 5598 5554 5970 5940
5 5557 5633 5807 5856 5542
4 5516 5607 5742 5584
7 5584 5651 5910 5750 5644 5539 5502
5 5557 5676 5764 5718 5644
8 5518 5696 5974 5931 5953 5731 5743 5799
3 5529 5502 5858
3 5529 5776 5671
3 5540 5654 5723
5 5625 5868 5604 5944 5959
8 5517 5991 5573 5791 5733 5949 5785 5923
2 5546 5711
7 5583 5724 5542 5872 5784 5512 5799
2 5542 5641
4 5565 5856 5672 5639
7 5601 5754 5845 5996 5901 5638 5843
5 5572 5716 5979 5984 5856
3 5637 5894 5733
5 5573 5650 5713 5616 5723
6 5572 5908 5977 5784 5538 5948
11 5566 5741 5753 5759 5750 5628 5771 5627 5829 5818 5863
4 5527 5681 5746 5583
6 5530 5773 5611 5833 5805 5524
2 5601 5740
5 5551 5890 5811 5752 5520
3 5522 5957 5892
2 5642 5731
5 5627 5803 5561 5573 5515
5 5551 5673 5505 5926 5511
7 5532 5781 5825 5947 5890 5675 5568
5 5632 5710 5694 5572 5593
8 5509 5891 5581 5684 5727 5707 5606 5950
3 5620 5990 5986
5 5622 5668 5817 5879 5989
4 5527 5726 5512 5665
2 5528 5850
9 5558 5700 5751 5874 5750 5962 5761 5748 5555
4 5509 5859 5883 5572
3 5599 5854 5695
9 5547 5983 5941 5801 5730 5989 5665 5755 5971
9 5521 5690 5956 5820 5934 5994 5541 5574 5899
7 5517 5987 5989 5702 5789 5663 5658
4 5561 5802 5736 5559
7 5611 5983 5501 5782 5591 5600 5734
2 5657 5703
6 5594 5675 5872 5947 5906 5807
4 5612 5541 5940 5570
4 5536 5692 5631 5750
6 5613 5801 5831 5994 5638 5883
5 5652 5887 5940 5822 5682
6 5510 5913 5871 5795 5806 5614
7 5669 5720 5736 5567 5884 5759 5653
5 5628 5765 5939 5922 5962
4 5548 5982 5708 5739
2 5553 5859
4 5581 5795 5515 5950
4 5511 5790 5709 5992
2 5645 5962
4 5503 5875 5922 5673
5 5539 5880 5973 5838 5743
7 5587 5704 5727 5770 5997 5655 5708
6 5564 5729 5881 5929 5968 5820
6 5544 5800 5812 5972 5934 5545
4 5589 5911 5507 5906
8 5618 5778 5540 5744 5951 5527 5806 5855
5 5551 5942 5755 5565 5713
5 5664 5948 5871 5705 5530
10 5514 5816 5533 5913 5761 5583 5908 5698 5779 5700
5 5600 5671 5904 5781 5522
2 5597 5515
6 5539 5921 5654 5740 5513 5732
6 5574 5750 5919 5662 5784 5873
5 5629 5745 5834 5884 5908
4 5516 5758 5841 5884
14 5557 5760 5775 5798 5518 5540 5887 5581 5911 5868 5691 5789 5897 5588
2 5547 5898
6 5660 5508 5754 5808 5505 5691
5 5549 5819 5949 5561 5612
8 5585 5583 5665 5904 5509 5541 5767 5514
3 5668 5608 5847
3 5684 5803 5576
6 5612 5788 5849 5779 5690 5759
3 5506 5997 5505
4 5612 5792 5894 5655
8 5517 5743 5862 5677 5684 5883 5530 5830
4 5562 5815 5901 5680
4 5654 5785 5853 5814
7 5635 5827 5807 5541 5738 5798 5929
3 5573 5897 5781
7 5642 5794 5970 5610 5689 5828 5834
4 5541 5986 5921 5554
3 5536 5793 5890
6 5640 5858 5879 5983 5852 5534
2 5581 5901
3 5514 5628 5556
4 5528 5748 5816 5817
3 5675 5918 5857
9 5516 5780 5836 5993 5501 5755 5925 5992 5885
5 5604 5905 5985 5830 5786
2 5632 5642
2 5636 5754
2 5504 5930
3 5658 5838 5594
7 5684 5797 5914 5888 5655 5759 5865
7 5543 5885 5866 5509 5820 5808 5837
5 5685 5934 5992 5606 5853
8 5582 5734 5761 5967 5663 5534 5885 5810
8 5594 5796 5824 5578 5514 5629 5610 5650
6 5509 5766 5769 5810 5579 5694
5 5536 5641 5634 5945 5920
3 5730 5837 5667
4 5526 5784 5795 5823
3 5675 5666 5808
7 5559 5799 5813 5944 5960 5527 5592
5 5501 5950 5897 5711 5830
3 5597 5855 5677
7 5500 5821 5906 5694 5647 5788 5517
3 5644 5576 5778
6 5514 5920 5532 5626 5940 5517
9 5708 5757 5886 5918 5902 5977 5629 5683 5839
8 5599 5922 5861 5688 5825 5534 5745 5762
10 5696 5767 5915 5521 5787 5788 5868 5910 5744 5814
2 5645 5748
2 5530 5817
3 5719 5660 5746
5 5557 5858 5597 5996 5888
7 5695 5982 5644 5660 5627 5905 5671
10 5660 5763 5936 5506 5770 5503 5971 5516 5850 5764
5 5509 5532 5535 5648 5617
6 5644 5965 5809 5911 5955 5555
5 5639 5700 5532 5519 5724
5 5518 5689 5721 5605 5663
3 5510 5570 5778
2 5743 5535
3 5697 5909 5909
6 5644 5503 5827 5675 5727 5705
4 5698 5958 5960 5955
8 5730 5660 5528 5891 5691 5611 5903 5939
5 5621 5976 5937 5843 5744
1 5751
3 5628 5835 5751
2 5676 5982
3 5732 5978 5521
3 5745 5552 5702
5 5578 5599 5531 5959 5840
1 5732
2 5684 5751
7 5614 5805 5862 5598 5503 5644 5504
2 5573 5899
1 5646
4 5589 5602 5577 5834
2 5698 5885
4 5631 5782 5941 5823
7 5582 5786 5823 5949 5845 5826 5821
5 5688 5741 5756 5547 5825
4 5510 5881 5705 5691
4 5721 5814 5921 5979
5 5653 5937 5692 5712 5978
8 5573 5832 5904 5516 5598 5667 5776 5897
2 5521 5824
4 5735 5643 5695 5636
5 5710 5849 5855 5859 5634
3 5777 5722 5559
5 5616 5893 5903 5574 5745
6 5705 5846 5740 5745 5947 5512
5 5564 5996 5665 5698 5537
5 5680 5842 5938 5617 5992
5 5606 5810 5634 5887 5888
4 5707 5932 5578 5595
4 5715 5509 5997 5908
4 5713 5850 5998 5553
4 5735 5674 5506 5679
2 5731 5953
3 5727 5541 5589
6 5698 5884 5579 5617 5932 5711
4 5737 5931 5629 5636
5 5686 5926 5587 5565 5817
4 5672 5663 5602 5970
2 5666 5969
8 5704 5942 5651 5577 5862 5918 5814 5941
2 5568 5580
4 5771 5809 5646 5857
4 5605 5566 5688 5674
3 5625 5711 5669
6 5611 5963 5736 5728 5700 5544
6 5597 5753 5952 5805 5623 5984
5 5791 5847 5870 5732 5730
3 5599 5648 5886
3 5686 5860 5621
5 5737 5861 5554 5562 5928
4 5780 5803 5710 5745
2 5709 5554
4 5691 5900 5536 5719
6 5657 5886 5747 5525 5719 5800
3 5609 5967 5644
6 5701 5826 5882 5946 5974 5575
8 5572 5994 5664 5728 5831 5574 5885 5685
6 5740 5863 5905 5513 5881 5777
2 5555 5673
7 5777 5735 5945 5581 5900 5776 5866
6 5731 5955 5968 5614 5843 5783
6 5653 5928 5881 5744 5778 5580
2 5819 5777
4 5711 5759 5876 5829
3 5526 5848 5713
5 5602 5833 5644 5931 5827
7 5611 5596 5722 5528 5610 5738 5708
2 5672 5820
3 5782 5987 5522
4 5580 5829 5646 5995
4 5696 5713 5774 5963
2 5764 5955
5 5721 5999 5532 5919 5594
4 5592 5734 5961 5728
3 5726 5918 5683
3 5512 5912 5743
7 5605 5902 5530 5982 5985 5600 5768
5 5697 5843 5967 5907 5565
3 5790 5953 5512
7 5841 5937 5970 5824 5762 5639 5598
3 5588 5855 5884
6 5639 5540 5545 5853 5777 5899
4 5788 5865 5948 5874
4 5579 5810 5703 5521
4 5828 5857 5584 5897
5 5705 5995 5785 5987 5943
5 5794 5659 5616 5751 5565
3 5601 5905 5579
6 5577 5927 5942 5619 5884 5716
5 5710 5909 5521 5845 5729
3 5662 5578 5922
7 5739 5844 5579 5785 5927 5536 5688
4 5625 5638 5865 5640
7 5566 5848 5599 5615 5805 5560 5720
7 5749 5907 5989 5596 5716 5630 5913
7 5661 5563 5678 5511 5987 5785 5882
4 5812 5888 5571 5937
4 5813 5595 5744 5601
5 5771 5708 5601 5803 5510
3 5821 5644 5903
3 5518 5958 5573
5 5846 5567 5620 5856 5727
5 5549 5728 5618 5596 5823
4 5533 5546 5525 5870
6 5543 5633 5925 5984 5698 5745
1 5510
6 5504 5504 5810 5867 5925 5524
5 5527 5674 5620 5690 5976
3 5669 5929 5636
2 5546 5695
4 5660 5846 5532 5928
3 5682 5530 5531
6 5603 5505 5623 5953 5882 5827
3 5577 5506 5572
2 5609 5584
3 5657 5716 5567
4 5533 5683 5554 5934
8 5685 5974 5506 5779 5821 5825 5925 5913
3 5819 5876 5859
5 5661 5997 5708 5672 5615
6 5798 5697 5696 5675 5844 5852
7 5728 5584 5730 5958 5775 5820 5721
8 5743 5916 5582 5817 5547 5811 5623 5946
4 5673 5616 5791 5698
6 5860 5998 5727 5619 5791 5749
4 5589 5538 5517 5534
5 5648 5912 5653 5715 5966
3 5655 5960 5761
3 5551 5924 5649
1 5787
7 5581 5969 5641 5707 5517 5991 5550
2 5577 5590
1 5583
5 5712 5738 5848 5782 5698
4 5560 5544 5699 5530
3 5772 5845 5664
2 5816 5823
3 5709 5717 5639
4 5581 5960 5840 5743
4 5787 5571 5863 5761
6 5782 5952 5692 5702 5997 5986
8 5821 5959 5851 5722 5598 5515 5750 5605
4 5740 5669 5996 5687
3 5858 5972 5841
4 5643 5793 5691 5696
5 5853 5964 5758 5954 5758
5 5627 5621 5603 5973 5745
5 5558 5687 5753 5698 5939
3 5839 5543 5890
5 5575 5674 5691 5881 5858
2 5727 5500
5 5549 5565 5745 5921 5570
4 5886 5919 5545 5575
3 5520 5571 5597
6 5569 5928 5743 5720 5838 5803
4 5695 5916 5936 5836
2 5742 5733
4 5694 5915 5780 5714
5 5744 5676 5682 5854 5607
3 5587 5595 5634
4 5892 5989 5584 5592
5 5510 5868 5721 5881 5870
2 5800 5652
4 5852 5603 5938 5855
6 5918 5825 5813 5874 5995 5943
3 5685 5872 5711
1 5725
3 5799 5829 5629
2 5792 5798
2 5593 5983
4 5729 5664 5686 5880
3 5510 5973 5581
4 5751 5581 5919 5515
5 5843 5762 5781 5860 5583
4 5790 5980 5505 5927
3 5676 5911 5761
7 5673 5531 5670 5970 5742 5624 5574
4 5543 5663 5776 5803
4 5689 5538 5803 5852
3 5535 5849 5928
4 5590 5737 5526 5633
6 5569 5965 5823 5988 5733 5521
6 5819 5566 5996 5965 5993 5886
5 5653 5669 5512 5977 5788
4 5846 5690 5643 5570
3 5701 5777 5634
7 5576 5738 5548 5976 5557 5679 5655
2 5556 5688
5 5904 5809 5520 5955 5500
5 5842 5876 5609 5796 5629
2 5600 5909
7 5824 5835 5509 5952 5753 5521 5760
3 5664 5968 5961
2 5649 5500
3 5864 5760 5885
4 5905 5633 5522 5768
5 5902 5891 5737 5760 5561
6 5542 5997 5565 5956 5837 5589
4 5681 5979 5676 5660
6 5808 5984 5602 5588 5544 5834
3 5909 5975 5565
4 5753 5945 5946 5575
4 5508 5617 5890 5985
3 5818 5730 5841
7 5956 5980 5685 5824 5503 5604 5573
2 5802 5894
7 5713 5843 5602 5561 5940 5801 5624
3 5586 5751 5663
4 5686 5907 5990 5548
3 5935 5683 5910
4 5629 5819 5881 5534
2 5598 5964
5 5762 5500 5977 5950 5871
4 5643 5947 5976 5743
3 5766 5781 5514
3 5962 5640 5780
3 5968 5938 5615
2 5512 5583
4 5750 5677 5765 5840
4 5663 5933 5667 5716
6 5963 5594 5990 5868 5640 5809
5 5585 5722 5997 5966 5840
6 5526 5714 5578 5656 5560 5904
6 5832 5546 5665 5849 5859 5549
2 5622 5945
5 5858 5924 5657 5663 5665
3 5656 5984 5972
3 5634 5533 5894
5 5729 5680 5790 5721 5519
2 5721 5946
3 5672 5820 5664
4 5520 5849 5833 5928
5 5639 5946 5749 5789 5906
8 5883 5706 5961 5793 5684 5597 5985 5904
4 5888 5601 5794 5589
1 5836
11 6001 6004 6007 6112 6203 6393 6107 6420 6058 6174 6142
14 6000 6002 6003 6009 6011 6016 6241 6172 6220 6479 6292 6333 6221 6270
6 6001 6014 6156 6271 6301 6208
6 6001 6005 6445 6496 6373 6193
7 6000 6006 6044 6183 6356 6377 6323
7 6003 6037 6173 6227 6241 6084 6470
3 6004 6008 6155
4 6000 6350 6356 6242
14 6006 6010 6018 6020 6034 6113 6338 6443 6463 6256 6181 6240 6399 6353
6 6001 6024 6028 6105 6208 6466
11 6008 6023 6027 6142 6153 6279 6361 6245 6206 6167 6292
6 6001 6012 6017 6274 6222 6208
10 6011 6013 6015 6019 6057 6060 6270 6438 6030 6190
5 6012 6128 6141 6145 6378
3 6002 6021 6052
8 6012 6030 6055 6081 6107 6155 6242 6174
8 6001 6031 6045 6090 6201 6430 6402 6060
8 6011 6025 6047 6048 6069 6143 6186 6272
9 6008 6049 6102 6299 6425 6263 6040 6021 6131
9 6012 6026 6059 6253 6439 6051 6394 6436 6150
12 6008 6022 6053 6054 6215 6478 6044 6314 6409 6117 6159 6118
9 6014 6036 6039 6062 6389 6022 6452 6018 6244
7 6020 6058 6080 6021 6233 6104 6123
6 6010 6089 6185 6374 6439 6375
10 6009 6033 6068 6071 6114 6150 6191 6302 6368 6490
7 6017 6126 6214 6308 6033 6118 6129
10 6019 6076 6085 6329 6480 6188 6487 6077 6339 6070
6 6010 6029 6131 6145 6202 6489
3 6009 6157 6480
3 6027 6364 6455
7 6015 6035 6136 6012 6300 6121 6383
9 6016 6032 6038 6084 6093 6139 6190 6400 6338
10 6031 6051 6103 6106 6116 6149 6242 6044 6290 6352
12 6024 6041 6063 6066 6272 6083 6112 6396 6236 6025 6398 6271
10 6008 6040 6097 6127 6325 6342 6390 6245 6259 6357
6 6030 6065 6122 6137 6039 6048
5 6021 6056 6251 6269 6350
7 6005 6070 6082 6427 6144 6052 6078
7 6031 6050 6172 6220 6410 6210 6186
6 6021 6042 6341 6498 6035 6052
9 6034 6043 6046 6310 6058 6018 6219 6409 6439
5 6033 6075 6184 6124 6171
6 6039 6198 6051 6407 6298 6402
6 6040 6088 6101 6178 6237 6391
4 6004 6199 6020 6032
3 6016 6284 6257
4 6040 6072 6138 6304
12 6017 6092 6306 6327 6315 6459 6212 6180 6364 6215 6174 6412
4 6017 6108 6499 6035
7 6018 6254 6185 6304 6194 6189 6321
6 6038 6094 6111 6357 6066 6139
9 6032 6343 6486 6074 6042 6019 6436 6152 6169
9 6014 6061 6064 6152 6180 6231 6249 6039 6037
5 6020 6125 6247 6221 6443
9 6020 6067 6212 6131 6439 6456 6277 6211 6123
6 6015 6136 6075 6095 6215 6212
9 6036 6164 6177 6194 6200 6382 6424 6211 6074
2 6012 6294
7 6022 6099 6118 6040 6091 6185 6000
7 6019 6077 6163 6213 6431 6437 6392
6 6012 6171 6189 6448 6313 6016
8 6052 6095 6162 6195 6204 6174 6495 6143
5 6021 6476 6436 6172 6261
9 6033 6091 6117 6192 6347 6299 6454 6455 6444
4 6052 6423 6229 6362
3 6035 6123 6295
4 6033 6079 6478 6050
4 6054 6371 6364 6101
11 6024 6100 6148 6168 6488 6149 6417 6431 6202 6463 6316
9 6017 6073 6188 6230 6366 6392 6303 6207 6367
10 6037 6074 6110 6119 6159 6145 6493 6445 6026 6118
5 6024 6144 6201 6456 6122
8 6046 6098 6124 6160 6316 6462 6390 6145
3 6069 6136 6228
8 6070 6078 6120 6482 6051 6083 6325 6056
7 6041 6449 6421 6055 6171 6170 6370
7 6026 6086 6314 6276 6236 6370 6490
4 6059 6104 6218 6026
9 6074 6206 6352 6495 6474 6212 6143 6221 6037
5 6066 6370 6341 6360 6447
7 6022 6135 6293 6133 6200 6421 6108
9 6015 6083 6087 6176 6305 6306 6135 6237 6242
7 6037 6090 6240 6385 6463 6175 6245
6 6081 6033 6319 6340 6373 6074
7 6031 6005 6473 6172 6457 6401 6356
8 6026 6323 6336 6367 6420 6097 6336 6136
7 6076 6158 6257 6294 6336 6094 6377
5 6081 6239 6358 6404 6191
2 6043 6098
3 6023 6380 6350
7 6082 6170 6331 6016 6279 6198 6143
6 6063 6096 6345 6351 6058 6100
3 6047 6140 6213
3 6031 6295 6471
5 6050 6358 6167 6086 6416
6 6061 6250 6319 6354 6416 6055
5 6091 6412 6231 6431 6180
4 6034 6226 6085 6382
8 6072 6179 6210 6222 6472 6176 6198 6088
8 6058 6134 6245 6158 6214 6291 6245 6246
7 6068 6298 6339 6468 6313 6455 6091
4 6043 6441 6460 6067
4 6018 6335 6230 6321
5 6032 6115 6369 6108 6439
9 6077 6109 6193 6216 6476 6218 6148 6022 6370
5 6009 6121 6426 6174 6199
2 6032 6259
7 6015 6000 6123 6458 6367 6457 6423
7 6048 6151 6103 6206 6298 6220 6080
5 6104 6129 6301 6273 6111
4 6070 6161 6444 6407
9 6050 6133 6207 6235 6260 6260 6373 6494 6109
7 6000 6295 6201 6033 6450 6224 6485
6 6008 6218 6219 6247 6487 6377
6 6024 6211 6284 6310 6230 6329
3 6103 6417 6230
4 6032 6465 6427 6220
9 6063 6196 6288 6303 6320 6418 6020 6298 6222
7 6058 6267 6326 6292 6025 6020 6070
2 6070 6377
7 6074 6337 6157 6434 6406 6473 6330
4 6105 6132 6030 6472
6 6035 6296 6071 6203 6488 6260
6 6065 6372 6107 6054 6272 6022
6 6072 6189 6271 6041 6146 6339
12 6053 6130 6234 6355 6378 6461 6481 6459 6484 6162 6387 6166
2 6025 6406
8 6034 6242 6265 6384 6489 6137 6343 6381
7 6013 6309 6417 6488 6371 6217 6405
7 6109 6243 6468 6199 6353 6025 6414
7 6125 6286 6312 6469 6296 6331 6353
4 6027 6054 6212 6018
4 6121 6489 6374 6356
3 6111 6291 6080
2 6099 6238
6 6080 6372 6153 6202 6393 6081
4 6030 6073 6055 6085
7 6035 6147 6289 6344 6379 6127 6369
6 6046 6181 6228 6287 6494 6199
6 6031 6359 6247 6448 6050 6300
8 6092 6146 6264 6271 6411 6348 6223 6341
8 6013 6169 6174 6196 6159 6491 6429 6277
7 6010 6318 6376 6412 6464 6314 6000
4 6017 6078 6090 6061
3 6071 6037 6460
8 6027 6154 6167 6070 6352 6170 6013 6072
4 6140 6167 6186 6124
7 6137 6332 6394 6399 6158 6296 6451
5 6068 6208 6266 6280 6104
6 6032 6175 6068 6303 6343 6176
5 6024 6315 6181 6334 6019
3 6108 6487 6235
4 6052 6430 6464 6051
11 6010 6209 6254 6436 6260 6302 6169 6135 6340 6378 6389
4 6145 6166 6459 6300
4 6015 6248 6006 6178
5 6002 6197 6260 6403 6375
7 6028 6182 6187 6224 6244 6120 6255
7 6086 6165 6099 6169 6433 6147 6382
5 6070 6322 6274 6141 6020
3 6072 6261 6474
5 6110 6439 6490 6472 6441
3 6061 6125 6170
2 6059 6352
2 6056 6198
2 6158 6230
4 6154 6357 6188 6125
8 6146 6145 6269 6303 6341 6381 6094 6010
5 6068 6481 6371 6331 6299
7 6141 6180 6193 6379 6153 6158 6051
8 6090 6480 6394 6075 6145 6162 6336 6252
5 6060 6205 6408 6075 6041
6 6038 6233 6084 6001 6062 6182
3 6005 6436 6212
7 6141 6015 6061 6435 6105 6000 6047
4 6149 6315 6409 6082
4 6081 6276 6098 6149
2 6056 6318
4 6043 6287 6155 6478
3 6098 6490 6323
6 6052 6252 6262 6169 6047 6096
4 6138 6409 6150 6008
7 6157 6217 6358 6403 6288 6172 6385
2 6004 6487
4 6041 6277 6364 6207
4 6023 6211 6049 6058
4 6146 6301 6017 6038
4 6157 6290 6431 6321
7 6069 6350 6374 6429 6026 6328 6166
5 6124 6221 6060 6267 6049
6 6031 6474 6012 6372 6314 6332
4 6024 6437 6488 6087
4 6063 6225 6435 6436
6 6104 6256 6391 6169 6210 6003
4 6056 6268 6417 6049
5 6061 6229 6278 6300 6434
3 6117 6141 6248
2 6156 6493
4 6042 6090 6164 6098
7 6044 6275 6129 6287 6436 6105 6138
4 6056 6459 6080 6455
4 6071 6365 6112 6016
7 6027 6236 6400 6460 6490 6135 6068
3 6000 6401 6122
3 6061 6470 6380
3 6171 6214 6342
7 6078 6258 6404 6229 6108 6458 6010
9 6111 6263 6415 6370 6223 6220 6184 6069 6302
5 6148 6419 6009 6011 6002
4 6153 6321 6222 6300
6 6098 6038 6466 6193 6443 6454
6 6114 6433 6185 6054 6056 6239
7 6054 6479 6078 6047 6131 6173 6055
5 6059 6409 6092 6475 6481
7 6025 6246 6255 6099 6290 6205 6290
4 6020 6047 6361 6055
3 6104 6335 6337
5 6182 6223 6283 6420 6128
5 6113 6077 6104 6393 6356
3 6113 6252 6040
5 6038 6207 6001 6108 6116
7 6189 6497 6390 6417 6053 6001 6078
6 6098 6445 6011 6209 6394 6117
6 6217 6281 6285 6317 6207 6140
5 6157 6237 6467 6452 6112
4 6192 6232 6374 6280
1 6097
2 6005 6339
3 6138 6282 6073
3 6195 6206 6064
8 6069 6450 6165 6114 6420 6102 6455 6115
7 6052 6273 6313 6414 6391 6096 6284
4 6225 6379 6493 6300
2 6172 6022
3 6125 6394 6268
5 6111 6395 6313 6342 6151
5 6202 6348 6377 6033 6076
7 6224 6477 6463 6254 6468 6043 6081
6 6134 6406 6471 6473 6491 6273
3 6087 6468 6211
7 6082 6269 6334 6369 6435 6414 6008
4 6005 6001 6319 6388
8 6127 6015 6355 6335 6032 6253 6007 6081
2 6129 6352
4 6157 6282 6021 6493
6 6099 6292 6034 6010 6099 6082
5 6214 6485 6367 6342 6099
5 6113 6402 6139 6053 6396
2 6155 6196
6 6052 6440 6469 6388 6450 6448
4 6095 6397 6485 6418
4 6036 6280 6475 6421
5 6180 6344 6219 6280 6170
4 6019 6490 6285 6242
6 6153 6049 6237 6297 6309 6321
4 6214 6422 6498 6157
5 6193 6362 6496 6008 6392
3 6086 6421 6045
4 6206 6363 6277 6380
3 6106 6472 6034
6 6111 6111 6153 6156 6122 6282
2 6160 6062
5 6180 6360 6420 6309 6413
3 6207 6018 6358
4 6140 6296 6410 6409
2 6127 6337
7 6148 6324 6408 6322 6349 6287 6365
4 6118 6417 6348 6189
6 6194 6311 6405 6418 6476 6234
3 6240 6167 6036
5 6012 6396 6302 6422 6001
8 6124 6297 6140 6002 6499 6033 6473 6486
3 6033 6123 6017
7 6231 6346 6353 6109 6238 6353 6378
4 6011 6416 6159 6306
2 6199 6386
2 6176 6076
7 6184 6402 6258 6354 6467 6054 6141
1 6195
5 6010 6460 6090 6483 6353
9 6251 6333 6373 6290 6455 6148 6327 6252 6225
4 6223 6401 6386 6478
7 6228 6244 6373 6338 6283 6336 6260
5 6217 6307 6349 6282 6394
5 6045 6114 6476 6231 6365
3 6223 6295 6253
1 6130
6 6178 6138 6199 6266 6458 6490
2 6117 6182
4 6137 6383 6308 6458
6 6187 6280 6214 6444 6032 6214
3 6133 6099 6358
5 6245 6341 6118 6001 6010
3 6080 6330 6375
4 6086 6057 6409 6473
7 6112 6412 6285 6093 6445 6406 6065
4 6264 6122 6130 6147
3 6271 6254 6328
4 6100 6042 6108 6117
3 6018 6063 6168
7 6195 6030 6154 6382 6232 6139 6209
6 6186 6366 6109 6321 6002 6329
10 6024 6452 6153 6270 6368 6427 6481 6498 6207 6460
4 6117 6167 6149 6069
3 6046 6398 6049
1 6081
5 6047 6499 6081 6308 6274
3 6283 6428 6393
4 6025 6340 6306 6289
4 6128 6432 6262 6254
5 6040 6387 6411 6436 6114
3 6268 6373 6452
2 6130 6411
7 6231 6235 6425 6474 6100 6341 6060
5 6076 6020 6190 6142 6438
5 6150 6047 6175 6428 6438
2 6072 6068
4 6223 6328 6467 6326
2 6142 6177
4 6095 6083 6415 6241
1 6117
6 6209 6301 6254 6102 6049 6187
4 6159 6266 6415 6382
4 6085 6340 6004 6179
1 6266
3 6034 6369 6074
4 6118 6447 6317 6427
5 6047 6386 6484 6392 6280
4 6317 6188 6297 6478
5 6026 6397 6342 6114 6301
2 6293 6120
6 6090 6407 6357 6168 6130 6402
4 6147 6457 6190 6470
3 6280 6456 6001
3 6240 6495 6150
3 6216 6242 6102
6 6085 6086 6478 6282 6170 6085
6 6120 6494 6216 6348 6265 6441
4 6008 6365 6282 6031
5 6100 6475 6026 6227 6124
6 6308 6323 6083 6478 6153 6445
7 6039 6399 6079 6292 6167 6313 6140
7 6034 6235 6329 6463 6246 6490 6205
4 6051 6482 6149 6127
2 6137 6252
1 6091
3 6273 6398 6452
2 6063 6351
5 6236 6337 6267 6140 6499
4 6283 6427 6266 6442
4 6188 6007 6036 6089
3 6091 6347 6427
6 6078 6145 6163 6442 6243 6032
7 6273 6273 6279 6129 6130 6393 6008
2 6095 6277
2 6125 6242
7 6004 6132 6007 6411 6387 6218 6084
4 6166 6050 6331 6034
6 6087 6182 6263 6094 6291 6416
1 6139
2 6262 6079
3 6010 6417 6215
3 6256 6494 6064
4 6258 6381 6479 6441
7 6029 6472 6381 6184 6047 6415 6067
5 6201 6383 6338 6266 6284
2 6069 6301
5 6085 6413 6246 6107 6069
2 6024 6302
5 6240 6325 6103 6137 6391
5 6079 6207 6076 6075 6104
6 6067 6403 6168 6128 6389 6467
3 6123 6135 6190
7 6311 6280 6282 6083 6111 6397 6003
5 6188 6225 6486 6132 6023
4 6293 6406 6156 6023
1 6142
6 6236 6004 6439 6086 6113 6119
4 6125 6153 6273 6013
3 6232 6169 6137
3 6089 6204 6258
5 6363 6364 6167 6499 6127
5 6056 6300 6097 6158 6322
7 6365 6414 6455 6289 6476 6428 6030
5 6127 6416 6442 6448 6468
3 6082 6476 6182
5 6327 6388 6399 6275 6281
6 6310 6473 6405 6125 6356 6450
5 6386 6454 6249 6483 6241
5 6021 6371 6430 6480 6153
4 6034 6221 6072 6402
5 6193 6477 6231 6369 6043
5 6069 6327 6256 6406 6059
5 6000 6307 6135 6218 6353
7 6147 6170 6019 6222 6406 6234 6283
2 6235 6422
4 6270 6446 6033 6247
4 6250 6329 6415 6373
3 6346 6304 6033
6 6386 6341 6147 6427 6467 6008
2 6202 6031
4 6281 6432 6203 6084
7 6277 6410 6247 6042 6016 6331 6390
3 6371 6156 6182
3 6206 6453 6087
4 6268 6494 6387 6128
9 6238 6458 6413 6120 6375 6394 6392 6126 6295
3 6331 6042 6110
2 6266 6171
7 6181 6213 6175 6020 6040 6264 6294
4 6402 6264 6441 6038
6 6310 6312 6436 6140 6496 6356
5 6295 6424 6142 6096 6047
4 6367 6406 6476 6262
4 6383 6231 6240 6129
6 6207 6460 6397 6319 6364 6322
6 6384 6461 6095 6274 6094 6358
7 6128 6115 6221 6361 6068 6267 6194
3 6268 6117 6250
1 6208
6 6085 6262 6000 6230 6217 6490
4 6257 6075 6251 6080
5 6255 6477 6452 6395 6270
3 6064 6470 6107
3 6412 6449 6056
2 6018 6313
3 6105 6455 6461
7 6037 6349 6302 6399 6116 6326 6351
3 6307 6315 6383
2 6188 6141
3 6152 6016 6389
7 6059 6187 6068 6096 6491 6474 6457
2 6309 6401
3 6211 6444 6158
2 6195 6120
3 6192 6240 6174
9 6153 6192 6310 6173 6411 6019 6062 6199 6051
2 6191 6059
3 6012 6315 6314
8 6161 6019 6377 6054 6040 6103 6484 6023
1 6249
5 6101 6410 6363 6161 6337
4 6384 6451 6349 6352
3 6008 6053 6210
5 6110 6433 6290 6487 6063
5 6222 6003 6070 6295 6340
2 6396 6496
2 6326 6079
4 6384 6060 6249 6139
3 6075 6424 6470
4 6230 6112 6249 6387
3 6442 6475 6147
6 6302 6224 6422 6021 6311 6346
2 6404 6490
4 6388 6494 6063 6210
8 6383 6280 6029 6200 6063 6426 6100 6230
3 6071 6333 6054
4 6332 6084 6107 6431
5 6406 6107 6206 6287 6289
5 6154 6483 6125 6047 6200
6 6202 6415 6279 6101 6144 6302
5 6125 6464 6416 6426 6477
2 6072 6466
5 6008 6237 6342 6082 6068
3 6461 6142 6152
2 6116 6492
3 6462 6009 6210
5 6224 6317 6399 6277 6371
5 6129 6100 6239 6384 6237
3 6249 6130 6492
5 6204 6423 6449 6332 6005
2 6238 6093
6 6364 6485 6259 6098 6161 6121
6 6238 6084 6120 6387 6271 6294
5 6190 6078 6160 6313 6431
4 6451 6339 6251 6213
7 6104 6413 6062 6383 6268 6385 6284
4 6237 6422 6391 6461
8 6066 6020 6496 6336 6340 6281 6328 6178
3 6212 6363 6001
4 6026 6170 6028 6389
4 6125 6168 6213 6302
2 6074 6343
4 6459 6388 6279 6485
3 6327 6125 6439
5 6472 6246 6483 6250 6112
3 6051 6374 6271
5 6151 6026 6183 6113 6444
4 6191 6068 6128 6122
3 6027 6132 6127
10 6179 6202 6161 6253 6024 6420 6453 6342 6076 6287
3 6238 6141 6431
2 6465 6469
4 6197 6232 6070 6244
6 6454 6337 6362 6405 6138 6111
3 6334 6078 6061
5 6446 6478 6256 6411 6003
1 6221
3 6039 6255 6302
5 6306 6381 6271 6048 6348
7 6501 6502 6516 6648 6614 6694 6768
9 6500 6504 6507 6530 6584 6713 6905 6923 6891
6 6500 6503 6523 6563 6906 6665
18 6502 6505 6506 6513 6525 6536 6543 6582 6585 6587 6588 6610 6841 6614 6639 6951 6566 6830
9 6501 6509 6511 6528 6547 6583 6695 6874 6878
6 6503 6510 6551 6555 6875 6737
4 6503 6517 6645 6889
9 6501 6508 6531 6532 6605 6610 6926 6686 6897
10 6507 6535 6541 6560 6865 6928 6638 6987 6812 6523
7 6504 6512 6519 6573 6999 6810 6784
13 6505 6576 6589 6594 6595 6627 6637 6641 6679 6681 6757 6977 6650
11 6504 6514 6538 6562 6569 6646 6787 6799 6785 6703 6752
9 6509 6515 6518 6520 6599 6647 6673 6704 6676
9 6503 6684 6878 6937 6697 6937 6978 6987 6569
6 6511 6522 6540 6617 6673 6666
10 6512 6542 6548 6702 6879 6828 6781 6926 6839 6519
7 6500 6556 6557 6701 6732 6738 6666
6 6506 6521 6567 6859 6987 6767
6 6512 6524 6571 6962 6967 6897
8 6509 6612 6632 6814 6935 6904 6515 6544
8 6512 6626 6769 6857 6559 6937 6785 6521
9 6517 6552 6558 6579 6591 6777 6973 6980 6520
4 6514 6527 6654 6998
4 6502 6989 6708 6508
8 6518 6597 6841 6920 6984 6582 6572 6601
5 6503 6526 6534 6873 6803
4 6525 6566 6682 6856
5 6522 6563 6664 6645 6781
7 6504 6529 6568 6947 6708 6532 6770
5 6528 6816 6915 6865 6713
4 6501 6533 6787 6693
6 6507 6663 6705 6709 6812 6706
7 6507 6544 6700 6528 6868 6928 6589
7 6530 6537 6553 6625 6862 6692 6822
7 6525 6539 6546 6549 6554 6893 6634
6 6508 6550 6559 6580 6606 6769
3 6503 6739 6919
11 6533 6622 6624 6628 6952 6733 6822 6810 6875 6589 6990
10 6511 6545 6633 6659 6666 6541 6729 6595 6795 6827
6 6534 6736 6860 6916 6959 6899
5 6514 6614 6974 6552 6633
5 6508 6577 6590 6538 6642
4 6515 6767 6861 6995
7 6503 6581 6676 6746 6788 6573 6831
6 6532 6634 6701 6519 6905 6861
7 6538 6613 6719 6918 6955 6979 6657
6 6534 6833 6846 6725 6953 6761
8 6504 6604 6699 6960 6901 6908 6949 6819
6 6515 6615 6729 6834 6867 6918
4 6534 6725 6992 6768
2 6535 6844
4 6505 6987 6645 6875
11 6521 6561 6832 6841 6789 6540 6703 6593 6674 6689 6700
4 6533 6686 6764 6851
7 6534 6564 6574 6881 6786 6610 6877
9 6505 6801 6927 6792 6594 6705 6974 6732 6645
3 6516 6572 6600
4 6516 6884 6612 6967
4 6521 6578 6669 6934
5 6535 6993 6520 6926 6923
6 6508 6664 6734 6572 6732 6966
7 6552 6598 6687 6902 6884 6949 6991
7 6511 6565 6650 6735 6828 6692 6985
6 6502 6723 6839 6921 6527 6844
5 6554 6620 6707 6581 6602
4 6562 6886 6995 6655
12 6526 6570 6649 6714 6717 6760 6968 6805 6652 6927 6684 6503
5 6517 6988 6662 6927 6621
10 6528 6602 6667 6703 6734 6810 6852 6914 6987 6597
5 6511 6575 6770 6513 6694
6 6566 6657 6766 6676 6955 6752
5 6518 6939 6953 6792 6680
7 6556 6831 6899 6560 6524 6963 6816
9 6509 6630 6635 6962 6821 6543 6755 6810 6621
4 6554 6593 6774 6951
7 6569 6744 6951 6669 6901 6722 6913
7 6510 6755 6777 6791 6938 6933 6882
2 6541 6609
4 6558 6753 6850 6928
6 6521 6675 6742 6910 6941 6795
5 6535 6607 6638 6773 6946
6 6543 6592 6756 6845 6564 6750
6 6503 6603 6621 6670 6524 6827
4 6504 6700 6808 6705
7 6501 6706 6991 6847 6707 6747 6772
7 6503 6586 6643 6995 6941 6860 6959
3 6585 6616 6942
9 6503 6653 6943 6976 6968 6714 6592 6794 6989
6 6503 6596 6652 6873 6916 6593
6 6510 6893 6988 6726 6537 6532
7 6541 6694 6896 6763 6898 6681 6902
5 6521 6807 6620 6747 6757
5 6581 6611 6655 6587 6960
9 6574 6674 6723 6978 6552 6978 6849 6944 6588
4 6510 6671 6876 6555
10 6510 6608 6778 6784 6538 6836 6849 6826 6772 6989
6 6588 6623 6651 6661 6678 6726
6 6524 6639 6955 6892 6611 6568
5 6561 6786 6983 6897 6842
9 6512 6823 6942 6899 6938 6996 6821 6981 6656
8 6556 6601 6606 6706 6767 6776 6795 6701
7 6600 6618 6843 6849 6603 6524 6610
4 6568 6733 6741 6564
6 6582 6660 6757 6601 6676 6667
10 6547 6685 6754 6819 6684 6934 6849 6824 6867 6776
3 6507 6665 6688
4 6600 6821 6877 6535
4 6580 6818 6701 6647
3 6595 6881 6619
5 6577 6763 6908 6953 6879
8 6503 6820 6851 6947 6883 6507 6554 6601
6 6592 6643 6630 6597 6912 6974
4 6519 6810 6688 6557
6 6545 6830 6943 6801 6675 6716
6 6540 6650 6500 6822 6940 6503
4 6548 6800 6856 6930
2 6586 6766
7 6514 6619 6692 6780 6793 6873 6827
5 6601 6931 6732 6947 6949
4 6617 6644 6608 6724
9 6564 6640 6683 6754 6637 6591 6797 6932 6655
10 6582 6721 6981 6744 6922 6731 6688 6908 6567 6573
4 6537 6629 6818 6953
6 6596 6803 6844 6655 6800 6873
4 6537 6758 6832 6948
5 6533 6631 6890 6766 6993
2 6520 6824
3 6510 6722 6791
7 6537 6636 6766 6931 6925 6854 6637
2 6622 6642
5 6573 6668 6961 6611 6731
2 6625 6825
3 6519 6656 6724
6 6538 6747 6765 6540 6922 6882
6 6544 6698 6898 6534 6765 6712
9 6573 6658 6708 6711 6730 6898 6648 6657 6707
5 6628 6838 6704 6987 6747
6 6510 6620 6952 6628 6933 6906
2 6580 6508
3 6597 6760 6503
4 6620 6720 6955 6694
4 6510 6680 6808 6720
4 6629 6691 6710 6541
6 6611 6793 6826 6585 6652 6842
3 6619 6662 6806
8 6506 6900 6919 6527 6677 6555 6551 6655
4 6511 6748 6926 6793
6 6512 6677 6901 6848 6814 6607
6 6500 6776 6794 6815 6635 6911
6 6566 6771 6817 6929 6831 6986
9 6562 6785 6967 6510 6614 6822 6761 6813 6666
4 6596 6925 6767 6779
4 6588 6675 6566 6643
1 6587
2 6522 6689
5 6592 6623 6565 6645 6620
3 6632 6599 6820
6 6570 6690 6791 6635 6545 6690
6 6635 6693 6742 6765 6954 6787
4 6538 6696 6917 6935
5 6603 6682 6715 6792 6976
2 6596 6827
7 6644 6697 6567 6848 6935 6903 6944
4 6531 6709 6764 6784
6 6560 6718 6981 6527 6887 6737
6 6605 6731 6749 6855 6796 6502
9 6538 6843 6786 6650 6989 6909 6516 6514 6834
8 6568 6865 6678 6790 6968 6923 6603 6836
1 6630
7 6558 6672 6809 6575 6908 6851 6978
5 6582 6751 6893 6860 6719
6 6594 6750 6882 6956 6921 6776
9 6669 6737 6957 6980 6972 6933 6889 6861 6761
4 6512 6743 6514 6875
8 6593 6782 6813 6959 6722 6876 6552 6746
6 6579 6935 6652 6882 6699 6613
7 6543 6959 6708 6570 6603 6999 6512
3 6647 6913 6645
4 6596 6740 6667 6892
2 6510 6745
2 6641 6571
4 6510 6774 6822 6590
3 6660 6526 6972
4 6620 6727 6890 6866
4 6513 6604 6886 6566
4 6604 6745 6964 6998
5 6553 6507 6929 6993 6859
9 6561 6716 6752 6975 6901 6837 6689 6817 6933
9 6605 6761 6781 6802 6910 6759 6612 6621 6970
5 6654 6712 6731 6552 6687
2 6657 6657
4 6642 6775 6830 6936
5 6617 6945 6533 6562 6776
5 6658 6790 6892 6793 6530
4 6590 6500 6640 6569
5 6504 6728 6781 6699 6960
6 6659 6796 6972 6777 6733 6697
4 6662 6513 6989 6696
2 6634 6890
9 6547 6770 6772 6866 6703 6953 6744 6695 6675
7 6532 6909 6964 6583 6904 6863 6552
5 6516 6544 6768 6600 6607
4 6515 6829 6984 6942
7 6568 6932 6699 6827 6511 6552 6996
3 6512 6636 6829
4 6531 6555 6729 6583
9 6600 6779 6584 6720 6871 6719 6531 6984 6765
6 6564 6853 6802 6960 6635 6584
10 6635 6858 6870 6941 6971 6523 6528 6991 6676 6732
2 6531 6663
5 6642 6792 6828 6843 6951
2 6635 6829
5 6689 6883 6904 6905 6634
3 6501 6891 6529
5 6566 6759 6958 6587 6918
2 6660 6820
4 6687 6884 6801 6613
3 6566 6890 6824
6 6664 6996 6914 6888 6729 6909
5 6545 6985 6706 6897 6670
6 6640 6762 6918 6706 6641 6819
2 6621 6777
5 6627 6986 6674 6575 6807
3 6563 6593 6968
2 6632 6619
5 6549 6726 6546 6868 6867
6 6596 6589 6986 6725 6775 6903
1 6683
1 6695
8 6548 6770 6982 6538 6979 6705 6718 6960
3 6635 6884 6886
7 6665 6954 6689 6630 6621 6820 6815
7 6516 6836 6708 6618 6560 6555 6879
7 6602 6537 6937 6886 6791 6696 6840
4 6568 6560 6992 6851
2 6562 6803
4 6539 6768 6868 6998
5 6672 6505 6879 6783 6664
3 6516 6811 6838
3 6536 6778 6753
4 6678 6789 6773 6830
3 6602 6894 6892
4 6658 6579 6972 6768
2 6673 6872
7 6575 6934 6621 6885 6858 6699 6887
2 6685 6679
4 6543 6787 6806 6674
4 6633 6591 6584 6636
3 6646 6820 6933
2 6665 6895
3 6671 6830 6581
5 6670 6871 6957 6924 6866
7 6687 6850 6982 6511 6772 6883 6570
4 6578 6958 6739 6812
5 6604 6864 6897 6620 6758
3 6576 6904 6573
4 6581 6805 6869 6895
3 6510 6603 6591
6 6624 6798 6863 6950 6754 6981
5 6714 6688 6996 6779 6798
3 6566 6781 6639
4 6688 6650 6672 6546
6 6720 6795 6842 6841 6783 6922
5 6609 6936 6590 6769 6878
2 6553 6663
7 6658 6806 6990 6633 6899 6634 6706
7 6628 6969 6953 6616 6570 6935 6625
6 6542 6651 6600 6833 6926 6517
10 6736 6873 6888 6925 6979 6500 6701 6549 6742 6815
6 6520 6824 6837 6922 6763 6535
6 6699 6729 6569 6913 6528 6815
4 6649 6797 6933 6811
6 6699 6752 6829 6849 6595 6584
4 6580 6845 6740 6802
4 6681 6970 6574 6923
2 6691 6726
7 6648 6928 6921 6692 6671 6600 6604
7 6521 6576 6811 6721 6696 6960 6823
9 6595 6783 6840 6846 6739 6848 6801 6958 6862
7 6706 6793 6651 6793 6944 6759 6991
1 6617
8 6688 6885 6760 6967 6515 6695 6527 6783
3 6674 6871 6828
6 6778 6958 6762 6737 6836 6781
5 6595 6804 6509 6877 6663
5 6650 6511 6520 6938 6914
4 6598 6788 6554 6666
7 6511 6829 6658 6887 6746 6530 6821
2 6543 6786
6 6740 6797 6552 6812 6858 6835
3 6693 6667 6989
5 6657 6627 6816 6576 6733
5 6710 6555 6660 6571 6982
9 6643 6646 6861 6913 6693 6779 6779 6617 6978
6 6648 6796 6925 6819 6878 6587
5 6762 6600 6538 6579 6904
3 6794 6696 6665
3 6771 6789 6620
5 6758 6913 6946 6759 6994
2 6511 6937
7 6615 6826 6880 6938 6623 6831 6817
5 6555 6920 6778 6613 6716
4 6688 6707 6773 6856
4 6623 6845 6525 6735
2 6784 6988
4 6756 6887 6901 6566
5 6765 6887 6644 6866 6746
4 6591 6835 6881 6722
5 6641 6949 6839 6977 6583
5 6669 6918 6888 6854 6875
9 6568 6842 6948 6509 6612 6537 6851 6951 6573
4 6738 6952 6777 6771
6 6531 6911 6789 6876 6753 6508
5 6674 6862 6916 6831 6650
6 6519 6870 6993 6647 6990 6965
4 6648 6731 6770 6768
3 6529 6791 6572
6 6649 6906 6872 6687 6991 6800
3 6622 6607 6858
7 6604 6982 6892 6720 6794 6821 6547
8 6610 6748 6715 6960 6922 6731 6905 6656
6 6606 6573 6599 6839 6819 6787
7 6681 6976 6537 6650 6941 6614 6533
3 6599 6847 6777
4 6769 6626 6604 6717
2 6631 6868
6 6800 6895 6987 6643 6595 6903
6 6661 6923 6703 6582 6617 6538
4 6562 6782 6515 6710
8 6702 6854 6787 6772 6704 6910 6949 6711
5 6613 6691 6750 6503 6740
5 6572 6813 6649 6543 6800
2 6552 6624
2 6546 6767
2 6548 6666
3 6807 6855 6789
6 6732 6899 6959 6595 6783 6667
3 6769 6930 6687
2 6738 6636
6 6563 6808 6954 6930 6821 6515
2 6778 6733
6 6524 6941 6552 6503 6956 6762
5 6810 6598 6762 6643 6937
3 6601 6666 6710
3 6623 6550 6563
4 6803 6773 6581 6957
3 6546 6873 6778
5 6823 6848 6889 6584 6947
7 6847 6907 6778 6974 6662 6850 6647
6 6601 6604 6895 6595 6772 6593
3 6752 6578 6848
7 6610 6925 6810 6553 6669 6900 6734
2 6568 6891
3 6707 6855 6979
4 6829 6809 6628 6915
6 6665 6991 6853 6961 6835 6944
5 6615 6963 6526 6942 6802
1 6520
4 6708 6818 6789 6744
4 6517 6896 6902 6686
3 6539 6670 6585
4 6542 6793 6672 6544
3 6813 6533 6778
2 6758 6700
2 6754 6930
3 6667 6508 6529
4 6699 6683 6806 6751
5 6548 6932 6604 6725 6872
6 6736 6872 6825 6999 6532 6725
2 6756 6977
4 6708 6945 6814 6982
5 6782 6903 6706 6751 6992
4 6868 6817 6743 6867
7 6768 6899 6846 6525 6617 6588 6623
3 6504 6966 6901
5 6505 6537 6809 6673 6551
3 6594 6674 6812
5 6606 6957 6939 6784 6554
5 6513 6991 6794 6763 6504
5 6515 6737 6957 6732 6609
2 6800 6988
5 6554 6964 6608 6807 6946
6 6671 6972 6994 6675 6576 6633
4 6712 6993 6610 6752
5 6557 6561 6716 6730 6914
2 6781 6744
4 6565 6733 6684 6730
6 6805 6940 6806 6787 6664 6744
3 6768 6809 6718
3 6506 6847 6672
6 6625 6946 6717 6683 6698 6941
3 6852 6713 6501
5 6693 6819 6597 6678 6741
4 6670 6589 6534 6997
3 6741 6979 6986
7 6826 6924 6756 6907 6849 6749 6942
2 6859 6590
7 6754 6996 6598 6507 6518 6719 6918
4 6635 6978 6634 6590
8 6873 6997 6599 6836 6929 6572 6765 6539
2 6645 6851
6 6805 6687 6575 6547 6874 6647
3 6561 6859 6590
4 6871 6662 6826 6726
6 6712 6987 6755 6519 6700 6795
8 6501 6912 6979 6999 6940 6820 6544 6712
3 6817 6502 6637
3 6848 6895 6943
4 6609 6547 6669 6621
3 6700 6666 6718
3 6688 6829 6579
3 6812 6648 6934
2 6905 6611
8 6677 6920 6798 6793 6919 6770 6575 6917
5 6568 6718 6884 6785 6967
2 6529 6854
3 6539 6813 6588
4 6659 6944 6923 6913
6 6809 6545 6720 6548 6714 6897
3 6536 6913 6645
3 6913 6524 6801
4 6563 6671 6996 6776
6 6769 6820 6621 6633 6762 6952
7 6827 6501 6774 6943 6917 6667 6559
4 6895 6974 6972 6751
6 6794 6768 6651 6851 6628 6943
6 6646 6515 6559 6507 6974 6767
3 6555 6566 6567
5 6776 6508 6578 6532 6974
4 6649 6936 6899 6686
5 6615 6837 6839 6864 6949
2 6618 6628
3 6703 6867 6620
8 6771 6998 6748 6672 6637 6986 6576 6687
4 6744 6911 6604 6558
8 6675 6659 6519 6986 6662 6977 6766 6993
3 6929 6763 6691
6 6513 6733 6520 6513 6842 6799
6 6800 6965 6599 6576 6785 6957
2 6571 6877
4 6887 6980 6905 6614
6 6708 6841 6822 6890 6585 6579
5 6599 6586 6702 6856 6895
5 6587 6923 6925 6613 6907
6 6917 6779 6958 6855 6662 6593
2 6870 6692
4 6580 6890 6798 6881
4 6610 6528 6618 6847
2 6810 6624
6 6808 6547 6561 6618 6829 6930
1 6758
5 6575 6574 6810 6503 6710
4 6537 6811 6637 6922
6 6622 6766 6699 6571 6609 6546
3 6731 6658 6839
4 6640 6545 6597 6570
4 6671 6997 6841 6970
6 6672 6877 6751 6845 6879 6938
5 6714 6783 6753 6778 6944
5 6539 6674 6836 6676 6585
9 6547 6986 6820 6964 6707 6777 6729 6592 6695
3 6630 6855 6972
2 6518 6573
2 6856 6572
4 6881 6685 6700 6960
2 6938 6814
2 6874 6560
6 6650 6781 6518 6983 6557 6914
5 6566 6992 6587 6723 6667
1 6766
3 6774 6956 6688
1 6708
7 6882 6924 6672 6742 6696 6682 6961
1 6521
7 6924 6540 6555 6848 6926 6611 6928
1 6687
4 6822 6660 6587 6998
4 6510 6808 6869 6935
6 6898 6593 6513 6593 6793 6669
7 6905 6983 6768 6545 6729 6894 6853
4 6672 6521 6991 6940
4 6621 6664 6599 6758
5 6752 6819 6870 6729 6792
3 6979 6598 6967
3 6702 6524 6706
2 6719 6562
8 6722 6960 6726 6935 6933 6894 6649 6990
8 6904 6551 6826 6508 6517 6568 6513 6636
4 6880 6589 6567 6804
6 6523 6697 6666 6595 6790 6587
4 6765 6814 6537 6986
8 6855 6980 6708 6584 6878 6779 6817 6561
4 6549 6968 6871 6734
6 6559 6883 6814 6686 6935 6625
2 6882 6798
3 6565 6585 6542
6 6718 6897 6921 6599 6703 6759
3 6899 6956 6893
5 6933 6522 6976 6736 6685
4 6509 6905 6676 6868
8 7001 7004 7015 7028 7235 7064 7174 7413
11 7000 7002 7003 7052 7131 7335 7161 7373 7008 7017 7189
7 7001 7011 7090 7109 7207 7424 7389
11 7001 7005 7010 7014 7022 7035 7121 7184 7302 7025 7030
7 7000 7013 7033 7067 7217 7249 7027
12 7003 7006 7007 7023 7029 7031 7068 7088 7199 7276 7227 7062
9 7005 7012 7056 7064 7360 7459 7335 7156 7037
13 7005 7008 7009 7041 7087 7413 7419 7274 7054 7059 7314 7270 7194
12 7007 7017 7018 7045 7050 7057 7102 7165 7309 7404 7001 7395
4 7007 7051 7175 7455
7 7003 7016 7034 7096 7162 7482 7169
9 7002 7108 7122 7290 7374 7319 7465 7354 7064
5 7006 7141 7403 7467 7304
9 7004 7042 7152 7267 7271 7345 7109 7415 7219
10 7003 7024 7027 7100 7129 7322 7403 7456 7217 7199
11 7000 7020 7037 7049 7369 7420 7417 7086 7255 7260 7189
7 7010 7230 7305 7456 7446 7024 7099
2 7008 7001
6 7008 7019 7026 7030 7439 7414
7 7018 7021 7025 7111 7343 7481 7413
3 7015 7044 7104
11 7019 7036 7114 7134 7358 7379 7088 7314 7322 7423 7267
9 7003 7066 7154 7337 7136 7218 7470 7179 7417
9 7005 7059 7082 7137 7197 7214 7453 7465 7223
8 7014 7065 7251 7390 7150 7236 7016 7386
12 7019 7060 7089 7124 7196 7472 7248 7325 7337 7003 7167 7473
6 7018 7078 7105 7159 7192 7239
8 7014 7274 7384 7055 7004 7104 7422 7415
5 7000 7032 7156 7430 7306
8 7005 7038 7138 7144 7153 7155 7457 7432
10 7018 7083 7093 7147 7163 7255 7283 7307 7339 7003
10 7005 7040 7043 7285 7374 7088 7372 7277 7156 7469
7 7028 7216 7243 7447 7426 7240 7354
11 7004 7039 7048 7069 7160 7318 7362 7331 7077 7382 7352
10 7010 7167 7211 7469 7492 7364 7217 7313 7310 7431
7 7003 7047 7091 7126 7151 7205 7366
3 7021 7496 7058
8 7015 7046 7139 7109 7419 7006 7186 7481
12 7029 7092 7123 7142 7143 7193 7212 7269 7075 7427 7049 7230
3 7033 7450 7432
9 7031 7146 7389 7444 7226 7242 7053 7088 7154
2 7007 7099
4 7013 7409 7499 7280
8 7031 7054 7287 7376 7153 7478 7417 7483
6 7020 7077 7103 7119 7444 7482
8 7008 7081 7186 7195 7210 7404 7153 7441
9 7037 7061 7063 7161 7353 7391 7443 7362 7343
7 7035 7079 7424 7190 7147 7137 7311
4 7033 7055 7435 7205
9 7015 7094 7128 7178 7221 7362 7219 7139 7038
8 7008 7058 7062 7086 7130 7172 7076 7404
7 7009 7053 7349 7462 7263 7363 7165
5 7001 7382 7149 7173 7405
8 7051 7135 7145 7182 7403 7040 7263 7245
9 7043 7174 7237 7297 7330 7366 7087 7181 7007
5 7048 7371 7208 7027 7242
5 7006 7076 7336 7063 7373
6 7008 7459 7181 7424 7071 7330
7 7050 7101 7252 7400 7466 7036 7194
4 7023 7071 7471 7007
6 7025 7340 7132 7095 7289 7235
5 7046 7125 7422 7350 7231
5 7050 7070 7342 7074 7005
9 7046 7171 7276 7308 7478 7315 7056 7065 7075
8 7006 7073 7074 7294 7000 7358 7331 7011
4 7024 7080 7286 7063
6 7022 7072 7265 7293 7124 7401
3 7004 7463 7220
4 7005 7085 7205 7428
4 7033 7314 7413 7367
9 7062 7331 7451 7273 7132 7129 7099 7382 7223
4 7059 7338 7057 7478
9 7066 7075 7194 7198 7256 7272 7197 7283 7083
6 7064 7097 7098 7107 7113 7214
7 7064 7134 7282 7445 7424 7062 7143
7 7072 7117 7176 7367 7461 7038 7063
3 7056 7443 7050
7 7044 7190 7237 7033 7385 7089 7499
3 7026 7287 7478
3 7047 7270 7453
4 7065 7433 7261 7418
6 7045 7084 7301 7338 7477 7207
8 7023 7095 7112 7278 7355 7388 7134 7438
6 7030 7127 7210 7417 7230 7072
7 7081 7120 7135 7405 7184 7326 7470
4 7068 7284 7250 7108
6 7050 7181 7206 7325 7015 7350
3 7007 7168 7054
8 7005 7242 7326 7021 7031 7040 7142 7264
8 7025 7225 7399 7390 7077 7158 7137 7455
4 7002 7127 7143 7136
2 7035 7128
5 7038 7431 7347 7150 7219
8 7030 7106 7116 7224 7407 7107 7203 7468
5 7049 7470 7394 7117 7401
5 7082 7118 7127 7060 7446
4 7010 7215 7431 7190
5 7073 7157 7180 7227 7258
4 7073 7356 7113 7444
7 7041 7110 7115 7483 7016 7070 7220
5 7014 7377 7402 7447 7432
6 7058 7140 7202 7426 7237 7375
3 7008 7397 7430
3 7044 7158 7150
6 7020 7149 7421 7365 7027 7425
2 7026 7124
4 7093 7132 7344 7202
4 7073 7093 7272 7290
3 7011 7266 7085
4 7002 7013 7037 7119
3 7099 7179 7248
2 7019 7317
2 7082 7170
4 7073 7303 7136 7098
4 7021 7166 7327 7170
4 7099 7429 7303 7144
7 7093 7187 7254 7292 7256 7426 7220
11 7075 7148 7348 7387 7365 7473 7376 7405 7457 7451 7094
2 7095 7280
8 7044 7150 7425 7292 7109 7257 7192 7276
6 7084 7133 7487 7189 7266 7370
3 7003 7290 7304
1 7011
3 7038 7449 7164
5 7025 7389 7066 7105 7328
1 7061
5 7035 7327 7383 7356 7492
12 7083 7136 7247 7306 7341 7136 7090 7279 7183 7095 7468 7210
6 7049 7328 7332 7091 7273 7270
6 7014 7418 7480 7185 7070 7363
8 7050 7437 7312 7164 7219 7168 7469 7447
1 7001
8 7106 7268 7321 7276 7060 7070 7304 7189
7 7120 7191 7300 7155 7301 7296 7184
7 7021 7204 7485 7074 7082 7436 7218
7 7053 7169 7084 7368 7279 7188 7369
9 7127 7458 7127 7022 7231 7113 7319 7090 7469
6 7023 7183 7486 7089 7047 7395
4 7029 7293 7302 7211
3 7037 7049 7228
5 7101 7208 7148 7442 7429
5 7012 7257 7352 7394 7215
6 7038 7200 7282 7384 7088 7483
3 7038 7090 7074
4 7029 7295 7327 7115
4 7053 7240 7324 7249
7 7040 7177 7304 7487 7188 7394 7258
4 7030 7208 7391 7047
7 7117 7304 7475 7140 7358 7475 7361
4 7104 7246 7052 7327
5 7119 7024 7092 7340 7103
4 7035 7220 7418 7249
5 7013 7213 7241 7301 7271
5 7029 7396 7043 7045 7189
4 7022 7253 7293 7040
2 7029 7133
4 7028 7334 7006 7031
4 7097 7264 7317 7393
4 7103 7164 7089 7161
8 7026 7173 7463 7261 7476 7290 7161 7242
5 7033 7203 7411 7215 7261
7 7046 7001 7159 7391 7246 7158 7301
3 7010 7401 7332
5 7030 7299 7242 7493 7332
3 7158 7130 7123
3 7008 7223 7051
4 7114 7188 7449 7368
7 7034 7234 7261 7318 7174 7190 7025
3 7087 7130 7487
5 7135 7185 7464 7434 7010
8 7112 7189 7209 7239 7388 7425 7114 7399
4 7063 7309 7184 7244
2 7050 7214
3 7159 7052 7378
5 7054 7201 7000 7167 7275
4 7009 7298 7372 7245
2 7075 7217
4 7146 7245 7311 7356
3 7049 7322 7408
4 7110 7222 7022 7283
2 7097 7445
6 7086 7412 7301 7057 7054 7365
3 7053 7452 7296
6 7137 7238 7260 7127 7227 7391
7 7003 7226 7392 7084 7244 7133 7171
6 7169 7277 7310 7129 7450 7232
3 7045 7250 7037
4 7116 7262 7364 7374
7 7166 7233 7315 7135 7146 7395 7292
8 7170 7232 7319 7120 7132 7001 7153 7015
5 7077 7323 7167 7047 7096
2 7133 7259
6 7026 7196 7484 7471 7349 7119
4 7038 7370 7273 7459
7 7072 7288 7248 7275 7058 7224 7007
7 7045 7308 7489 7259 7475 7448 7493
3 7025 7192 7407
8 7023 7072 7443 7311 7411 7267 7366 7308
6 7072 7250 7263 7327 7401 7310
4 7005 7244 7014 7216
3 7142 7296 7471
4 7174 7440 7320 7469
8 7101 7229 7467 7245 7297 7106 7246 7446
4 7160 7093 7323 7391
5 7134 7351 7457 7273 7314
6 7035 7398 7048 7432 7443 7068
7 7086 7236 7432 7459 7304 7384 7481
5 7002 7231 7311 7409 7081
4 7147 7140 7055 7457
4 7170 7380 7405 7443
7 7083 7219 7248 7464 7045 7127 7254
4 7034 7291 7346 7138
3 7038 7460 7416
2 7152 7290
5 7073 7228 7023 7172 7280
5 7096 7218 7359 7160 7141
11 7032 7223 7275 7316 7356 7286 7297 7315 7349 7442 7199
10 7004 7259 7325 7461 7034 7014 7345 7415 7176 7296
5 7215 7289 7414 7022 7134
7 7210 7416 7013 7049 7493 7130 7092
7 7151 7288 7452 7222 7116 7099 7067
3 7049 7497 7285
5 7179 7334 7406 7220 7236
8 7216 7439 7441 7165 7450 7404 7023 7070
5 7093 7302 7477 7230 7194
5 7089 7436 7497 7281 7242
5 7184 7286 7320 7040 7387
5 7097 7492 7005 7269 7183
6 7214 7413 7473 7312 7139 7277
4 7202 7365 7299 7365
8 7016 7350 7292 7224 7360 7348 7083 7038
6 7207 7314 7381 7061 7136 7408
4 7189 7185 7291 7434
3 7188 7274 7249
2 7167 7427
5 7000 7263 7297 7401 7060
7 7206 7333 7385 7426 7024 7222 7401
4 7054 7375 7101 7077
1 7183
4 7170 7477 7026 7333
3 7145 7032 7316
2 7152 7270
7 7088 7163 7341 7040 7159 7055 7225
5 7032 7454 7368 7459 7308
5 7199 7340 7184 7451 7171
7 7177 7279 7329 7292 7202 7175 7053
5 7149 7273 7202 7161 7346
3 7127 7459 7402
7 7210 7253 7475 7110 7025 7194 7328
4 7004 7145 7233 7151
4 7198 7354 7186 7085
3 7024 7395 7374
2 7058 7270
5 7248 7281 7460 7154 7364
5 7116 7312 7419 7475 7210
3 7030 7456 7015
3 7072 7311 7116
7 7141 7320 7495 7436 7119 7279 7491
4 7097 7304 7462 7146
4 7217 7191 7195 7400
4 7183 7378 7338 7015
6 7167 7080 7159 7284 7301 7160
5 7187 7292 7267 7338 7300
10 7198 7341 7495 7235 7051 7485 7053 7463 7397 7443
8 7157 7357 7361 7395 7434 7408 7301 7088
1 7066
3 7108 7120 7284
5 7013 7262 7197 7021 7295
2 7132 7448
2 7038 7227
7 7079 7410 7252 7128 7300 7007 7241
4 7013 7296 7393 7152
5 7072 7409 7356 7385 7107
6 7246 7070 7204 7128 7419 7193
3 7027 7007 7233
9 7216 7428 7293 7339 7305 7174 7314 7194 7376
6 7063 7432 7005 7132 7382 7119
6 7185 7279 7279 7031 7228 7344
3 7082 7359 7488
9 7245 7479 7475 7127 7277 7385 7277 7135 7257
3 7118 7042 7214
4 7253 7225 7337 7328
6 7142 7491 7328 7074 7401 7330
7 7030 7347 7285 7179 7459 7072 7437
7 7085 7338 7383 7261 7413 7426 7266
8 7031 7283 7314 7343 7332 7473 7444 7221
4 7226 7216 7065 7425
4 7043 7423 7078 7389
4 7220 7313 7495 7194
4 7218 7405 7318 7060
7 7011 7213 7159 7318 7121 7107 7371
3 7211 7298 7232
6 7116 7245 7262 7119 7230 7188
5 7066 7138 7491 7275 7154
2 7064 7308
4 7144 7304 7364 7267
6 7271 7200 7182 7133 7217 7359
5 7054 7216 7235 7202 7497
2 7175 7291
4 7163 7446 7486 7229
5 7133 7493 7458 7270 7262
11 7081 7466 7474 7152 7181 7133 7264 7373 7261 7161 7380
7 7003 7321 7224 7342 7138 7469 7411
4 7113 7368 7115 7364
8 7146 7148 7258 7206 7132 7012 7295 7121
5 7016 7417 7275 7329 7343
6 7127 7420 7369 7028 7353 7373
3 7030 7343 7327
6 7063 7195 7294 7243 7197 7482
3 7008 7474 7171
5 7185 7431 7401 7034 7198
6 7207 7256 7412 7177 7197 7047
4 7254 7130 7228 7427
3 7288 7479 7034
9 7231 7384 7021 7069 7285 7275 7204 7007 7400
3 7188 7063 7216
4 7216 7412 7356 7240
3 7157 7375 7111
4 7033 7167 7290 7289
3 7189 7011 7136
4 7226 7465 7257 7201
2 7302 7132
4 7178 7014 7422 7021
5 7190 7356 7203 7430 7493
3 7145 7437 7379
5 7217 7025 7086 7365 7459
2 7088 7084
6 7126 7114 7149 7144 7307 7198
8 7128 7282 7343 7330 7351 7124 7281 7248
2 7245 7305
4 7054 7328 7057 7282
6 7070 7425 7033 7342 7064 7463
4 7128 7162 7285 7163
4 7236 7335 7239 7386
2 7222 7156
4 7001 7484 7333 7006
2 7056 7355
5 7022 7340 7412 7025 7281
8 7284 7071 7081 7411 7260 7386 7262 7349
2 7030 7275
4 7060 7337 7244 7150
4 7263 7476 7127 7242
5 7062 7302 7331 7371 7459
10 7019 7363 7427 7307 7482 7328 7285 7489 7305 7046
2 7106 7277
4 7013 7418 7457 7217
5 7211 7411 7483 7246 7426
3 7283 7092 7380
2 7117 7230
5 7051 7216 7192 7481 7338
4 7230 7061 7359 7086
3 7204 7399 7328
5 7141 7377 7456 7033 7462
3 7046 7413 7306
3 7250 7032 7011
5 7082 7455 7477 7336 7384
7 7216 7323 7272 7098 7316 7126 7177
2 7264 7499
7 7021 7452 7497 7424 7064 7148 7403
5 7278 7350 7215 7296 7451
6 7006 7373 7401 7415 7230 7430
2 7264 7148
5 7049 7499 7033 7046 7451
4 7343 7499 7051 7129
6 7187 7386 7034 7253 7295 7303
6 7229 7117 7104 7229 7181 7325
4 7054 7494 7035 7197
2 7075 7069
5 7303 7370 7135 7243 7166
3 7015 7306 7135
3 7368 7193 7120
5 7055 7385 7387 7342 7290
2 7175 7031
5 7360 7001 7056 7301 7306
4 7031 7011 7251 7187
3 7237 7317 7101
3 7043 7117 7275
4 7100 7352 7474 7391
2 7260 7173
4 7021 7386 7441 7324
3 7209 7347 7301
1 7231
4 7052 7033 7276 7070
3 7126 7483 7284
6 7027 7314 7142 7355 7400 7206
7 7236 7371 7077 7279 7394 7272 7408
6 7364 7468 7338 7379 7333 7024
4 7117 7496 7371 7226
3 7170 7082 7452
5 7040 7124 7463 7287 7002
3 7024 7089 7493
7 7147 7046 7161 7377 7203 7454 7183
2 7184 7438
3 7271 7489 7157
4 7141 7385 7094 7146
5 7251 7264 7008 7137 7188
2 7153 7461
3 7102 7429 7263
3 7205 7476 7404
4 7089 7453 7170 7351
6 7058 7487 7259 7438 7384 7314
9 7360 7162 7310 7066 7198 7282 7235 7236 7094
4 7100 7462 7476 7247
4 7012 7014 7053 7358
7 7008 7463 7045 7398 7223 7476 7050
5 7289 7084 7209 7117 7052
1 7222
3 7093 7470 7196
6 7178 7439 7231 7264 7385 7427
4 7272 7042 7207 7466
4 7270 7476 7433 7470
6 7346 7428 7338 7160 7197 7302
4 7181 7337 7316 7311
7 7228 7019 7007 7353 7284 7069 7000
3 7218 7435 7018
4 7360 7013 7217 7027
2 7219 7212
7 7305 7015 7083 7489 7043 7022 7418
6 7129 7345 7080 7151 7417 7472
6 7254 7462 7007 7498 7037 7273
5 7015 7493 7306 7435 7447
4 7104 7434 7442 7466
3 7061 7322 7027
2 7287 7021
5 7002 7047 7057 7358 7074
6 7170 7450 7331 7119 7104 7286
6 7101 7032 7236 7116 7284 7346
5 7343 7312 7234 7038 7408
3 7411 7275 7068
4 7397 7438 7115 7140
4 7102 7028 7323 7360
4 7310 7092 7096 7034
6 7206 7276 7205 7029 7100 7039
2 7080 7410
6 7421 7489 7476 7264 7169 7232
3 7414 7048 7420
3 7225 7257 7134
4 7130 7453 7324 7283
4 7429 7400 7082 7392
4 7223 7498 7408 7018
1 7201
4 7223 7379 7471 7045
3 7421 7140 7216
6 7076 7205 7046 7197 7263 7209
4 7040 7098 7285 7044
2 7180 7074
4 7299 7016 7202 7095
4 7032 7420 7100 7130
2 7268 7195
2 7123 7166
5 7425 7484 7223 7039 7185
7 7070 7244 7482 7117 7483 7359 7362
5 7358 7220 7182 7388 7467
4 7437 7399 7023 7079
2 7243 7391
3 7009 7355 7089
5 7016 7255 7352 7014 7482
5 7029 7204 7345 7208 7117
2 7136 7300
10 7206 7057 7247 7006 7243 7283 7342 7325 7193 7483
2 7212 7253
4 7217 7476 7075 7396
5 7051 7419 7258 7402 7352
6 7159 7404 7389 7263 7067 7331
4 7169 7210 7489 7489
3 7320 7011 7023
6 7301 7058 7421 7476 7497 7409
4 7012 7479 7202 7452
3 7386 7127 7093
6 7034 7130 7031 7201 7302 7136
5 7407 7022 7094 7084 7410
4 7059 7192 7441 7200
2 7025 7418
4 7228 7117 7025 7285
3 7301 7377 7309
6 7248 7254 7148 7279 7195 7148
9 7341 7461 7434 7398 7466 7159 7404 7402 7410
4 7239 7224 7081 7355
4 7063 7043 7078 7071
3 7467 7279 7313
1 7129
4 7019 7349 7037 7206
7 7010 7490 7343 7451 7456 7044 7308
8 7383 7498 7346 7099 7451 7043 7142 7459
3 7335 7450 7192
2 7134 7263
2 7299 7137
4 7120 7146 7400 7168
1 7278
7 7393 7195 7434 7464 7464 7417 7343
2 7482 7497
3 7282 7293 7257
3 7034 7227 7126
7 7420 7300 7163 7390 7219 7195 7323
1 7366
3 7288 7263 7257
2 7387 7036
6 7358 7225 7297 7466 7221 7490
3 7439 7483 7419
5 7362 7042 7357 7363 7077
16 7501 7502 7508 7513 7520 7522 7547 7568 7579 7606 7773 7564 7583 7589 7915 7571
7 7500 7523 7605 7824 7903 7849 7557
10 7500 7503 7504 7505 7506 7512 7524 7725 7964 7851
8 7502 7507 7533 7548 7988 7592 7620 7745
10 7502 7516 7517 7598 7815 7912 7908 7676 7965 7591
9 7502 7509 7549 7562 7589 7597 7781 7917 7844
8 7502 7510 7593 7820 7867 7565 7622 7954
10 7503 7527 7571 7574 7739 7950 7974 7749 7751 7536
9 7500 7511 7537 7563 7570 7727 7824 7639 7635
10 7505 7515 7565 7600 7649 7677 7756 7869 7962 7570
8 7506 7530 7535 7542 7556 7588 7733 7902
11 7508 7518 7540 7555 7575 7584 7612 7652 7833 7689 7708
10 7502 7526 7701 7709 7765 7955 7846 7974 7971 7896
8 7500 7514 7531 7536 7583 7704 7809 7807
6 7513 7576 7811 7902 7691 7891
6 7509 7519 7561 7672 7773 7988
6 7504 7558 7795 7828 7953 7669
11 7504 7532 7538 7546 7595 7659 7861 7914 7601 7740 7853
8 7511 7521 7626 7648 7824 7835 7523 7707
3 7515 7550 7601
8 7500 7525 7545 7716 7955 7811 7956 7773
4 7518 7646 7747 7599
7 7500 7528 7581 7639 7798 7882 7764
11 7501 7586 7831 7857 7961 7618 7923 7518 7735 7685 7574
6 7502 7754 7814 7953 7755 7803
12 7520 7596 7745 7748 7784 7807 7862 7606 7964 7835 7864 7855
3 7512 7742 7646
5 7507 7732 7762 7943 7590
6 7522 7529 7560 7756 7914 7772
9 7528 7534 7591 7623 7637 7922 7841 7707 7760
8 7510 7539 7780 7862 7874 7629 7685 7594
4 7513 7550 7934 7830
7 7517 7541 7608 7835 7720 7774 7660
7 7503 7551 7554 7633 7813 7556 7565
6 7529 7680 7610 7817 7937 7837
5 7510 7543 7699 7949 7800
8 7513 7641 7836 7860 7850 7837 7637 7507
9 7508 7622 7875 7918 7880 7791 7657 7610 7905
2 7517 7669
7 7530 7544 7617 7653 7630 7540 7789
11 7511 7585 7603 7719 7785 7539 7590 7688 7908 7556 7620
5 7532 7552 7620 7781 7790
3 7510 7771 7774
3 7535 7792 7836
8 7539 7557 7572 7587 7917 7753 7759 7688
10 7520 7559 7692 7979 7642 7712 7651 7993 7576 7714
8 7517 7590 7658 7722 7558 7703 7843 7808
5 7500 7567 7578 7757 7728
5 7503 7841 7948 7722 7853
7 7505 7566 7680 7689 7836 7812 7569
4 7531 7586 7816 7519
5 7533 7643 7800 7847 7702
4 7541 7553 7720 7624
4 7552 7564 7992 7923
8 7533 7587 7630 7647 7662 7928 7895 7886
2 7511 7601
8 7510 7592 7657 7683 7787 7533 7540 7582
5 7544 7757 7593 7754 7501
4 7516 7694 7546 7831
7 7545 7582 7599 7744 7978 7654 7603
5 7528 7823 7714 7927 7801
9 7515 7569 7607 7667 7983 7977 7717 7991 7581
6 7505 7697 7874 7601 7895 7813
5 7508 7767 7893 7579 7619
8 7553 7614 7685 7827 7890 7500 7876 7643
9 7509 7634 7665 7774 7506 7976 7533 7868 7715
8 7549 7650 7803 7924 7867 7888 7597 7616
7 7547 7973 7936 7893 7795 7574 7594
3 7500 7697 7868
7 7561 7674 7775 7985 7839 7641 7549
6 7508 7707 7763 7840 7509 7683
5 7507 7573 7618 7635 7500
6 7544 7594 7757 7734 7585 7987
4 7571 7577 7615 7805
4 7507 7567 7523 7614
8 7511 7602 7661 7856 7995 7827 7613 7586
7 7514 7686 7697 7941 7612 7665 7545
7 7573 7691 7975 7583 7844 7747 7827
8 7547 7580 7976 7916 7863 7853 7629 7867
6 7500 7644 7737 7760 7984 7563
5 7578 7782 7909 7981 7662
6 7522 7693 7798 7913 7841 7561
8 7559 7625 7914 7931 7806 7970 7556 7770
6 7513 7611 7731 7500 7577 7994
4 7511 7702 7965 7718
9 7540 7651 7703 7714 7729 7702 7860 7732 7572
8 7523 7668 7764 7550 7869 7933 7575 7629
5 7554 7604 7544 7838 7787
3 7510 7632 7911
7 7505 7609 7621 7847 7500 7697 7909
9 7546 7654 7715 7763 7772 7527 7540 7721 7700
6 7529 7619 7951 7873 7875 7504
5 7556 7663 7711 7503 7636
8 7506 7717 7776 7790 7557 7861 7693 7671
7 7572 7926 7932 7674 7940 7530 7567
9 7517 7936 7940 7766 7990 7658 7830 7761 7992
5 7525 7720 7894 7708 7658
5 7505 7695 7802 7566 7815
1 7504
7 7559 7753 7894 7521 7829 7739 7984
7 7509 7616 7710 7858 7702 7850 7626
5 7555 7718 7517 7562 7519
6 7575 7627 7786 7684 7695 7744
10 7540 7624 7656 7673 7698 7980 7986 7981 7559 7917
2 7587 7821
6 7501 7629 7631 7638 7664 7845
5 7500 7610 7525 7963 7981
4 7561 7670 7685 7996
6 7532 7920 7723 7874 7690 7802
7 7589 7678 7789 7829 7782 7867 7849
6 7606 7818 7534 7630 7993 7537
6 7583 7676 7892 7913 7771 7970
10 7511 7613 7664 7942 7983 7576 7634 7711 7896 7740
8 7612 7706 7842 7944 7575 7900 7957 7881
7 7564 7679 7705 7712 7775 7694 7574
8 7573 7901 7865 7867 7620 7734 7681 7794
4 7600 7654 7858 7566
4 7539 7929 7661 7792
6 7571 7749 7812 7523 7978 7747
6 7591 7628 7660 7768 7696 7563
6 7541 7636 7615 7965 7503 7540
4 7589 7642 7745 7930
6 7537 7870 7954 7995 7506 7688
4 7529 7884 7714 7853
7 7603 7851 7973 7552 7926 7792 7926
6 7582 7963 7633 7908 7680 7801
6 7518 7734 7634 7600 7676 7722
1 7602
3 7619 7688 7663
7 7605 7751 7972 7530 7708 7578 7586
6 7554 7923 7931 7539 7653 7610
4 7605 7640 7939 7902
5 7588 7792 7735 7940 7939
2 7533 7625
8 7565 7666 7881 7626 7612 7773 7885 7947
4 7571 7671 7833 7508
6 7620 7887 7664 7868 7592 7932
6 7529 7645 7770 7755 7908 7536
6 7605 7687 7700 7728 7938 7951
6 7522 7675 7703 7508 7644 7789
3 7631 7682 7690
8 7536 7760 7979 7920 7569 7751 7874 7796
6 7621 7825 7545 7749 7835 7966
5 7551 7655 7564 7785 7836
7 7579 7721 7797 7989 7984 7639 7972
4 7637 7834 7971 7730
6 7521 7927 7898 7675 7526 7901
4 7554 7817 7896 7686
2 7518 7814
3 7509 7811 7972
3 7566 7681 7814
3 7585 7759 7545
5 7511 7726 7740 7705 7997
6 7539 7741 7755 7838 7630 7718
5 7590 7831 7703 7559 7616
3 7643 7819 7797
6 7603 7809 7760 7986 7702 7959
5 7556 7897 7945 7537 7863
8 7546 7713 7953 7595 7854 7596 7778 7972
4 7517 7716 7951 7964
6 7619 7778 7922 7950 7532 7936
6 7575 7696 7735 7769 7617 7857
3 7554 7897 7580
4 7592 7786 7737 7628
4 7612 7636 7730 7605
5 7565 7730 7902 7849 7576
3 7634 7832 7726
2 7561 7911
5 7586 7758 7719 7695 7756
6 7538 7946 7992 7907 7516 7885
4 7607 7740 7781 7793
8 7635 7910 7992 7997 7713 7984 7593 7813
4 7515 7788 7844 7816
5 7603 7794 7969 7912 7856
4 7569 7855 7594 7948
4 7639 7878 7646 7844
5 7611 7910 7866 7504 7626
6 7509 7791 7850 7679 7786 7718
5 7609 7826 7916 7748 7701
5 7614 7736 7677 7997 7688
7 7549 7708 7534 7815 7715 7931 7625
6 7650 7808 7689 7615 7830 7990
6 7640 7779 7962 7703 7970 7917
6 7556 7684 7849 7935 7912 7570
3 7683 7795 7602
6 7564 7858 7701 7530 7607 7523
4 7576 7723 7772 7647
8 7638 7738 7810 7789 7707 7955 7934 7697
7 7628 7996 7622 7540 7979 7544 7679
7 7549 7767 7681 7942 7723 7511 7803
5 7640 7774 7867 7981 7608
5 7577 7852 7900 7514 7994
4 7545 7780 7809 7803
6 7581 7907 7942 7818 7593 7913
4 7558 7921 7849 7614
6 7597 7784 7757 7794 7602 7668
4 7661 7730 7980 7619
8 7576 7568 7701 7562 7589 7687 7955 7999
4 7603 7859 7877 7700
7 7535 7750 7761 7872 7810 7960 7845
5 7638 7925 7698 7720 7590
9 7512 7816 7904 7981 7964 7858 7685 7697 7678
6 7584 7585 7600 7551 7656 7791
7 7585 7870 7682 7654 7890 7546 7639
4 7513 7889 7720 7839
4 7614 7732 7838 7652
3 7613 7899 7736
6 7570 7766 7687 7755 7529 7518
6 7680 7863 7629 7976 7596 7511
2 7512 7949
3 7600 7902 7907
6 7592 7724 7970 7612 7736 7836
3 7614 7545 7918
5 7658 7783 7671 7930 7790
4 7585 7623 7560 7545
6 7590 7958 7998 7680 7995 7565
3 7520 7659 7718
2 7593 7561
6 7601 7716 7584 7677 7815 7653
5 7540 7830 7872 7868 7668
6 7552 7596 7700 7532 7704 7963
2 7644 7590
7 7546 7548 7951 7972 7999 7754 7626
3 7686 7608 7689
7 7711 7777 7796 7879 7754 7977 7833
5 7502 7793 7924 7994 7737
4 7652 7801 7917 7666
6 7508 7743 7760 7982 7964 7963
3 7638 7932 7547
2 7585 7793
5 7696 7665 7664 7803 7645
3 7583 7790 7736
5 7527 7585 7705 7945 7831
4 7510 7996 7735 7909
4 7626 7906 7572 7615
8 7661 7929 7733 7988 7998 7632 7523 7991
5 7679 7737 7731 7706 7711
7 7579 7804 7736 7853 7663 7787 7725
2 7687 7868
3 7507 7898 7599
6 7670 7752 7998 7652 7517 7612
2 7653 7788
4 7526 7936 7836 7767
4 7727 7746 7904 7818
6 7559 7880 7886 7602 7911 7870
6 7525 7885 7621 7960 7942 7503
1 7743
3 7521 7577 7618
4 7525 7901 7842 7678
4 7618 7864 7642 7507
2 7699 7870
5 7629 7905 7507 7641 7957
5 7740 7799 7919 7876 7939
3 7599 7981 7544
7 7524 7724 7557 7903 7780 7833 7722
4 7653 7707 7637 7524
4 7509 7886 7528 7668
4 7572 7557 7547 7695
3 7668 7908 7891
3 7651 7832 7544
6 7727 7579 7641 7656 7864 7529
3 7699 7971 7595
4 7527 7911 7825 7844
3 7590 7570 7935
2 7586 7522
3 7512 7837 7897
2 7707 7595
4 7689 7563 7957 7742
4 7619 7902 7882 7969
2 7661 7888
5 7637 7842 7854 7912 7582
4 7542 7611 7920 7773
4 7590 7686 7528 7790
6 7500 7891 7520 7515 7634 7771
5 7542 7690 7565 7857 7532
3 7569 7930 7614
2 7593 7967
3 7724 7837 7879
5 7660 7904 7798 7832 7658
3 7682 7848 7876
4 7530 7873 7692 7754
6 7505 7806 7884 7670 7541 7873
3 7580 7609 7999
2 7713 7921
5 7525 7968 7788 7695 7856
4 7540 7953 7643 7992
6 7663 7602 7847 7677 7938 7930
4 7556 7834 7737 7587
5 7672 7784 7845 7741 7827
8 7609 7938 7687 7879 7539 7988 7639 7832
6 7593 7854 7541 7713 7731 7772
9 7677 7865 7895 7883 7537 7977 7856 7890 7702
8 7632 7871 7954 7543 7807 7617 7624 7960
6 7725 7938 7965 7670 7995 7729
4 7673 7695 7871 7615
6 7516 7866 7684 7567 7869 7993
4 7724 7822 7826 7641
4 7644 7898 7965 7655
4 7522 7933 7581 7778
2 7752 7962
3 7551 7864 7535
5 7726 7873 7560 7878 7625
3 7597 7809 7608
7 7566 7877 7894 7692 7730 7689 7524
5 7737 7805 7906 7985 7897
3 7804 7855 7573
2 7781 7582
3 7525 7792 7513
6 7681 7863 7811 7894 7546 7975
6 7802 7939 7656 7692 7513 7870
2 7687 7699
7 7514 7871 7982 7520 7808 7649 7885
2 7618 7549
4 7533 7833 7671 7562
4 7524 7840 7650 7648
7 7504 7845 7846 7986 7680 7597 7718
4 7701 7550 7979 7672
4 7647 7534 7984 7935
5 7610 7878 7693 7943 7743
1 7655
4 7506 7839 7974 7979
4 7604 7935 7876 7855
4 7796 7858 7931 7894
5 7560 7938 7992 7850 7850
4 7501 7915 7518 7508
5 7642 7762 7969 7959 7951
4 7678 7965 7979 7796
4 7564 7575 7577 7788
1 7516
4 7609 7868 7956 7599
5 7719 7851 7531 7595 7681
6 7523 7907 7654 7945 7558 7732
4 7759 7666 7778 7789
6 7813 7511 7635 7848 7754 7724
3 7645 7843 7787
5 7532 7642 7518 7981 7525
8 7536 7549 7543 7894 7643 7742 7711 7858
5 7777 7765 7940 7536 7534
5 7653 7937 7587 7705 7873
5 7820 7893 7569 7933 7704
4 7814 7570 7917 7890
5 7548 7529 7988 7906 7581
3 7613 7770 7748
4 7834 7911 7939 7546
5 7672 7505 7577 7675 7762
4 7815 7788 7699 7605
4 7815 7960 7512 7928
5 7589 7991 7551 7955 7786
4 7779 7889 7964 7833
7 7683 7501 7952 7694 7665 7938 7609
6 7677 7536 7600 7823 7906 7823
6 7624 7853 7502 7916 7986 7830
1 7691
8 7851 7737 7548 7623 7969 7855 7578 7517
5 7790 7770 7905 7894 7658
7 7674 7888 7952 7805 7821 7853 7525
7 7575 7883 7865 7948 7784 7673 7791
5 7523 7899 7774 7968 7661
8 7685 7990 7913 7600 7701 7822 7616 7836
2 7698 7939
2 7536 7585
4 7517 7927 7593 7983
3 7530 7525 7890
4 7708 7808 7578 7657
5 7749 7920 7800 7760 7525
3 7791 7615 7856
4 7795 7891 7676 7884
8 7506 7878 7566 7690 7615 7897 7609 7578
8 7829 7568 7636 7958 7565 7924 7719 7738
6 7509 7586 7895 7964 7904 7795
5 7703 7750 7622 7809 7744
4 7792 7811 7794 7902
3 7719 7699 7976
5 7780 7801 7781 7591 7838
4 7530 7608 7562 7641
2 7537 7591
4 7779 7564 7821 7752
3 7698 7951 7803
5 7867 7675 7818 7958 7801
4 7724 7777 7920 7789
2 7744 7537
2 7634 7613
2 7522 7768
4 7856 7791 7940 7989
4 7623 7781 7895 7866
5 7745 7949 7634 7669 7811
4 7756 7998 7744 7554
1 7636
4 7855 7908 7566 7769
2 7848 7704
7 7564 7901 7973 7703 7862 7840 7791
5 7866 7966 7773 7758 7514
2 7611 7970
3 7839 7567 7563
7 7599 7803 7596 7836 7854 7808 7822
5 7791 7554 7884 7869 7562
3 7647 7612 7512
6 7657 7960 7804 7867 7662 7765
4 7797 7940 7646 7739
2 7857 7706
3 7691 7925 7613
4 7615 7890 7748 7646
7 7510 7768 7514 7710 7665 7871 7631
3 7501 7952 7754
5 7701 7943 7778 7869 7743
4 7751 7959 7854 7537
5 7734 7984 7804 7841 7850
4 7693 7831 7669 7710
6 7888 7504 7637 7758 7625 7540
3 7580 7589 7733
3 7671 7676 7944
5 7667 7843 7588 7762 7744
4 7504 7673 7770 7683
5 7611 7858 7992 7581 7693
3 7582 7517 7528
2 7824 7500
4 7678 7851 7977 7578
9 7505 7986 7544 7996 7978 7682 7726 7840 7603
2 7537 7712
1 7752
6 7608 7641 7864 7771 7879 7954
2 7694 7783
2 7660 7529
4 7630 7523 7957 7553
6 7566 7725 7970 7957 7937 7868
2 7700 7900
3 7594 7624 7624
3 7646 7560 7861
2 7554 7846
4 7735 7959 7617 7973
5 7775 7713 7996 7621 7786
6 7630 7988 7582 7994 7822 7680
4 7594 7728 7636 7987
3 7798 7586 7839
2 7531 7687
4 7821 7683 7763 7817
5 7595 7567 7972 7742 7660
3 7838 7924 7534
7 7793 7947 7789 7638 7849 7823 7786
6 7859 7809 7752 7843 7631 7632
7 7898 7595 7883 7983 7837 7632 7594
1 7576
4 7612 7693 7689 7745
3 7904 7527 7818
2 7613 7910
3 7657 7732 7831
1 7669
2 7938 7634
4 7548 7999 7856 7674
3 7535 7885 7709
2 7507 7660
6 7877 7591 7659 7722 7825 7638
3 7903 7855 7849
7 7516 7976 7524 7785 7988 7658 7981
4 7792 7622 7920 7506
6 7520 7512 7687 7963 7847 7697
3 7829 7957 7520
6 7956 7923 7767 7924 7613 7751
4 7715 7990 7868 7878
4 7929 7905 7825 7656
5 7846 7745 7897 7699 7792
3 7523 7982 7982
4 7682 7977 7799 7509
5 7625 7606 7955 7727 7720
8 7502 7727 7966 7701 7659 7848 7869 7525
6 7826 7793 7797 7504 7584 7620
4 7891 7995 7964 7642
2 7776 7969
2 7784 7857
7 7967 7673 7853 7825 7981 7977 7768
6 7711 7924 7682 7611 7582 7892
3 7761 7512 7645
7 7629 7994 7936 7722 7658 7644 7649
4 7624 7567 7929 7890
4 7507 7987 7820 7512
2 7577 7808
5 7953 7565 7578 7708 7872
6 7962 7916 7561 7969 7724 7791
3 7559 7618 7917
6 7545 7641 7816 7688 7820 7826
2 7696 7603
9 7701 7835 7969 7690 7580 7753 7603 7606 7953
4 7727 7811 7961 7961
4 7612 7940 7561 7861
6 7906 7579 7644 7671 7599 7817
2 7569 7804
5 7815 7851 7603 7917 7656
3 7974 7932 7572
8 7503 7931 7989 7735 7953 7841 7789 7515
3 7644 7988 7883
5 7958 7993 7858 7595 7681
3 7847 7561 7735
8 7671 7669 7994 7913 7553 7785 7823 7595
4 7990 7545 7610 7795
6 7972 7931 7725 7992 7583 7691
5 7966 7575 7622 7793 7715
5 7733 7688 7930 7917 7607
3 7671 7679 7652
4 7886 7740 7715 7735
4 7948 7782 7722 7697
14 8001 8003 8006 8007 8010 8015 8035 8070 8381 8021 8478 8055 8113 8108
10 8000 8002 8004 8005 8012 8049 8361 8049 8283 8379
11 8001 8009 8011 8033 8036 8113 8173 8183 8200 8031 8209
5 8000 8048 8325 8160 8320
10 8001 8031 8043 8101 8175 8254 8053 8325 8169 8146
7 8001 8185 8404 8161 8448 8454 8127
7 8000 8021 8053 8091 8399 8024 8393
8 8000 8008 8013 8056 8128 8233 8076 8236
10 8007 8032 8054 8074 8129 8449 8093 8345 8104 8272
10 8002 8018 8022 8044 8050 8086 8144 8390 8430 8467
12 8000 8017 8027 8072 8085 8361 8402 8029 8209 8207 8386 8202
7 8002 8020 8026 8240 8311 8287 8420
4 8001 8014 8134 8153
5 8007 8025 8057 8112 8330
9 8012 8046 8148 8214 8220 8460 8273 8353 8233
8 8000 8016 8028 8034 8057 8406 8113 8107
4 8015 8019 8140 8083
7 8010 8038 8100 8192 8245 8411 8039
5 8009 8030 8331 8170 8057
5 8016 8037 8041 8481 8262
7 8011 8023 8097 8221 8293 8435 8203
10 8006 8061 8319 8476 8092 8000 8411 8218 8062 8337
7 8009 8024 8052 8136 8139 8333 8480
7 8020 8094 8107 8255 8032 8167 8347
12 8022 8042 8066 8079 8095 8103 8314 8006 8118 8185 8272 8189
7 8013 8029 8063 8277 8325 8328 8262
8 8011 8092 8110 8261 8257 8270 8312 8303
4 8010 8040 8073 8180
5 8015 8084 8087 8305 8034
6 8025 8060 8115 8263 8199 8010
4 8018 8230 8293 8360
7 8004 8102 8195 8002 8313 8461 8450
8 8008 8241 8289 8419 8023 8270 8155 8160
6 8002 8075 8080 8108 8239 8158
7 8015 8168 8174 8176 8444 8028 8180
4 8000 8352 8205 8131
8 8002 8039 8047 8131 8203 8413 8470 8225
5 8019 8093 8106 8326 8419
8 8017 8078 8114 8171 8098 8498 8394 8141
9 8036 8045 8104 8135 8149 8170 8308 8190 8017
5 8027 8165 8140 8299 8225
8 8019 8081 8154 8155 8451 8496 8460 8396
8 8024 8067 8455 8328 8382 8215 8053 8193
6 8004 8068 8231 8312 8229 8276
6 8009 8215 8222 8313 8254 8126
3 8039 8064 8191
7 8014 8058 8076 8162 8241 8476 8220
4 8036 8051 8090 8132
6 8003 8143 8077 8197 8424 8360
8 8001 8055 8083 8173 8269 8001 8285 8087
8 8009 8065 8082 8127 8166 8187 8344 8404
8 8047 8167 8310 8438 8207 8262 8438 8194
8 8022 8096 8109 8182 8268 8348 8303 8085
11 8006 8120 8146 8219 8337 8004 8232 8394 8042 8227 8457
7 8008 8062 8274 8370 8273 8283 8182
6 8049 8059 8071 8181 8234 8000
7 8007 8186 8346 8271 8101 8180 8431
11 8013 8117 8366 8364 8092 8144 8443 8154 8015 8426 8018
6 8046 8105 8150 8184 8325 8274
8 8055 8172 8223 8469 8209 8064 8257 8449
7 8029 8069 8232 8305 8087 8334 8236
2 8021 8315
6 8054 8352 8092 8294 8178 8021
4 8025 8212 8311 8099
7 8045 8121 8188 8059 8484 8344 8272
3 8050 8318 8337
4 8024 8228 8311 8111
4 8042 8142 8259 8129
5 8043 8459 8384 8330 8429
6 8060 8088 8235 8453 8300 8153
7 8000 8077 8089 8165 8161 8147 8153
7 8055 8132 8158 8216 8204 8364 8468
6 8010 8351 8456 8312 8193 8152
6 8027 8139 8365 8391 8324 8091
3 8008 8119 8091
5 8033 8243 8286 8301 8161
3 8046 8364 8007
7 8070 8145 8335 8466 8477 8048 8374
7 8038 8284 8448 8493 8445 8228 8311
3 8024 8291 8097
7 8033 8130 8211 8465 8438 8405 8253
6 8041 8147 8431 8445 8267 8437
5 8050 8333 8276 8352 8212
11 8049 8111 8257 8258 8360 8145 8421 8487 8016 8303 8174
5 8028 8116 8126 8177 8154
7 8010 8098 8403 8297 8339 8052 8426
5 8009 8124 8161 8164 8381
10 8028 8444 8315 8391 8060 8049 8166 8348 8147 8287
6 8069 8123 8208 8349 8496 8400
4 8070 8350 8415 8406
7 8047 8368 8435 8291 8116 8203 8266
9 8006 8118 8343 8074 8414 8376 8278 8393 8073
7 8026 8290 8021 8057 8437 8299 8062
10 8037 8152 8199 8275 8359 8425 8008 8307 8371 8248
8 8023 8099 8122 8218 8438 8480 8484 8222
4 8024 8309 8236 8182
5 8052 8305 8446 8244 8327
5 8020 8133 8417 8079 8284
4 8085 8377 8038 8289
7 8094 8378 8104 8172 8410 8063 8163
5 8017 8160 8384 8382 8243
2 8004 8056
6 8031 8125 8178 8460 8235 8122
2 8024 8385
9 8039 8189 8099 8109 8229 8008 8218 8308 8171
6 8058 8455 8204 8474 8236 8194
2 8037 8113
5 8023 8430 8114 8015 8125
5 8033 8159 8000 8338 8365
5 8052 8197 8202 8104 8326
2 8026 8120
8 8083 8475 8066 8272 8178 8271 8326 8353
6 8013 8138 8191 8201 8356 8448
4 8002 8000 8015 8106
8 8038 8163 8335 8360 8497 8308 8307 8107
5 8029 8333 8367 8273 8373
5 8084 8198 8281 8090 8295
3 8057 8244 8241
4 8091 8024 8418 8250
6 8074 8141 8190 8436 8486 8463
4 8053 8320 8460 8110
4 8064 8282 8443 8472
5 8094 8205 8102 8299 8241
3 8088 8403 8180
6 8086 8137 8230 8439 8147 8370
6 8102 8488 8245 8138 8295 8107
8 8084 8302 8222 8136 8329 8374 8044 8148
6 8050 8304 8355 8201 8005 8151
2 8007 8341
4 8008 8313 8426 8067
5 8080 8299 8354 8254 8413
4 8036 8422 8454 8035
5 8071 8266 8339 8255 8047
6 8097 8169 8272 8373 8392 8148
5 8012 8167 8426 8497 8473
3 8039 8276 8148
3 8022 8126 8406
5 8124 8151 8437 8227 8157
7 8112 8242 8400 8125 8273 8470 8274
3 8073 8022 8343
3 8016 8340 8040
3 8119 8038 8199
4 8067 8226 8313 8149
2 8048 8156
4 8009 8298 8484 8057
4 8077 8083 8207 8167
4 8053 8179 8468 8004
5 8081 8124 8350 8070 8087
10 8014 8225 8248 8363 8386 8135 8204 8133 8463 8126
7 8039 8260 8330 8194 8198 8142 8489
5 8058 8387 8221 8225 8333
7 8137 8340 8383 8337 8155 8374 8127
5 8093 8457 8377 8072 8264
6 8012 8179 8359 8070 8270 8069
4 8041 8388 8057 8084
4 8041 8032 8151 8277
11 8143 8157 8206 8207 8391 8158 8353 8282 8341 8342 8209
7 8156 8315 8234 8245 8306 8137 8242
3 8071 8156 8033
3 8108 8171 8383
7 8100 8416 8425 8003 8439 8032 8336
7 8086 8480 8005 8070 8350 8075 8443
5 8046 8292 8345 8434 8479
3 8114 8442 8099
8 8086 8217 8271 8371 8323 8284 8283 8499
5 8040 8471 8070 8466 8485
5 8050 8244 8175 8402 8087
11 8051 8134 8266 8023 8494 8223 8250 8425 8474 8423 8145
5 8034 8247 8251 8474 8415
3 8133 8398 8004
4 8039 8373 8018 8278
5 8159 8196 8038 8333 8104
5 8059 8099 8258 8469 8295
3 8002 8287 8049
5 8034 8463 8245 8083 8385
7 8004 8294 8166 8322 8488 8463 8468
3 8034 8368 8312
7 8084 8194 8321 8212 8316 8430 8404
9 8102 8412 8453 8479 8459 8111 8292 8062 8260
2 8146 8153
6 8027 8336 8056 8286 8034 8123
4 8055 8342 8283 8294
6 8052 8330 8395 8297 8054 8095
5 8002 8236 8446 8266 8486
3 8058 8279 8362
2 8005 8024
1 8056
4 8050 8193 8391 8324
5 8064 8224 8462 8192 8314
7 8104 8250 8422 8468 8224 8421 8024
5 8119 8039 8275 8454 8305
6 8112 8213 8262 8405 8469 8045
7 8017 8209 8367 8369 8188 8322 8420
7 8187 8408 8220 8072 8477 8332 8042
4 8177 8149 8105 8051
3 8031 8376 8445
2 8171 8273
8 8109 8227 8253 8278 8295 8457 8048 8440
6 8116 8204 8353 8406 8491 8149
5 8093 8029 8389 8461 8141
3 8002 8359 8267
6 8112 8296 8412 8247 8127 8489
6 8109 8238 8278 8248 8416 8010
6 8036 8426 8273 8090 8020 8414
9 8198 8247 8251 8452 8445 8420 8105 8071 8148
8 8122 8485 8255 8326 8419 8035 8387 8290
3 8156 8393 8347
5 8156 8249 8010 8145 8051
5 8088 8210 8229 8301 8460
7 8192 8495 8010 8059 8156 8304 8002
4 8208 8474 8316 8236
4 8080 8265 8273 8349
5 8063 8323 8435 8177 8082
3 8191 8274 8473
3 8014 8450 8296
3 8044 8042 8392
6 8071 8221 8386 8302 8286 8299
6 8164 8477 8395 8351 8254 8473
5 8094 8427 8104 8479 8021
1 8053
4 8014 8193 8406 8046
4 8020 8216 8357 8150
7 8044 8278 8370 8126 8321 8094 8434
6 8059 8487 8414 8477 8305 8167
6 8188 8264 8391 8422 8447 8189
5 8148 8283 8150 8036 8040
4 8142 8389 8254 8380
6 8197 8489 8391 8137 8354 8053
3 8066 8078 8403
6 8208 8420 8104 8291 8043 8232
3 8124 8030 8340
4 8043 8306 8439 8440
6 8060 8256 8327 8358 8053 8229
2 8007 8014
9 8055 8237 8252 8317 8387 8157 8429 8492 8298
3 8069 8470 8102
9 8183 8267 8095 8210 8060 8374 8007 8105 8490
5 8234 8401 8489 8496 8369
1 8202
3 8033 8310 8295
2 8011 8285
6 8032 8046 8271 8398 8117 8122
6 8138 8246 8441 8377 8259 8157
4 8075 8269 8321 8100
4 8117 8166 8446 8096
7 8017 8125 8389 8157 8278 8376 8174
2 8242 8252
5 8204 8417 8168 8201 8415
6 8148 8303 8329 8375 8202 8093
2 8207 8290
4 8189 8425 8167 8118
3 8204 8168 8312
4 8234 8347 8352 8246
3 8197 8270 8080
9 8004 8421 8440 8226 8338 8130 8044 8217 8271
4 8023 8394 8205 8132
2 8232 8312
8 8083 8392 8475 8355 8026 8059 8270 8367
6 8083 8288 8172 8339 8433 8381
5 8067 8300 8410 8303 8242
6 8149 8395 8374 8488 8178 8466
4 8026 8339 8480 8273
5 8191 8318 8019 8025 8051
5 8029 8319 8357 8327 8397
2 8224 8152
4 8211 8393 8483 8379
6 8132 8167 8183 8470 8386 8090
5 8236 8275 8339 8081 8200
2 8052 8326
2 8243 8049
7 8253 8032 8026 8374 8276 8153 8257
8 8164 8316 8056 8453 8241 8111 8353 8254
5 8133 8111 8024 8008 8064
13 8211 8297 8293 8203 8436 8196 8054 8014 8138 8115 8261 8455 8408
7 8054 8282 8213 8413 8138 8058 8446
8 8093 8389 8190 8284 8267 8311 8427 8384
8 8135 8383 8082 8434 8293 8417 8043 8270
7 8025 8280 8454 8493 8354 8340 8155
7 8197 8222 8202 8091 8245 8170 8304
2 8184 8328
1 8277
3 8116 8376 8363
4 8274 8342 8156 8121
8 8225 8322 8181 8001 8308 8054 8164 8304
7 8078 8275 8432 8449 8097 8164 8423
4 8240 8357 8049 8467
4 8075 8180 8216 8441
3 8173 8011 8087
1 8258
5 8032 8392 8456 8098 8442
5 8092 8447 8395 8205 8249
3 8079 8090 8229
4 8162 8435 8412 8178
9 8020 8307 8463 8273 8316 8276 8368 8436 8030
6 8175 8353 8181 8309 8300 8062
5 8197 8116 8125 8172 8239
3 8201 8214 8441
7 8273 8397 8484 8085 8375 8182 8384
4 8144 8390 8234 8381
7 8130 8397 8092 8404 8216 8040 8122
4 8259 8338 8069 8294
3 8075 8208 8477
4 8126 8374 8478 8216
7 8248 8467 8496 8259 8052 8083 8026
8 8127 8312 8400 8316 8307 8283 8209 8278
6 8096 8060 8398 8223 8190 8028
7 8231 8334 8344 8396 8432 8157 8368
5 8293 8377 8304 8114 8093
4 8039 8114 8283 8104
4 8095 8458 8405 8294
2 8051 8239
7 8066 8078 8011 8410 8063 8275 8464
7 8043 8072 8304 8256 8176 8026 8251
6 8044 8414 8129 8142 8031 8445
7 8024 8324 8406 8441 8188 8370 8347
3 8061 8087 8157
9 8271 8340 8210 8293 8351 8304 8177 8336 8408
3 8234 8339 8384
3 8262 8498 8065
4 8021 8423 8263 8356
2 8120 8003
4 8177 8222 8243 8424
6 8283 8332 8370 8175 8192 8433
5 8212 8164 8452 8384 8429
5 8314 8428 8073 8187 8456
6 8025 8058 8003 8004 8477 8363
6 8037 8268 8205 8436 8109 8111
4 8232 8263 8398 8096
3 8025 8042 8279
4 8248 8126 8449 8422
6 8149 8375 8494 8013 8182 8068
2 8018 8337
2 8322 8193
5 8115 8082 8022 8150 8171
4 8306 8461 8416 8060
2 8077 8114
4 8180 8429 8316 8160
6 8053 8151 8398 8331 8065 8021
4 8300 8254 8108 8459
7 8317 8132 8261 8258 8085 8267 8433
7 8316 8482 8151 8447 8277 8140 8230
2 8128 8156
5 8181 8490 8282 8156 8428
3 8091 8139 8429
5 8306 8428 8404 8050 8064
3 8162 8008 8364
1 8056
5 8252 8370 8023 8206 8314
3 8052 8351 8087
4 8088 8407 8419 8211
6 8089 8372 8411 8147 8161 8362
4 8072 8348 8316 8217
5 8252 8377 8082 8062 8035
6 8198 8156 8294 8014 8271 8111
4 8130 8382 8277 8227
2 8127 8257
4 8112 8488 8477 8319
3 8285 8263 8221
4 8232 8483 8441 8481
5 8093 8424 8200 8424 8153
5 8083 8114 8048 8030 8418
2 8010 8001
3 8184 8480 8350
3 8148 8281 8325
4 8076 8057 8345 8071
2 8073 8108
3 8057 8476 8420
4 8192 8115 8475 8257
5 8090 8491 8176 8293 8306
3 8192 8467 8237
7 8347 8499 8054 8222 8322 8314 8124
3 8164 8464 8093
2 8350 8438
3 8133 8170 8115
7 8302 8260 8077 8126 8270 8151 8236
3 8330 8248 8297
7 8195 8380 8281 8391 8091 8245 8480
7 8098 8397 8352 8307 8152 8242 8407
2 8099 8379
4 8378 8433 8001 8265
4 8376 8437 8436 8226
6 8000 8396 8086 8298 8258 8382
4 8354 8100 8042 8381
4 8276 8151 8159 8492
8 8100 8068 8423 8323 8317 8297 8275 8447
2 8103 8174
4 8148 8216 8266 8010
4 8150 8481 8234 8205
1 8154
6 8226 8275 8422 8199 8245 8447
2 8009 8298
8 8156 8488 8376 8087 8227 8073 8224 8187
6 8257 8409 8415 8289 8133 8215
5 8265 8473 8206 8091 8006
3 8255 8038 8053
4 8260 8290 8217 8182
4 8306 8381 8455 8041
5 8297 8377 8494 8299 8263
6 8169 8337 8305 8403 8241 8327
1 8006
3 8138 8088 8304
2 8237 8412
3 8010 8166 8407
6 8085 8418 8228 8398 8447 8123
7 8005 8344 8432 8299 8050 8421 8177
3 8191 8080 8309
7 8314 8443 8198 8015 8089 8220 8136
4 8349 8497 8377 8402
3 8193 8273 8316
1 8392
3 8259 8099 8311
3 8350 8021 8017
4 8178 8201 8292 8401
3 8036 8274 8130
6 8313 8457 8223 8091 8431 8203
6 8392 8492 8467 8089 8247 8168
3 8160 8334 8202
3 8097 8247 8276
3 8403 8118 8360
4 8349 8032 8205 8037
5 8229 8366 8204 8011 8192
5 8254 8083 8434 8189 8404
5 8131 8389 8189 8224 8329
5 8319 8497 8384 8284 8167
5 8359 8486 8048 8359 8321
4 8093 8160 8250 8167
6 8203 8129 8134 8057 8476 8085
3 8218 8454 8275
3 8324 8344 8342
5 8336 8234 8343 8323 8068
4 8107 8009 8177 8497
4 8081 8414 8056 8494
4 8306 8284 8459 8404
5 8379 8258 8461 8339 8322
4 8162 8276 8421 8222
5 8212 8020 8436 8090 8292
6 8119 8435 8273 8326 8380 8293
4 8137 8380 8092 8081
5 8094 8080 8372 8051 8051
4 8231 8124 8160 8490
3 8254 8231 8197
6 8242 8358 8314 8296 8460 8286
3 8163 8472 8289
5 8406 8057 8121 8469 8161
2 8087 8034
6 8081 8078 8204 8313 8454 8195
5 8183 8096 8451 8244 8274
6 8290 8340 8224 8403 8389 8384
4 8078 8112 8005 8466
4 8008 8284 8329 8059
3 8214 8469 8031
3 8041 8446 8491
3 8204 8466 8323
3 8178 8271 8069
6 8277 8427 8445 8190 8131 8005
4 8042 8105 8273 8396
3 8072 8289 8324
4 8414 8152 8197 8053
2 8309 8487
4 8068 8178 8432 8338
7 8014 8120 8208 8102 8478 8441 8041
5 8334 8031 8199 8433 8480
2 8188 8475
5 8293 8174 8119 8148 8175
2 8371 8311
1 8080
6 8077 8452 8495 8165 8448 8260
5 8303 8415 8369 8009 8285
6 8146 8477 8189 8494 8071 8175
6 8059 8450 8191 8172 8483 8443
4 8036 8235 8138 8266
1 8165
2 8442 8121
5 8393 8213 8491 8134 8217
4 8210 8167 8168 8105
4 8111 8257 8462 8367
4 8021 8366 8046 8426
8 8077 8468 8223 8217 8325 8193 8301 8356
3 8302 8000 8460
3 8162 8178 8218
7 8161 8261 8362 8022 8094 8376 8461
3 8387 8358 8019
1 8340
3 8358 8265 8469
4 8297 8144 8094 8064
2 8205 8165
4 8119 8424 8183 8496
3 8223 8458 8083
5 8125 8391 8356 8260 8175
4 8237 8227 8149 8201
3 8342 8439 8236
4 8368 8198 8451 8473
3 8415 8234 8383
2 8078 8277
5 8330 8397 8167 8468 8431
2 8209 8466
5 8088 8303 8486 8041 8237
5 8423 8407 8114 8134 8430
2 8318 8038
2 8370 8164
10 8501 8504 8506 8507 8511 8515 8547 8992 8995 8758
16 8500 8502 8503 8535 8610 8616 8618 8648 8997 8764 8908 8760 8938 8881 8666 8917
9 8501 8505 8512 8538 8575 8813 8717 8745 8776
11 8501 8508 8514 8524 8531 8698 8723 8806 8687 8593 8632
12 8500 8517 8522 8583 8905 8975 8698 8650 8971 8975 8660 8796
8 8502 8629 8652 8756 8691 8512 8569 8981
5 8500 8520 8768 8535 8607
11 8500 8513 8679 8755 8823 8988 8518 8780 8586 8916 8781
17 8503 8509 8510 8516 8525 8527 8529 8590 8643 8734 8735 8832 8869 8732 8588 8919 8771
8 8508 8711 8780 8998 8646 8677 8696 8888
4 8508 8637 8999 8741
9 8500 8549 8550 8841 8796 8525 8774 8561 8691
10 8502 8613 8721 8793 8860 8912 8527 8554 8505 8779
9 8507 8519 8521 8534 8580 8710 8769 8552 8851
9 8503 8530 8532 8565 8621 8653 8731 8718 8623
12 8500 8518 8571 8579 8667 8761 8728 8545 8564 8560 8855 8960
11 8508 8523 8542 8651 8923 8531 8980 8756 8691 8649 8788
8 8504 8554 8559 8569 8639 8747 8775 8572
4 8515 8872 8507 8683
3 8513 8666 8904
9 8506 8526 8533 8561 8692 8960 8625 8616 8954
4 8513 8528 8642 8784
4 8504 8932 8816 8593
7 8516 8871 8899 8686 8617 8827 8653
3 8503 8625 8652
12 8508 8541 8574 8584 8657 8672 8706 8717 8933 8511 8990 8696
8 8520 8536 8539 8586 8593 8659 8869 8708
8 8508 8604 8707 8812 8548 8512 8657 8529
5 8521 8601 8635 8866 8664
9 8508 8557 8603 8614 8781 8527 8590 8730 8584
7 8514 8566 8762 8904 8827 8861 8719
9 8503 8540 8998 8516 8857 8923 8870 8716 8580
5 8514 8551 8556 8612 8631
6 8520 8977 8870 8723 8612 8726
8 8513 8552 8573 8582 8633 8647 8746 8984
6 8501 8804 8506 8754 8980 8718
9 8526 8537 8548 8606 8674 8675 8695 8693 8944
3 8536 8698 8930
8 8502 8544 8683 8724 8732 8787 8914 8889
8 8526 8555 8585 8641 8605 8963 8800 8924
4 8531 8545 8660 8854
5 8525 8839 8781 8545 8912
10 8516 8543 8567 8636 8830 8982 8975 8751 8910 8880
6 8542 8640 8730 8929 8951 8565
9 8538 8546 8564 8624 8704 8581 8734 8672 8581
11 8540 8599 8690 8773 8919 8515 8679 8818 8919 8541 8572
7 8544 8689 8882 8790 8852 8582 8547
8 8500 8630 8696 8779 8821 8935 8662 8546
8 8536 8553 8558 8562 8849 8527 8817 8955
6 8511 8581 8712 8763 8870 8767
8 8511 8750 8933 8801 8797 8913 8674 8610
7 8532 8605 8887 8843 8918 8572 8575
4 8534 8688 8513 8554
4 8548 8603 8883 8927
13 8517 8576 8703 8874 8875 8669 8512 8623 8712 8942 8878 8552 8716
7 8539 8560 8659 8720 8780 8977 8857
9 8532 8596 8800 8878 8921 8803 8577 8762 8570
7 8529 8609 8798 8870 8984 8817 8936
5 8548 8568 8572 8952 8690
5 8517 8641 8781 8916 8876
11 8555 8595 8608 8740 8963 8707 8955 8515 8625 8950 8920
8 8520 8563 8663 8792 8821 8511 8774 8810
6 8548 8570 8629 8922 8991 8685
3 8561 8592 8892
9 8544 8588 8591 8900 8515 8922 8574 8611 8925
8 8514 8600 8626 8685 8947 8543 8962 8615
7 8530 8589 8851 8928 8938 8957 8928
6 8542 8635 8638 8699 8817 8873
4 8558 8649 8862 8619
7 8517 8656 8661 8766 8739 8609 8505
10 8562 8577 8594 8676 8636 8971 8741 8647 8556 8854
6 8515 8578 8650 8850 8914 8986
8 8558 8790 8831 8756 8517 8551 8545 8739
6 8534 8820 8824 8767 8725 8744
6 8525 8697 8813 8564 8921 8895
10 8502 8587 8972 8986 8866 8771 8551 8706 8932 8746
5 8554 8694 8658 8992 8932
5 8570 8617 8821 8759 8556
5 8571 8713 8987 8985 8651
7 8515 8619 8671 8889 8927 8893 8692
6 8513 8962 8900 8815 8531 8888
7 8549 8659 8544 8796 8630 8725 8544
5 8534 8778 8546 8736 8788
6 8504 8597 8586 8682 8603 8996
3 8525 8861 8529
6 8539 8737 8802 8978 8785 8941
4 8526 8976 8583 8507
4 8575 8777 8883 8732
4 8564 8612 8508 8670
5 8566 8634 8602 8590 8981
5 8508 8821 8957 8529 8589
5 8564 8615 8644 8912 8595
9 8563 8749 8826 8838 8843 8744 8605 8882 8752
7 8526 8602 8843 8987 8522 8503 8734
4 8570 8818 8636 8606
11 8560 8598 8662 8691 8791 8971 8871 8993 8897 8784 8591
2 8556 8825
5 8583 8607 8714 8719 8774
3 8595 8710 8849
4 8545 8684 8650 8728
4 8565 8741 8779 8836
6 8528 8632 8949 8748 8611 8798
5 8593 8726 8979 8589 8742
6 8529 8942 8753 8583 8553 8846
7 8527 8687 8751 8781 8685 8820 8735
7 8551 8627 8539 8849 8861 8592 8801
9 8536 8611 8744 8842 8994 8685 8872 8799 8594
6 8597 8628 8705 8915 8506 8940
2 8560 8859
4 8557 8827 8901 8569
5 8501 8716 8771 8550 8971
4 8606 8996 8601 8564
6 8532 8850 8588 8714 8533 8809
6 8512 8834 8676 8795 8990 8698
6 8529 8727 8964 8989 8674 8795
6 8591 8645 8814 8850 8672 8565
7 8501 8620 8904 8739 8520 8875 8657
4 8577 8952 8523 8885
4 8501 8646 8915 8841
7 8579 8678 8657 8668 8568 8847 8783
6 8616 8622 8920 8632 8660 8898
5 8514 8623 8682 8722 8670
4 8620 8732 8642 8754
5 8621 8669 8554 8514 8721
3 8544 8765 8787
6 8524 8810 8520 8927 8560 8906
5 8565 8654 8693 8941 8782
4 8605 8906 8722 8737
4 8607 8645 8746 8719
5 8505 8794 8562 8809 8969
3 8547 8893 8581
5 8532 8808 8682 8833 8897
15 8601 8911 8698 8668 8886 8620 8707 8759 8733 8957 8715 8685 8894 8503 8769
3 8534 8912 8666
5 8589 8715 8852 8886 8908
4 8567 8528 8984 8750
4 8542 8708 8570 8594
5 8510 8908 8955 8647 8753
5 8567 8829 8863 8958 8932
7 8517 8677 8725 8753 8834 8860 8942
2 8543 8969
8 8559 8664 8763 8539 8910 8800 8913 8889
6 8521 8681 8953 8622 8883 8788
4 8508 8796 8716 8692
4 8591 8658 8829 8934
3 8615 8628 8831
5 8618 8748 8888 8509 8908
6 8534 8686 8892 8903 8570 8637
2 8501 8857
7 8568 8754 8925 8880 8757 8902 8516
7 8571 8680 8816 8504 8742 8599 8899
4 8516 8655 8578 8920
5 8505 8736 8970 8958 8524
6 8514 8858 8931 8778 8696 8523
6 8626 8815 8998 8967 8757 8722
3 8651 8756 8682
4 8569 8809 8835 8835
6 8525 8670 8527 8871 8619 8616
4 8644 8576 8751 8781
8 8555 8668 8709 8909 8581 8695 8689 8526
4 8540 8760 8620 8504
4 8569 8795 8848 8939
5 8595 8673 8547 8981 8749
4 8561 8879 8968 8741
6 8641 8665 8692 8528 8672 8710
3 8664 8701 8890
8 8519 8951 8963 8884 8501 8933 8633 8781
4 8515 8729 8998 8805
6 8659 8991 8632 8768 8619 8752
3 8623 8554 8921
4 8657 8767 8621 8588
2 8579 8855
7 8525 8702 8875 8544 8615 8771 8664
5 8662 8757 8928 8982 8676
3 8536 8614 8550
3 8536 8825 8850
5 8570 8718 8864 8613 8673
7 8639 8700 8728 8771 8789 8509 8903
2 8619 8833
6 8507 8869 8545 8785 8978 8951
4 8650 8847 8738 8933
2 8642 8981
5 8621 8583 8631 8849 8655
6 8538 8866 8989 8967 8518 8809
3 8599 8745 8819
5 8565 8604 8606 8632 8562
6 8647 8944 8856 8523 8890 8753
3 8604 8503 8901
2 8552 8966
6 8546 8855 8659 8895 8899 8925
3 8545 8803 8558
4 8595 8505 8516 8511
6 8520 8839 8765 8664 8579 8643
4 8626 8780 8536 8956
3 8576 8783 8903
4 8536 8871 8659 8782
8 8547 8790 8653 8824 8808 8509 8912 8525
2 8574 8758
8 8503 8504 8632 8914 8887 8537 8781 8613
5 8567 8733 8738 8788 8910
4 8677 8956 8933 8799
5 8665 8943 8731 8884 8802
4 8672 8739 8948 8830
6 8554 8822 8956 8841 8847 8879
4 8544 8900 8996 8973
4 8607 8743 8862 8971
7 8525 8934 8865 8865 8575 8883 8795
5 8527 8886 8560 8941 8632
5 8636 8797 8811 8929 8526
5 8659 8853 8718 8773 8936
5 8513 8967 8711 8598 8664
7 8509 8892 8710 8999 8992 8927 8885
3 8549 8784 8554
3 8578 8729 8743
10 8597 8851 8612 8860 8949 8910 8786 8795 8731 8883
5 8634 8844 8899 8992 8632
4 8610 8643 8554 8531
6 8525 8745 8502 8807 8938 8989
5 8676 8709 8535 8514 8750
7 8597 8896 8722 8842 8628 8987 8530
4 8555 8884 8869 8867
5 8512 8970 8726 8931 8623
5 8621 8627 8719 8888 8654
5 8503 8930 8957 8533 8935
3 8538 8916 8990
3 8639 8573 8581
7 8602 8721 8952 8779 8849 8533 8954
3 8614 8767 8900
9 8677 8742 8836 8987 8515 8762 8804 8834 8599
5 8667 8959 8949 8964 8713
5 8543 8957 8937 8529 8737
5 8514 8776 8701 8714 8870
5 8538 8807 8622 8508 8587
5 8699 8910 8978 8632 8873
4 8508 8544 8842 8593
4 8508 8872 8604 8861
6 8652 8770 8772 8582 8895 8858
8 8585 8902 8808 8627 8756 8951 8927 8730
6 8699 8758 8856 8921 8920 8680
6 8702 8569 8924 8899 8616 8572
3 8560 8852 8999
6 8600 8786 8972 8570 8510 8663
6 8728 8805 8837 8650 8602 8877
6 8705 8759 8979 8868 8713 8810
3 8606 8573 8592
5 8684 8752 8894 8717 8502
5 8534 8628 8833 8840 8575
2 8517 8789
2 8646 8601
2 8592 8662
3 8550 8718 8635
8 8604 8924 8982 8658 8542 8896 8758 8995
4 8745 8896 8668 8592
7 8639 8764 8789 8799 8603 8637 8686
6 8649 8535 8876 8622 8882 8759
4 8507 8868 8966 8863
9 8505 8906 8572 8954 8655 8947 8516 8737 8804
4 8673 8942 8649 8654
6 8738 8961 8697 8751 8927 8500
4 8743 8577 8632 8754
3 8660 8785 8501
5 8515 8913 8956 8938 8912
3 8530 8728 8556
3 8549 8897 8641
5 8753 8501 8770 8926 8970
2 8624 8692
2 8569 8792
6 8670 8549 8573 8727 8892 8979
3 8506 8668 8983
3 8513 8907 8632
8 8736 8939 8966 8764 8986 8846 8850 8957
5 8610 8677 8575 8672 8508
4 8736 8983 8866 8828
2 8545 8709
5 8597 8880 8891 8511 8561
2 8517 8943
8 8731 8782 8868 8885 8954 8966 8502 8940
3 8587 8907 8937
3 8582 8653 8952
6 8547 8726 8600 8894 8512 8939
7 8555 8803 8509 8965 8693 8507 8995
10 8604 8529 8559 8541 8923 8866 8698 8658 8507 8666
6 8776 8859 8853 8695 8626 8928
3 8694 8619 8829
6 8521 8895 8830 8712 8595 8968
5 8760 8859 8918 8679 8585
3 8741 8895 8714
2 8538 8624
6 8699 8891 8582 8642 8516 8918
4 8753 8920 8677 8747
5 8572 8927 8546 8696 8876
3 8595 8801 8906
4 8561 8922 8935 8766
4 8512 8965 8888 8958
4 8629 8876 8983 8902
7 8661 8895 8935 8613 8714 8706 8614
4 8643 8511 8581 8504
5 8708 8881 8844 8955 8550
3 8557 8833 8601
5 8753 8867 8700 8903 8606
6 8556 8828 8846 8641 8539 8820
5 8791 8997 8550 8888 8605
2 8585 8701
4 8780 8556 8818 8690
3 8535 8728 8756
6 8742 8971 8810 8972 8950 8667
3 8503 8889 8915
2 8732 8717
4 8631 8857 8737 8696
8 8656 8839 8629 8967 8683 8927 8612 8877
5 8625 8890 8805 8743 8561
2 8708 8944
2 8527 8880
4 8574 8502 8863 8918
2 8615 8941
6 8654 8840 8884 8898 8580 8873
2 8650 8522
5 8567 8926 8548 8853 8557
4 8594 8545 8950 8803
3 8684 8904 8883
5 8573 8846 8946 8604 8800
5 8547 8577 8590 8973 8561
2 8703 8952
2 8507 8902
3 8573 8936 8696
3 8675 8596 8932
3 8592 8997 8904
3 8609 8530 8523
4 8800 8845 8946 8772
5 8638 8951 8644 8983 8783
3 8542 8784 8702
2 8572 8645
2 8508 8916
7 8798 8855 8890 8631 8746 8954 8678
3 8639 8613 8728
4 8656 8963 8656 8877
3 8728 8917 8600
2 8742 8853
1 8592
3 8692 8809 8541
4 8815 8934 8943 8746
4 8511 8877 8703 8618
5 8606 8734 8719 8944 8890
5 8593 8551 8890 8592 8958
3 8715 8797 8870
2 8828 8898
5 8820 8861 8800 8770 8603
4 8680 8883 8619 8703
1 8661
5 8548 8726 8682 8605 8598
6 8615 8571 8612 8866 8770 8675
4 8566 8983 8714 8513
3 8740 8546 8634
5 8709 8837 8884 8782 8817
3 8540 8865 8570
5 8833 8689 8883 8515 8671
2 8738 8686
5 8808 8977 8531 8648 8555
2 8653 8736
4 8785 8887 8782 8608
4 8512 8639 8714 8941
6 8846 8894 8584 8735 8605 8530
2 8568 8705
3 8638 8813 8755
1 8676
6 8854 8973 8706 8873 8913 8706
7 8683 8878 8575 8772 8850 8528 8781
2 8799 8720
3 8776 8755 8743
4 8679 8508 8526 8720
7 8557 8549 8950 8533 8844 8531 8731
5 8695 8937 8523 8657 8595
4 8518 8981 8735 8606
5 8567 8945 8865 8733 8815
3 8554 8956 8993
4 8554 8889 8672 8616
4 8794 8790 8754 8559
7 8841 8936 8884 8931 8835 8742 8809
4 8556 8866 8885 8554
4 8663 8885 8925 8703
7 8774 8980 8985 8649 8908 8812 8542
4 8797 8964 8501 8891
3 8546 8754 8592
10 8587 8914 8847 8642 8553 8981 8855 8706 8819 8714
6 8720 8666 8877 8853 8815 8701
5 8776 8879 8878 8617 8711
3 8707 8632 8634
4 8859 8551 8698 8975
6 8646 8793 8801 8722 8509 8580
6 8875 8995 8579 8806 8641 8538
6 8810 8665 8833 8842 8686 8843
4 8774 8938 8881 8788
4 8711 8647 8563 8767
5 8630 8941 8898 8908 8579
4 8745 8861 8779 8632
8 8784 8795 8786 8917 8689 8736 8574 8999
4 8719 8752 8943 8751
3 8763 8595 8631
5 8845 8893 8815 8620 8954
5 8715 8523 8739 8689 8650
5 8564 8704 8580 8925 8727
2 8609 8687
5 8737 8950 8823 8794 8649
4 8694 8647 8799 8677
5 8530 8616 8819 8826 8519
1 8504
4 8756 8627 8625 8791
2 8769 8777
6 8637 8501 8880 8646 8893 8634
1 8659
5 8733 8641 8714 8542 8699
1 8632
8 8512 8992 8633 8761 8591 8696 8938 8541
6 8761 8641 8865 8919 8550 8941
4 8883 8571 8698 8538
3 8618 8607 8806
4 8724 8559 8832 8507
5 8836 8930 8895 8949 8501
4 8785 8551 8813 8788
4 8545 8545 8508 8913
5 8789 8620 8738 8651 8560
6 8556 8940 8984 8738 8574 8669
4 8792 8994 8564 8562
3 8516 8781 8531
3 8751 8739 8539
5 8649 8879 8900 8689 8564
3 8817 8948 8764
9 8790 8625 8579 8940 8758 8809 8737 8553 8711
5 8566 8944 8673 8566 8782
2 8543 8708
3 8723 8917 8537
4 8653 8986 8721 8877
5 8522 8576 8638 8825 8575
6 8525 8700 8550 8680 8666 8945
3 8706 8840 8644
4 8792 8547 8795 8723
4 8877 8824 8709 8557
5 8871 8943 8777 8980 8730
8 8891 8974 8988 8566 8761 8501 8717 8912
3 8770 8661 8779
4 8921 8927 8607 8776
7 8893 8707 8626 8814 8860 8913 8585
5 8603 8639 8757 8554 8968
7 8701 8987 8937 8840 8896 8996 8775
6 8811 8686 8928 8842 8979 8536
2 8873 8933
2 8820 8828
2 8565 8756
3 8926 8996 8702
6 8601 8993 8714 8917 8729 8982
5 8902 8870 8818 8805 8560
5 8666 8543 8829 8737 8679
7 8617 8558 8726 8822 8974 8778 8954
1 8642
7 8776 8756 8726 8833 8952 8898 8520
4 8637 8560 8797 8548
5 8761 8700 8703 8874 8693
6 8723 8590 8566 8632 8730 8770
4 8638 8652 8843 8793
1 8729
3 8520 8962 8515
1 8758
4 8580 8990 8565 8960
5 8560 8666 8835 8539 8989
3 8614 8881 8729
2 8793 8780
4 8770 8776 8688 8755
5 8710 8683 8998 8809 8654
4 8663 8976 8942 8784
2 8640 8629
3 8721 8652 8764
6 8595 8805 8570 8504 8705 8610
3 8575 8805 8741
3 8865 8821 8704
3 8938 8989 8952
4 8504 8542 8504 8887
3 8586 8986 8968
3 8533 8857 8555
3 8585 8733 8679
4 8602 8743 8944 8767
5 8880 8984 8535 8516 8937
7 8872 8662 8681 8883 8988 8589 8505
4 8751 8542 8949 8673
5 8851 8772 8794 8768 8829
5 8980 8635 8921 8557 8534
2 8880 8578
5 8575 8931 8976 8571 8770
5 8943 8728 8593 8578 8719
3 8507 8938 8981
5 8683 8614 8974 8963 8717
4 8962 8525 8724 8613
2 8668 8562
5 8500 8912 8576 8715 8711
3 8949 8874 8595
2 8606 8922
4 8889 8500 8780 8751
5 8611 8948 8704 8943 8583
3 8501 8801 8826
5 8531 8509 8667 8967 8654
4 8510 8711 8740 8895
13 9001 9002 9003 9004 9005 9009 9033 9075 9333 9102 9229 9399 9176
13 9000 9012 9018 9023 9115 9159 9226 9304 9188 9216 9478 9242 9186
12 9000 9008 9010 9011 9038 9052 9177 9370 9197 9459 9450 9354
7 9000 9043 9077 9273 9460 9158 9243
5 9000 9006 9037 9294 9093
13 9000 9013 9026 9027 9322 9400 9084 9397 9376 9065 9015 9465 9300
15 9004 9007 9029 9031 9153 9158 9310 9323 9423 9490 9222 9026 9367 9276 9070
10 9006 9017 9025 9030 9044 9089 9099 9401 9242 9067
10 9002 9019 9020 9114 9427 9314 9430 9497 9060 9066
11 9000 9016 9039 9106 9274 9347 9057 9435 9305 9141 9075
8 9002 9034 9232 9374 9482 9197 9337 9257
7 9002 9028 9032 9086 9123 9418 9432
5 9001 9014 9190 9379 9348
5 9005 9015 9108 9230 9220
4 9012 9046 9053 9255
11 9013 9035 9082 9100 9168 9208 9080 9262 9338 9005 9118
10 9009 9074 9083 9172 9456 9408 9265 9285 9067 9206
8 9007 9021 9098 9480 9172 9436 9418 9470
8 9001 9022 9024 9048 9061 9101 9460 9309
4 9008 9134 9380 9219
10 9008 9068 9072 9087 9113 9329 9346 9171 9235 9122
11 9017 9041 9047 9049 9495 9290 9152 9157 9249 9496 9347
3 9018 9036 9042
9 9001 9040 9117 9208 9372 9467 9198 9396 9075
8 9018 9065 9067 9179 9250 9104 9331 9175
12 9007 9054 9105 9129 9136 9183 9351 9218 9383 9267 9152 9145
9 9005 9064 9125 9151 9186 9336 9234 9471 9006
5 9005 9171 9415 9479 9460
5 9011 9222 9389 9265 9477
5 9006 9081 9262 9325 9442
5 9007 9155 9076 9134 9127
6 9006 9066 9070 9102 9390 9115
7 9011 9056 9141 9201 9334 9091 9384
5 9000 9130 9206 9439 9472
8 9010 9084 9085 9121 9342 9188 9148 9489
9 9015 9058 9060 9112 9166 9182 9197 9473 9205
5 9022 9152 9288 9369 9402
10 9004 9055 9069 9066 9203 9336 9254 9416 9381 9378
5 9002 9146 9350 9238 9045
8 9009 9045 9109 9207 9393 9273 9391 9398
8 9023 9094 9162 9385 9177 9379 9047 9227
6 9021 9286 9397 9315 9091 9091
4 9022 9091 9170 9192
6 9003 9051 9244 9352 9079 9242
9 9007 9062 9078 9316 9366 9483 9265 9452 9214
4 9039 9050 9038 9247
9 9014 9131 9224 9311 9410 9089 9237 9299 9173
7 9021 9111 9365 9430 9168 9314 9040
5 9018 9169 9377 9167 9413
4 9021 9116 9207 9051
6 9045 9063 9071 9093 9239 9436
6 9043 9059 9104 9478 9209 9049
4 9002 9057 9194 9318
3 9014 9181 9240
3 9025 9073 9295
1 9037
6 9032 9090 9385 9417 9431 9087
6 9052 9127 9009 9212 9350 9061
8 9035 9108 9135 9157 9174 9422 9175 9243
4 9051 9139 9442 9341
9 9035 9188 9211 9242 9424 9180 9008 9276 9366
7 9018 9107 9280 9251 9233 9363 9057
2 9044 9154
2 9050 9103
6 9026 9149 9205 9279 9206 9468
5 9024 9214 9118 9005 9396
5 9031 9198 9392 9037 9008
8 9024 9239 9007 9470 9016 9273 9102 9208
8 9020 9076 9080 9164 9330 9361 9271 9162
7 9037 9167 9180 9271 9477 9089 9151
7 9031 9143 9433 9389 9071 9395 9006
2 9050 9070
4 9020 9079 9124 9336
3 9054 9376 9152
3 9016 9088 9415
9 9000 9110 9414 9357 9234 9279 9430 9023 9009
8 9068 9092 9096 9118 9187 9030 9205 9279
6 9003 9227 9210 9461 9332 9200
5 9044 9095 9097 9287 9387
5 9072 9306 9489 9301 9043
4 9068 9165 9015 9164
8 9029 9145 9178 9290 9476 9232 9380 9344
5 9015 9122 9218 9362 9393
7 9016 9313 9390 9271 9336 9162 9409
6 9034 9175 9256 9005 9270 9094
3 9034 9295 9442
10 9011 9280 9288 9300 9312 9497 9254 9416 9328 9305
6 9020 9128 9267 9327 9207 9056
8 9074 9273 9291 9303 9406 9491 9239 9268
6 9007 9320 9046 9333 9472 9069
7 9056 9173 9176 9249 9360 9297 9208
7 9042 9251 9446 9032 9041 9494 9041
4 9076 9309 9465 9127
8 9050 9292 9297 9494 9376 9215 9004 9119
6 9040 9341 9328 9333 9084 9374
7 9078 9138 9202 9429 9309 9190 9336
4 9076 9306 9490 9456
6 9078 9236 9224 9499 9152 9309
5 9017 9150 9266 9483 9196
6 9007 9119 9340 9215 9246 9107
5 9015 9444 9407 9253 9458
6 9018 9132 9419 9264 9491 9302
10 9031 9140 9148 9357 9407 9434 9000 9308 9067 9348
1 9063
6 9051 9212 9395 9024 9264 9369
6 9025 9418 9293 9200 9367 9443
2 9009 9460
3 9061 9099 9301
6 9058 9142 9154 9141 9013 9340
1 9039
7 9075 9120 9233 9248 9283 9208 9164
5 9047 9395 9257 9166 9153
5 9035 9354 9227 9137 9244
7 9020 9192 9368 9150 9347 9357 9443
5 9008 9133 9156 9415 9234
7 9001 9126 9381 9493 9031 9161 9160
5 9049 9404 9173 9361 9338
1 9023
7 9076 9195 9348 9287 9065 9015 9499
5 9099 9199 9206 9411 9093
4 9110 9142 9186 9497
4 9034 9144 9490 9175
4 9082 9319 9355 9020
4 9011 9137 9230 9204
5 9072 9193 9192 9447 9373
7 9026 9314 9355 9260 9402 9321 9456
8 9115 9231 9234 9227 9280 9130 9416 9407
7 9057 9186 9030 9255 9308 9389 9092
5 9087 9209 9308 9462 9413
3 9025 9451 9328
6 9033 9147 9229 9256 9126 9497
4 9046 9458 9487 9251
4 9101 9191 9427 9310
3 9114 9482 9138
7 9019 9334 9344 9267 9030 9312 9435
2 9058 9451
8 9025 9163 9276 9157 9395 9361 9468 9291
5 9123 9112 9483 9143 9180
7 9095 9220 9229 9408 9339 9252 9133
6 9059 9210 9490 9359 9186 9295
4 9102 9261 9315 9433
7 9032 9439 9108 9323 9480 9009 9283
8 9108 9247 9469 9120 9337 9347 9485 9364
5 9070 9383 9352 9328 9137
6 9121 9394 9428 9183 9195 9453
5 9081 9344 9299 9445 9025
4 9038 9160 9498 9229
4 9130 9238 9317 9441
7 9102 9184 9259 9499 9034 9394 9199
3 9064 9464 9300
7 9098 9245 9246 9395 9113 9386 9414
9 9026 9161 9194 9223 9426 9382 9069 9232 9245
8 9036 9363 9337 9021 9073 9025 9196 9097
7 9006 9301 9432 9492 9431 9111 9239
6 9108 9200 9292 9167 9062 9273
2 9030 9348
4 9114 9282 9250 9405
6 9058 9136 9264 9425 9021 9480
5 9006 9253 9290 9003 9436
3 9001 9163 9457
4 9146 9215 9453 9115
4 9151 9432 9435 9115
4 9040 9235 9068 9083
5 9136 9185 9196 9284 9159
9 9068 9268 9381 9399 9110 9253 9211 9458 9080
3 9080 9434 9494
3 9035 9403 9111
7 9069 9475 9154 9269 9048 9329 9359
5 9015 9220 9389 9047 9317
1 9048
5 9042 9189 9263 9245 9355
5 9027 9399 9020 9267 9275
5 9016 9217 9320 9017 9425
6 9090 9116 9494 9046 9287 9293
4 9058 9257 9477 9315
5 9084 9335 9058 9121 9024
4 9090 9219 9193 9000
4 9002 9203 9040 9278
2 9081 9438
5 9024 9219 9293 9438 9496
5 9069 9298 9181 9060 9137
5 9053 9212 9399 9180 9260
2 9035 9499
4 9025 9265 9447 9144
2 9148 9338
3 9163 9281 9452
6 9026 9120 9127 9337 9139 9001
2 9076 9342
5 9060 9225 9034 9001 9404
6 9170 9204 9356 9274 9265 9205
5 9012 9418 9297 9095 9263
4 9132 9285 9448 9248
6 9113 9042 9324 9312 9124 9472
5 9124 9243 9431 9176 9199
3 9151 9306 9052
6 9118 9369 9322 9206 9201 9144
5 9163 9213 9152 9098 9383
5 9035 9228 9010 9002 9439
6 9066 9450 9386 9023 9268 9411
5 9119 9437 9293 9193 9148
8 9154 9287 9393 9371 9105 9207 9317 9077
3 9032 9326 9195
4 9095 9221 9372 9247
4 9177 9277 9037 9471
12 9189 9216 9332 9382 9384 9246 9423 9364 9284 9476 9350 9123
6 9064 9349 9035 9076 9317 9189
5 9033 9119 9195 9064 9016
8 9039 9272 9299 9241 9087 9200 9231 9049
7 9023 9015 9110 9270 9090 9067 9446
4 9128 9213 9331 9051
8 9139 9305 9421 9325 9385 9454 9077 9492
3 9060 9322 9164
8 9181 9237 9449 9434 9104 9057 9281 9443
4 9209 9325 9196 9369
8 9065 9373 9388 9286 9359 9312 9276 9044
5 9160 9454 9093 9099 9448
6 9204 9409 9457 9287 9421 9001
4 9172 9412 9303 9391
3 9082 9025 9248
6 9179 9471 9176 9451 9019 9311
5 9138 9339 9168 9292 9013
3 9202 9260 9430
5 9028 9431 9375 9006 9276
5 9151 9252 9269 9391 9354
2 9046 9097
5 9188 9241 9481 9330 9417
2 9001 9370
8 9077 9328 9411 9112 9126 9383 9273 9040
3 9197 9302 9450
6 9138 9130 9481 9000 9315 9146
3 9123 9013 9312
7 9126 9431 9243 9260 9207 9291 9427
5 9010 9357 9081 9494 9151
4 9110 9258 9355 9061
5 9126 9026 9377 9075 9114
3 9162 9445 9020
2 9097 9377
7 9212 9364 9405 9447 9046 9413 9263
3 9147 9038 9357
6 9050 9258 9088 9067 9331 9153
5 9053 9448 9278 9428 9347
7 9225 9254 9207 9384 9257 9409 9322
6 9060 9390 9474 9007 9043 9001
5 9193 9231 9439 9058 9003
7 9043 9270 9343 9453 9112 9376 9487
3 9150 9170 9151
5 9150 9278 9379 9204 9099
5 9142 9202 9264 9045 9285
7 9110 9378 9448 9418 9218 9405 9191
2 9090 9021
3 9024 9156 9254
4 9091 9061 9131 9420
2 9223 9138
5 9158 9486 9363 9164 9100
4 9241 9086 9250 9037
2 9014 9127
4 9084 9421 9447 9130
6 9174 9264 9111 9387 9241 9010
3 9239 9233 9368
4 9148 9331 9264 9464
6 9221 9275 9125 9231 9429 9181
4 9140 9479 9334 9460
4 9029 9394 9467 9015
4 9170 9356 9237 9190
7 9257 9101 9382 9157 9259 9104 9247
5 9183 9044 9016 9189 9028
1 9098
5 9087 9451 9134 9171 9025
3 9164 9198 9088
4 9223 9397 9167 9479
6 9244 9375 9296 9084 9208 9381
3 9069 9083 9068
3 9207 9358 9347
8 9088 9296 9039 9003 9067 9490 9227 9154
4 9009 9189 9417 9351
6 9260 9358 9419 9371 9303 9171
8 9136 9322 9214 9222 9060 9411 9006 9429
2 9203 9385
4 9246 9240 9177 9283
5 9064 9442 9075 9397 9076
3 9086 9061 9126
4 9185 9480 9212 9311
3 9156 9304 9465
5 9110 9473 9384 9278 9141
4 9163 9289 9204 9416
5 9191 9016 9352 9406 9247
4 9041 9499 9214 9463
6 9200 9428 9216 9078 9118 9173
3 9086 9317 9036
4 9284 9489 9396 9487
4 9081 9021 9344 9158
8 9088 9318 9389 9136 9231 9298 9477 9480
4 9093 9311 9154 9220
6 9179 9319 9402 9199 9105 9173
5 9004 9353 9466 9415 9387
5 9054 9085 9476 9139 9388
3 9273 9270 9337
7 9093 9337 9399 9414 9090 9395 9190
3 9180 9291 9305
3 9207 9046 9145
3 9086 9149 9005
4 9153 9307 9079 9107
6 9228 9308 9356 9312 9313 9101
5 9088 9367 9217 9479 9275
5 9282 9321 9001 9411 9335
4 9210 9009 9298 9086
6 9096 9346 9194 9079 9391 9358
7 9301 9354 9484 9368 9485 9363 9463
5 9128 9302 9405 9102 9127
8 9092 9463 9397 9095 9018 9472 9097 9494
3 9006 9324 9132
7 9046 9292 9458 9219 9281 9387 9357
6 9086 9134 9214 9192 9302 9230
2 9083 9302
4 9125 9349 9008 9047
6 9140 9488 9041 9174 9370 9229
5 9044 9426 9355 9338 9421
7 9147 9359 9487 9288 9168 9205 9200
3 9291 9052 9426
4 9293 9466 9122 9496
2 9089 9172
3 9304 9125 9497
6 9005 9211 9276 9195 9241 9354
2 9006 9141
2 9310 9192
4 9213 9210 9029 9431
3 9201 9408 9343
4 9087 9351 9459 9470
7 9227 9143 9488 9094 9129 9493 9086
3 9020 9424 9167
3 9068 9225 9452
7 9209 9345 9433 9259 9438 9239 9024
5 9204 9430 9389 9077 9438
7 9000 9493 9435 9089 9094 9379 9391
4 9134 9032 9261 9337
2 9175 9304
8 9026 9072 9476 9083 9420 9037 9492 9095
10 9297 9379 9413 9449 9152 9142 9296 9334 9186 9010
5 9184 9015 9414 9116 9316
3 9220 9138 9390
3 9099 9108 9488
4 9094 9463 9402 9059
2 9034 9187
3 9244 9326 9426
6 9145 9416 9134 9290 9461 9081
2 9331 9394
3 9020 9306 9492
9 9009 9448 9355 9113 9142 9021 9240 9272 9456
5 9118 9155 9420 9012 9102
2 9314 9205
5 9038 9386 9057 9204 9408
3 9025 9274 9327
3 9043 9143 9285
2 9294 9456
6 9112 9459 9307 9002 9223 9322
9 9125 9371 9451 9316 9233 9347 9170 9122 9380
4 9189 9473 9263 9302
9 9102 9493 9232 9075 9113 9238 9481 9311 9371
5 9275 9405 9391 9272 9306
4 9317 9214 9139 9167
2 9090 9474
3 9068 9136 9116
2 9082 9396
5 9152 9253 9496 9061 9307
5 9237 9429 9204 9403 9142
2 9047 9398
3 9044 9435 9060
5 9303 9105 9447 9409 9006
3 9113 9307 9258
4 9195 9036 9104 9213
5 9002 9226 9471 9315 9421
4 9355 9200 9275 9357
2 9023 9202
3 9214 9377 9124
4 9010 9479 9094 9378
4 9270 9222 9487 9468
4 9073 9093 9005 9244
5 9236 9048 9234 9468 9373
3 9248 9374 9037
6 9337 9246 9012 9420 9333 9040
4 9019 9397 9081 9355
5 9164 9115 9270 9427 9037
4 9204 9264 9151 9483
6 9143 9387 9443 9025 9227 9196
4 9204 9241 9283 9032
6 9056 9455 9277 9210 9484 9040
4 9350 9198 9442 9150
6 9383 9257 9411 9078 9294 9311
3 9214 9462 9295
6 9028 9291 9070 9168 9332 9127
5 9242 9031 9083 9339 9393
7 9223 9358 9039 9432 9217 9306 9333
3 9066 9428 9481
5 9200 9039 9452 9082 9390
5 9144 9262 9345 9445 9148
6 9111 9136 9150 9104 9297 9070
4 9362 9289 9023 9065
6 9269 9005 9041 9380 9309 9279
3 9365 9482 9039
7 9181 9171 9164 9297 9469 9000 9436
3 9005 9493 9446
1 9007
5 9293 9420 9125 9341 9036
2 9166 9364
4 9116 9461 9188 9490
6 9237 9425 9358 9308 9156 9248
2 9088 9285
3 9102 9100 9126
4 9138 9016 9326 9350
5 9216 9241 9482 9367 9083
2 9046 9424
6 9227 9119 9387 9304 9276 9198
1 9217
5 9337 9423 9237 9128 9048
6 9075 9472 9461 9297 9338 9150
4 9114 9027 9294 9074
5 9344 9086 9126 9037 9284
4 9056 9274 9421 9225
6 9105 9440 9190 9011 9248 9017
3 9101 9468 9275
6 9402 9379 9348 9336 9251 9468
6 9210 9256 9216 9417 9370 9316
1 9058
4 9006 9413 9204 9481
3 9329 9060 9410
3 9405 9157 9172
4 9316 9151 9343 9318
5 9132 9484 9008 9381 9231
4 9144 9287 9392 9240
4 9364 9095 9260 9276
6 9047 9332 9008 9449 9075 9221
6 9222 9193 9231 9056 9153 9325
4 9153 9161 9011 9391
5 9070 9485 9331 9434 9140
5 9102 9212 9444 9165 9433
6 9366 9333 9461 9009 9161 9134
4 9050 9017 9158 9399
2 9199 9454
5 9178 9179 9331 9332 9466
6 9141 9458 9476 9243 9033 9197
2 9418 9474
1 9147
6 9059 9279 9386 9497 9085 9029
6 9383 9492 9485 9212 9105 9113
2 9100 9434
3 9235 9394 9145
3 9091 9400 9208
5 9237 9183 9256 9124 9367
5 9240 9347 9248 9191 9215
3 9337 9212 9430
5 9198 9470 9458 9228 9002
6 9267 9496 9355 9219 9129 9135
5 9185 9393 9044 9330 9457
4 9244 9160 9495 9144
4 9215 9463 9210 9437
2 9385 9465
5 9016 9353 9096 9125 9347
3 9216 9452 9159
6 9439 9131 9450 9311 9164 9100
3 9354 9327 9002
5 9106 9018 9003 9261 9027
6 9404 9414 9435 9344 9077 9497
2 9128 9388
5 9309 9454 9341 9286 9307
3 9149 9489 9259
4 9092 9282 9455 9005
4 9319 9294 9495 9438
2 9023 9262
7 9419 9136 9472 9377 9064 9375 9420
2 9142 9399
4 9450 9067 9017 9327
5 9219 9026 9370 9498 9203
6 9414 9468 9089 9033 9309 9192
3 9035 9283 9356
4 9242 9440 9480 9360
1 9167
6 9439 9295 9081 9336 9485 9204
4 9174 9069 9291 9028
2 9051 9001
5 9261 9027 9303 9374 9269
6 9281 9017 9474 9141 9291 9157
5 9225 9229 9357 9423 9392
4 9010 9398 9409 9133
4 9044 9137 9098 9382
3 9427 9307 9385
5 9433 9476 9307 9443 9142
1 9253
5 9317 9289 9131 9375 9244
3 9315 9340 9328
4 9289 9464 9079 9034
6 9096 9006 9121 9139 9273 9404
2 9088 9101
5 9153 9346 9443 9210 9336
5 9357 9333 9400 9328 9115
6 9093 9165 9173 9232 9091 9309
3 9021 9466 9453
5 9451 9319 9363 9179 9021
7 9086 9120 9008 9442 9130 9321 9461
2 9146 9471
5 9286 9148 9097 9182 9118
13 9501 9502 9503 9507 9509 9512 9517 9529 9533 9807 9586 9571 9653
15 9500 9519 9540 9544 9657 9744 9849 9879 9925 9938 9756 9696 9726 9998 9573
8 9500 9523 9535 9593 9639 9858 9640 9573
11 9500 9504 9506 9511 9515 9538 9629 9760 9567 9526 9968
6 9503 9505 9520 9645 9826 9648
5 9504 9508 9566 9569 9580
12 9503 9510 9513 9514 9567 9624 9653 9796 9652 9728 9672 9706
10 9500 9532 9536 9562 9637 9929 9992 9998 9798 9748
8 9505 9527 9543 9628 9762 9945 9850 9548
5 9500 9541 9909 9954 9856
4 9506 9537 9548 9731
7 9503 9518 9590 9803 9977 9940 9916
6 9500 9550 9748 9885 9968 9984
13 9506 9516 9526 9534 9667 9701 9764 9796 9832 9647 9650 9610 9578
6 9506 9560 9687 9877 9823 9978
10 9503 9539 9591 9596 9620 9672 9848 9811 9719 9794
6 9513 9521 9546 9649 9963 9568
9 9500 9531 9570 9579 9658 9871 9886 9984 9527
5 9511 9654 9528 9805 9745
7 9501 9530 9619 9678 9899 9880 9569
11 9504 9522 9524 9525 9612 9708 9779 9930 9578 9931 9537
6 9516 9547 9614 9944 9737 9823
4 9520 9938 9661 9659
13 9502 9542 9554 9559 9564 9661 9799 9951 9588 9571 9971 9811 9814
5 9520 9664 9695 9776 9732
4 9520 9696 9561 9601
9 9513 9528 9632 9883 9503 9986 9556 9599 9757
7 9508 9605 9905 9775 9708 9517 9594
4 9526 9588 9518 9729
8 9500 9552 9556 9836 9668 9682 9785 9955
3 9519 9793 9551
4 9517 9705 9728 9710
9 9507 9576 9751 9873 9657 9717 9679 9675 9568
10 9500 9646 9674 9808 9921 9763 9664 9721 9619 9628
5 9513 9577 9648 9762 9790
6 9502 9634 9843 9894 9608 9781
15 9507 9555 9563 9582 9585 9586 9606 9607 9820 9948 9712 9632 9782 9667 9690
4 9510 9574 9593 9520
6 9503 9545 9558 9867 9838 9808
9 9515 9642 9977 9857 9919 9659 9762 9987 9780
4 9501 9581 9625 9577
2 9509 9575
6 9523 9587 9609 9713 9832 9691
5 9508 9830 9897 9659 9666
7 9501 9549 9557 9572 9601 9603 9690
5 9538 9675 9757 9877 9669
4 9516 9996 9891 9653
8 9521 9618 9750 9915 9829 9652 9558 9980
7 9510 9553 9805 9840 9508 9763 9549
7 9544 9551 9600 9731 9616 9733 9548
9 9512 9565 9610 9647 9656 9714 9607 9761 9956
10 9549 9611 9761 9695 9566 9994 9579 9878 9665 9530
4 9529 9627 9859 9661
7 9548 9679 9959 9668 9997 9619 9823
6 9523 9561 9694 9723 9578 9641
3 9536 9568 9592
3 9529 9637 9526
1 9544
7 9538 9660 9985 9979 9727 9812 9547
3 9523 9571 9595
6 9514 9630 9730 9742 9947 9944
3 9554 9525 9640
4 9507 9680 9752 9676
6 9536 9573 9621 9623 9847 9735
3 9523 9834 9774
11 9550 9589 9676 9860 9567 9604 9683 9876 9929 9884 9654
3 9505 9551 9870
10 9506 9604 9686 9690 9737 9906 9565 9503 9938 9800
9 9555 9774 9781 9735 9892 9813 9516 9848 9532
5 9505 9800 9894 9930 9519
6 9517 9598 9816 9922 9965 9586
8 9559 9583 9592 9595 9523 9670 9500 9657
6 9544 9798 9769 9950 9618 9746
7 9563 9771 9921 9502 9871 9698 9501
1 9537
7 9541 9578 9640 9833 9953 9899 9842
8 9532 9599 9615 9718 9824 9756 9825 9683
7 9534 9584 9677 9859 9952 9540 9915
11 9575 9622 9683 9603 9554 9637 9784 9520 9620 9885 9513
5 9517 9635 9855 9991 9551
6 9505 9594 9602 9665 9867 9888
7 9540 9697 9702 9794 9928 9603 9625
5 9536 9733 9674 9807 9985
6 9571 9682 9763 9784 9948 9828
6 9577 9725 9790 9735 9959 9815
3 9536 9918 9699
5 9536 9890 9500 9612 9570
5 9542 9617 9616 9892 9711
5 9528 9668 9653 9630 9523
6 9565 9626 9812 9956 9616 9915
3 9511 9648 9872
4 9515 9597 9880 9861
3 9571 9555 9773
8 9502 9650 9652 9693 9802 9537 9706 9827
4 9580 9856 9599 9527
8 9571 9655 9673 9745 9762 9780 9788 9559
4 9515 9689 9810 9712
7 9591 9608 9628 9770 9934 9739 9673
4 9570 9918 9952 9858
5 9576 9726 9709 9526 9594
2 9549 9880
7 9544 9616 9715 9742 9525 9924 9836
2 9580 9874
10 9544 9644 9721 9844 9578 9926 9770 9581 9660 9894
6 9567 9631 9866 9565 9681 9787
3 9527 9768 9798
9 9536 9880 9958 9999 9838 9863 9653 9960 9925
9 9536 9633 9643 9775 9685 9550 9736 9781 9775
9 9597 9636 9662 9666 9773 9817 9969 9535 9625
5 9542 9724 9853 9836 9662
4 9550 9613 9651 9513
9 9551 9716 9769 9865 9961 9950 9980 9888 9694
7 9520 9659 9670 9586 9834 9746 9857
6 9610 9684 9846 9881 9878 9783
7 9521 9638 9641 9795 9773 9793 9640
2 9576 9998
9 9601 9811 9673 9549 9587 9979 9920 9589 9903
5 9587 9704 9741 9793 9721
4 9547 9957 9572 9889
7 9519 9699 9747 9897 9910 9553 9533
3 9515 9578 9726
4 9563 9793 9884 9803
4 9578 9755 9783 9801
6 9563 9768 9997 9997 9642 9989
4 9506 9865 9725 9994
8 9540 9759 9852 9931 9990 9581 9608 9973
4 9589 9736 9775 9750
2 9552 9663
6 9597 9806 9508 9846 9638 9533
3 9503 9651 9973
8 9560 9794 9588 9666 9878 9699 9918 9948
4 9604 9978 9957 9941
4 9526 9778 9789 9536
3 9607 9654 9856
9 9535 9669 9711 9945 9758 9643 9649 9915 9982
2 9579 9758
5 9608 9714 9952 9877 9682
8 9507 9832 9819 9578 9842 9556 9749 9814
6 9614 9908 9700 9769 9628 9995
3 9502 9672 9921
7 9575 9743 9502 9614 9764 9928 9561
5 9614 9729 9554 9655 9684
6 9539 9814 9973 9669 9882 9623
6 9607 9740 9766 9887 9782 9634
3 9603 9949 9994
4 9504 9685 9851 9778
6 9533 9671 9706 9772 9982 9664
8 9550 9713 9896 9815 9513 9707 9899 9879
6 9590 9722 9777 9534 9504 9903
7 9516 9700 9849 9746 9634 9906 9797
5 9593 9815 9898 9914 9513
4 9629 9681 9610 9977
8 9593 9818 9874 9903 9818 9506 9988 9547
7 9506 9588 9760 9546 9606 9890 9500
5 9518 9633 9797 9911 9565
8 9595 9735 9893 9968 9811 9838 9641 9734
2 9550 9705
3 9501 9532 9571
2 9517 9836
6 9612 9932 9712 9522 9539 9543
7 9558 9738 9889 9991 9754 9603 9882
6 9523 9953 9989 9719 9522 9552
5 9608 9928 9968 9893 9609
6 9627 9712 9961 9902 9745 9716
7 9524 9710 9782 9829 9793 9533 9646
8 9580 9838 9682 9667 9860 9551 9935 9780
5 9608 9847 9630 9821 9543
5 9513 9665 9735 9536 9845
5 9588 9831 9553 9529 9674
5 9634 9828 9642 9545 9889
4 9612 9874 9571 9935
7 9646 9739 9887 9824 9910 9831 9965
5 9515 9728 9639 9799 9506
4 9595 9797 9616 9597
5 9533 9696 9582 9788 9668
4 9545 9746 9833 9532
2 9565 9562
4 9577 9698 9754 9820
2 9519 9996
2 9553 9532
4 9562 9752 9695 9798
6 9651 9688 9604 9966 9853 9798
9 9583 9734 9938 9665 9529 9636 9793 9884 9798
6 9578 9720 9954 9565 9749 9576
5 9613 9765 9869 9964 9641
6 9645 9703 9882 9607 9812 9920
1 9567
5 9514 9691 9916 9989 9731
4 9681 9707 9760 9786
3 9596 9828 9761
8 9567 9692 9717 9753 9923 9544 9877 9536
3 9687 9542 9911
6 9690 9787 9780 9937 9916 9724
6 9593 9885 9884 9731 9712 9874
3 9554 9709 9611
5 9524 9551 9680 9921 9829
7 9674 9525 9705 9501 9933 9799 9781
4 9581 9749 9768 9857
6 9677 9767 9907 9829 9705 9573
6 9619 9835 9812 9585 9908 9630
2 9649 9638
5 9513 9850 9884 9760 9968
5 9581 9785 9911 9947 9935
3 9685 9872 9866
5 9617 9984 9745 9848 9781
6 9531 9873 9656 9696 9698 9774
6 9646 9943 9593 9916 9506 9709
7 9688 9776 9933 9923 9789 9647 9843
4 9520 9986 9967 9527
3 9694 9599 9706
5 9664 9946 9531 9726 9999
4 9634 9941 9722 9587
7 9663 9868 9914 9536 9659 9596 9693
3 9647 9896 9542
2 9636 9550
8 9601 9921 9792 9929 9975 9727 9751 9956
6 9611 9719 9809 9871 9997 9663
5 9690 9960 9532 9992 9722
5 9576 9983 9773 9762 9938
6 9716 9919 9763 9515 9661 9942
3 9683 9926 9740
9 9603 9766 9857 9826 9836 9533 9798 9617 9947
5 9648 9912 9711 9951 9717
6 9554 9839 9946 9879 9735 9838
6 9609 9791 9949 9839 9871 9692
5 9584 9732 9840 9846 9624
7 9599 9727 9837 9878 9710 9620 9501
6 9726 9851 9970 9934 9715 9558
5 9531 9672 9797 9506 9816
3 9641 9951 9528
8 9560 9862 9850 9769 9875 9819 9946 9915
6 9549 9510 9883 9687 9693 9814
5 9725 9920 9524 9961 9929
2 9582 9549
3 9682 9655 9769
8 9655 9786 9741 9723 9584 9568 9667 9563
3 9626 9882 9607
2 9567 9521
4 9660 9914 9966 9764
6 9671 9863 9864 9882 9597 9776
4 9643 9720 9920 9886
5 9617 9813 9735 9847 9863
8 9601 9756 9792 9901 9913 9560 9794 9942
2 9640 9810
3 9501 9876 9768
7 9595 9772 9704 9663 9841 9774 9518
6 9675 9649 9612 9572 9851 9773
4 9619 9827 9832 9954
7 9512 9751 9955 9967 9805 9850 9507
6 9697 9949 9909 9637 9855 9683
4 9547 9767 9923 9626
4 9748 9532 9853 9715
4 9562 9861 9680 9808
4 9690 9819 9907 9833
3 9677 9980 9660
5 9622 9840 9827 9759 9983
4 9742 9896 9501 9576
5 9545 9892 9984 9526 9990
3 9635 9856 9634
6 9625 9869 9917 9982 9850 9755
5 9503 9936 9653 9688 9701
5 9551 9689 9550 9839 9814
9 9595 9933 9801 9508 9829 9534 9781 9718 9539
5 9583 9719 9856 9533 9548
5 9513 9813 9975 9640 9738
2 9684 9900
4 9721 9902 9643 9828
7 9750 9960 9698 9974 9869 9886 9776
7 9623 9823 9697 9803 9605 9744 9823
5 9611 9572 9730 9638 9734
3 9597 9603 9857
5 9573 9860 9913 9807 9972
2 9745 9646
8 9608 9796 9950 9718 9614 9897 9592 9746
6 9568 9997 9705 9564 9966 9745
4 9607 9607 9527 9626
5 9707 9524 9739 9778 9767
4 9648 9971 9847 9865
5 9632 9929 9776 9645 9801
4 9520 9829 9836 9913
10 9595 9799 9889 9692 9818 9949 9665 9908 9539 9828
6 9568 9607 9762 9535 9696 9704
4 9664 9845 9643 9536
3 9622 9810 9613
3 9583 9578 9801
4 9702 9881 9529 9956
3 9735 9992 9688
3 9692 9977 9604
3 9595 9880 9674
3 9632 9924 9707
4 9584 9896 9975 9534
3 9724 9840 9924
3 9742 9965 9715
8 9621 9950 9530 9664 9614 9923 9682 9617
8 9581 9804 9969 9630 9806 9958 9742 9515
1 9614
4 9773 9506 9513 9920
4 9673 9728 9654 9649
9 9572 9894 9680 9827 9681 9721 9682 9507 9605
5 9523 9780 9672 9696 9900
4 9569 9957 9962 9567
7 9622 9985 9762 9784 9778 9900 9921
7 9593 9822 9999 9997 9931 9861 9914
4 9511 9928 9768 9621
2 9794 9954
4 9548 9995 9748 9518
4 9628 9975 9979 9794
4 9500 9771 9582 9882
5 9533 9752 9841 9816 9538
2 9716 9821
4 9596 9743 9929 9783
7 9616 9825 9841 9515 9890 9655 9523
5 9589 9699 9930 9685 9558
5 9764 9741 9876 9568 9957
6 9642 9888 9761 9637 9731 9523
4 9650 9647 9867 9584
4 9570 9808 9728 9879
3 9608 9987 9939
5 9652 9842 9652 9866 9780
5 9753 9891 9637 9730 9850
3 9536 9858 9677
8 9809 9924 9826 9905 9864 9666 9898 9971
2 9802 9895
7 9768 9902 9514 9521 9880 9553 9768
4 9576 9939 9936 9671
2 9811 9576
5 9504 9975 9721 9821 9840
7 9747 9900 9755 9988 9798 9998 9593
6 9669 9689 9766 9994 9583 9780
7 9664 9779 9762 9877 9698 9547 9695
4 9543 9956 9927 9871
6 9668 9911 9892 9904 9906 9671
4 9637 9747 9513 9542
6 9675 9912 9575 9970 9753 9928
2 9564 9612
2 9699 9933
7 9529 9779 9721 9658 9609 9960 9601
1 9726
6 9665 9998 9538 9723 9606 9655
4 9723 9937 9761 9724
5 9791 9755 9725 9548 9826
3 9811 9808 9745
3 9818 9637 9575
3 9535 9954 9707
2 9603 9854
4 9782 9910 9949 9667
3 9613 9628 9725
5 9563 9966 9666 9777 9741
5 9515 9968 9704 9932 9568
3 9501 9649 9973
6 9701 9730 9759 9819 9508 9748
4 9645 9727 9965 9746
2 9625 9947
4 9609 9751 9681 9982
1 9844
3 9579 9908 9749
7 9594 9758 9763 9878 9633 9870 9509
8 9721 9963 9970 9539 9870 9697 9612 9770
4 9820 9870 9502 9598
3 9577 9996 9552
5 9565 9978 9771 9665 9965
8 9752 9932 9981 9963 9969 9971 9802 9591
5 9730 9902 9972 9916 9919
4 9739 9920 9606 9741
2 9739 9821
3 9611 9777 9624
4 9604 9703 9818 9889
3 9538 9580 9815
2 9712 9940
5 9759 9767 9684 9873 9914
4 9858 9857 9566 9856
5 9517 9573 9716 9830 9724
4 9703 9898 9904 9590
6 9705 9875 9947 9532 9942 9869
4 9652 9602 9670 9693
2 9873 9730
4 9744 9813 9565 9963
5 9514 9636 9829 9545 9690
6 9726 9986 9551 9613 9630 9856
5 9501 9723 9977 9816 9647
7 9606 9788 9519 9896 9823 9591 9600
2 9785 9613
6 9685 9736 9739 9642 9807 9660
4 9526 9968 9731 9977
6 9621 9888 9693 9701 9565 9682
4 9693 9512 9894 9578
3 9517 9767 9740
2 9671 9643
5 9814 9915 9884 9611 9580
5 9660 9780 9866 9618 9669
6 9586 9999 9907 9811 9901 9653
2 9819 9546
4 9757 9831 9568 9587
2 9655 9662
6 9569 9964 9535 9798 9885 9603
2 9822 9919
5 9647 9713 9756 9790 9880
5 9543 9619 9946 9773 9939
3 9872 9650 9821
3 9519 9575 9647
6 9827 9914 9765 9799 9979 9801
2 9742 9890
4 9862 9766 9663 9823
3 9652 9616 9648
3 9872 9976 9831
3 9527 9821 9995
5 9567 9941 9831 9649 9934
4 9753 9944 9698 9890
5 9638 9855 9957 9699 9780
5 9509 9997 9946 9749 9983
4 9845 9934 9619 9671
4 9831 9702 9654 9691
5 9722 9935 9833 9980 9930
4 9742 9771 9779 9917
10 9900 9942 9712 9979 9946 9738 9650 9802 9944 9869
6 9888 9547 9730 9577 9589 9634
7 9687 9990 9862 9511 9706 9692 9970
2 9759 9913
3 9585 9598 9630
5 9719 9539 9978 9895 9862
7 9732 9740 9970 9685 9863 9616 9796
6 9715 9573 9533 9695 9639 9801
1 9570
5 9690 9955 9793 9707 9750
4 9791 9821 9789 9601
4 9501 9927 9606 9968
2 9720 9603
2 9925 9830
5 9581 9662 9803 9640 9833
7 9507 9970 9778 9810 9715 9565 9732
4 9520 9569 9812 9912
4 9625 9974 9802 9520
4 9861 9944 9659 9848
5 9707 9940 9762 9835 9696
6 9597 9997 9910 9727 9976 9906
6 9912 9670 9994 9665 9702 9950
2 9760 9824
2 9839 9692
5 9682 9501 9567 9522 9718
4 9824 9817 9897 9974
3 9933 9511 9868
3 9906 9631 9711
5 9914 9949 9873 9742 9719
3 9706 9993 9966
5 9907 9521 9932 9560 9914
3 9634 9995 9508
6 9710 9723 9897 9914 9909 9730
6 9873 9702 9560 9951 9852 9721
3 9536 9583 9630
6 9644 9749 9942 9780 9845 9724
5 9793 9773 9572 9611 9935
4 9729 9523 9947 9722
3 9636 9598 9577
2 9661 9575
5 9804 9683 9509 9843 9747
4 9748 9988 9923 9529
6 9830 9589 9997 9550 9785 9715
5 9800 9631 9908 9618 9813
2 9606 9794
2 9553 9584
4 9767 9717 9836 9606
3 9611 9663 9732
1 9800
4 9857 9861 9516 9876
2 9894 9684
6 9792 9570 9994 9851 9860 9671
5 9847 9943 9681 9738 9774
3 9748 9980 9708
8 9883 9655 9662 9848 9503 9512 9701 9925
3 9794 9608 9861
6 9929 9857 9727 9920 9833 9916
5 9777 9523 9861 9821 9986
3 9862 9771 9975
4 9642 9849 9629 9625
3 9931 9767 9939
6 9806 9826 9764 9715 9790 9972
2 9904 9934
6 9539 9787 9651 9511 9879 9883
4 9631 9860 9919 9514
5 9806 9914 9558 9616 9900
5 9967 9754 9912 9611 9547
1 9861
4 9759 9646 9634 9853
3 9718 9755 9909
4 9517 9704 9757 9512
3 9801 9558 9582
4 9878 9708 9526 9971
2 9817 9539
3 9955 9827 9652
3 9661 9687 9623
3 9916 9625 9757
2 9660 9579
3 9507 9786 9717
1 9943
6 9644 9965 9551 9828 9935 9624
4 9805 9945 9905 9638
3 9859 9546 9678
9 9909 9802 9934 9774 9623 9956 9553 9623 9716
5 9838 9507 9615 9827 9501
4 9606 9802 9890 9710
