10000
7 1100 7976 8141 4053 5549 4971 5410
9 9771 6814 172 9976 8607 3210 4549 6931 4807
3 2196 4118 1489
6 3149 2403 567 8879 9821 5043
6 7617 1757 6529 3919 303 7790
4 424 2048 4951 1226
5 6354 8870 6678 7695 8977
6 5442 4680 2676 2792 2435 1260
8 9349 2246 9394 2742 9114 5651 854 4124
8 7869 4705 8265 7416 566 3450 9813 9002
6 6866 6530 817 774 8699 1354
10 7479 6998 9883 5435 7598 8289 8536 2225 8964 7505
3 151 9251 2160
6 8841 9175 3578 7546 1780 9382
3 817 9197 2438
8 6820 9470 2188 7170 3786 2405 8362 7536
7 7705 7984 8000 6091 684 3665 3037
8 3801 2762 2065 6135 1559 8134 3250 7836
2 8431 2445
8 7069 4267 818 3675 768 884 7721 1776
5 1770 907 3516 1645 2217
4 6329 523 6784 5596
4 1749 6784 5692 7607
9 8337 2855 3380 7881 1877 217 8023 6164 2080
8 3272 2286 5387 1329 3841 3335 8840 9208
9 3171 4837 5780 1569 129 7323 8900 3414 1587
8 9738 2644 8215 1815 4437 8325 4166 1203
4 8985 7765 8518 5092
2 5609 2760
2 9076 2911
5 988 4924 1063 1705 5904
5 5820 722 1075 9614 9890
7 2156 6704 7437 3110 998 2795 8620
7 2210 1229 952 2973 9974 7989 6574
8 5869 1001 9201 1895 2879 8008 2754 841
7 8844 528 2771 2435 5592 3706 6396
8 9021 7255 4817 9621 7045 9319 2273 6162
5 5004 8977 6534 3509 7722
4 6927 9028 4632 609
6 1756 3030 3300 2532 9325 7960
6 5064 9534 1842 2523 6290 5298
7 9717 5693 4080 3650 6478 1425 3954
8 2078 4377 418 6187 6114 6047 8336 645
9 8739 5333 2754 2564 8644 2307 6655 3079 7732
10 5530 7215 1713 208 1851 1594 7113 9487 3060 828
8 6859 1941 336 1565 7477 800 4030 6159
5 8864 4542 3443 3119 5926
6 2071 2439 5152 7939 3228 9464
4 963 5107 463 7240
7 4169 8080 6118 1646 9912 5161 1941
9 4664 4718 8126 7099 4080 7486 3501 5361 6564
4 1531 1759 5278 3233
10 7143 8628 198 5471 5098 3868 3509 4011 8116 1709
7 3755 7433 1282 5378 2665 1090 8070
8 6298 8120 8727 2505 8595 923 7033 1989
5 2791 79 7668 3836 2442
7 6245 84 6578 4506 3396 3648 8562
6 661 6063 4146 2329 9367 6854
8 5074 8970 722 7663 3015 9606 838 9942
5 2608 2956 1503 3253 9928
7 3300 9900 7287 3594 9414 8531 3081
6 6444 5693 205 582 1479 7372
7 8450 1500 7429 5546 3602 7422 7005
5 5271 4136 182 4523 9064
5 7316 4661 2148 4420 7676
3 7605 9638 1209
7 2378 1199 6842 9428 5990 7704 2720
4 293 9232 5095 9560
6 6792 912 8562 6944 9095 210
7 278 9502 1893 4693 5157 6688 6915
12 1974 5997 1395 7607 9180 2556 2647 8695 6312 7807 1616 3316
11 714 1848 2938 4205 5347 8689 3261 8946 2988 782 6082
7 480 6882 5184 8918 7731 6370 7869
8 7160 433 5268 317 7897 9481 9677 8815
6 8569 6861 9888 616 4406 7716
2 7927 6778
8 5587 2218 797 5355 4277 6280 5621 9433
4 925 950 4758 5015
7 3959 8686 6258 2684 7546 968 522
8 4913 8402 4179 55 4082 4769 2762 9258
10 5539 2276 2354 4828 3146 1224 3216 8807 6177 7962
8 5751 6131 8647 7015 9411 7063 7779 8671
5 9383 8953 4467 9069 957
6 1573 5010 7138 8537 9399 6194
6 56 1755 9016 187 6420 1076
6 6259 9826 5128 7424 5891 1499
4 1492 7349 6683 3622
5 4663 9096 4155 2948 1101
1 1022
4 3096 7352 9195 291
3 2347 1746 5429
8 5308 9838 7295 4216 5109 9604 6330 4393
4 8863 4178 9781 6620
9 4499 8682 190 2545 1723 1366 2520 4080 229
6 397 2565 6263 8904 255 3194
7 6470 4532 5159 9735 8516 9365 5885
10 1036 9571 8501 3828 1330 2145 5828 5763 5984 2511
4 8796 3540 1642 6601
2 7203 4255
5 4696 5876 4114 1058 7496
8 9023 5120 4852 982 9151 1865 5353 2972
2 1642 5325
7 2300 7888 4494 2230 9012 7929 8818
5 4553 7955 7451 8287 8316
10 6718 769 6756 4191 4813 2736 118 895 6697 2452
5 5308 8668 7945 2484 5047
9 7988 4557 8419 9039 2092 4613 5172 8185 9765
7 2225 7405 6811 4920 4009 2748 2191
10 9899 257 9904 6025 8871 7716 8187 6631 6708 2984
4 2424 9446 8768 8001
8 6483 4667 4757 4742 7831 6672 3018 5560
4 3821 6430 9987 4064
8 358 529 7688 7187 7863 4657 856 5995
10 5005 8862 871 3782 811 221 9508 2549 5523 6131
7 4123 9715 9360 7706 2982 6651 1567
5 4861 8002 4196 3723 9794
10 3040 784 2602 9469 3212 5470 1942 4994 820 376
5 1163 4983 8052 7109 8515
10 8804 9542 1452 1310 264 4735 3788 6154 104 4768
7 2904 6026 8601 6255 3176 6962 2194
4 8736 3558 4610 1676
13 4164 3843 4429 9468 1621 7713 2689 3271 2954 8775 3304 4084 5163
1 923
1 8911
5 3673 3634 6138 2807 5870
4 7954 897 7154 8768
4 8149 8415 3432 2305
8 7913 1045 5368 4940 8200 8421 9724 225
5 9119 9086 6438 4607 3396
9 2600 9977 8601 25 5469 5638 2213 3107 9382
10 1680 6271 4029 7483 2049 2936 9355 816 7539 2532
5 7116 4357 5375 1626 9961
9 5282 4488 4497 152 8481 5499 3342 4743 6179
5 9547 9083 6662 9871 8793
5 7923 7183 2706 1622 4478
6 232 442 2460 2363 4326 4075
5 8714 1091 1805 6997 8059
12 9546 193 3952 4881 8194 7110 7088 8154 3521 3554 174 4827
10 3810 2406 4881 9849 173 2903 5056 7472 9228 2935
7 9905 1348 4952 4278 7335 3690 8620
2 5576 9313
5 7251 3467 2315 2199 1741
8 8915 7705 877 5234 1446 5497 7123 351
3 4024 591 9444
3 1879 7483 4216
9 469 1186 6360 8401 432 7207 1660 4969 7767
4 2992 3982 6865 5540
4 3078 7305 7280 9524
4 3892 5052 7917 1140
8 3205 4578 2291 386 4536 3583 7052 5293
2 6971 6476
9 12 6093 8717 4075 613 4861 2096 629 5337
6 3366 132 8088 7508 2233 6069
4 7283 4183 1742 993
4 7088 349 919 5974
4 1651 4244 9853 7835
3 2843 6167 5152
11 4681 4597 7939 9785 7739 9530 5488 8396 5219 4818 3216
8 5006 3564 220 1832 2267 1686 963 8514
8 6433 2797 2937 5600 2425 2893 2994 8776
7 7763 8504 9737 4193 1682 5491 6441
7 6593 5177 1604 484 7488 981 7361
6 9189 5352 3098 8476 5944 5810
3 9607 3763 510
6 2284 3721 3195 1355 4733 5255
2 7443 540
7 2927 5509 4004 9973 2697 9106 6718
6 2073 6704 4573 8939 4938 4941
4 1555 7369 7296 4942
5 3961 6130 2909 5799 7682
8 6479 9502 5334 4953 1307 6561 2273 938
6 6564 559 2319 6983 3563 7334
5 1595 7775 1 1735 1783
11 9388 6602 3913 475 722 7428 5409 138 8442 975 5315
7 3357 3594 2140 3208 137 3363 3735
6 4416 7168 7192 618 7402 6946
10 7835 7575 5610 1306 8765 1167 7408 1921 9343 318
2 1258 5221
5 5914 5388 6494 4885 9087
3 2926 1977 5064
3 9511 2815 844
6 2718 8470 4904 5700 5148 6288
7 9557 7216 9068 63 905 7303 2225
9 2309 1271 1115 8974 9336 5256 2953 6092 4493
2 225 565
7 1393 3296 2684 8019 3526 4670 8856
5 6829 371 7317 2587 4863
7 3427 8786 220 3204 6266 84 9386
6 208 7170 6131 5330 9064 542
6 9720 7964 1091 1735 9676 6212
6 2200 1966 93 4177 894 7273
5 9373 8016 4201 6490 453
2 7295 5416
5 5006 2893 2773 137 9884
8 7613 4731 7733 2474 4546 6739 8132 3578
9 1010 1113 5796 9473 5914 2820 7864 9961 672
8 1820 7780 8304 689 7306 1839 6376 4788
9 7668 5991 3845 4250 3156 2509 8655 1120 561
5 7656 3253 52 9566 2178
4 4981 9329 1847 4663
7 6623 2635 502 1680 3839 7514 900
6 721 5237 311 6984 9225 1682
11 4781 2036 8598 1912 5077 7506 7756 5892 4933 4107 2947
5 6112 8855 1878 6662 2381
6 2859 7623 9913 1190 1262 3123
2 61 5618
10 4430 409 9834 1998 684 4883 5793 2518 5103 8669
4 2248 5275 4413 5590
8 1485 1588 7775 188 44 6071 5380 7010
5 8055 8564 6856 7620 9891
6 2478 6091 1464 1937 780 68
3 3903 2243 1361
7 7648 8028 3394 8036 9941 4117 6194
7 4405 6438 9463 7067 9066 2090 2596
4 4738 8749 8583 1161
7 8468 8628 6690 6069 4651 5516 3541
5 3515 5568 531 7186 4698
9 5721 7976 7514 23 1911 9449 6975 3811 5736
3 2531 8257 9122
3 3304 716 2930
4 187 5921 158 603
4 3304 9824 113 3924
7 2258 8517 1883 803 7516 1175 1802
10 3874 4628 8167 4074 2655 9040 372 9361 4476 8188
2 9048 3726
12 1814 5225 7192 184 127 655 6209 4295 7638 4713 7753 9024
2 308 7793
8 3115 4234 2213 7084 9666 3502 3095 1567
7 6464 3980 5991 3092 9554 7364 8261
11 7217 9665 4135 4745 8376 4259 9472 1231 7976 93 7551
4 5279 7092 3050 7233
8 2617 3156 5011 8615 8751 2266 1616 5597
10 9388 135 1827 8459 5185 9319 3281 8693 5137 6316
8 6223 4485 8596 714 7825 5712 4235 8423
4 2984 8906 390 9542
10 3883 2860 5376 5091 2134 4327 6066 4918 7734 2822
2 1542 501
4 7014 9834 4530 4678
7 5523 3812 4698 1573 5886 4462 3875
1 4430
3 7308 5143 4959
8 6188 1528 7698 2468 5356 330 9378 515
5 2544 7031 5595 9467 7960
5 5869 5489 6290 6737 3053
11 1640 4819 4094 1595 2593 1916 1624 4487 6206 8995 3549
4 2844 8868 8795 4421
3 2742 5924 8565
7 9271 4987 6971 581 5607 7095 446
3 2817 4598 8585
5 1995 256 1875 523 7999
3 9951 6285 7603
4 9173 3470 7486 1124
6 7337 3511 6509 3190 6803 7522
7 6338 5183 1786 8699 7971 9735 5981
6 535 2169 2732 4277 5257 5458
8 555 7337 7676 9357 1755 94 4579 4828
9 1924 6868 249 2584 6298 9992 3394 1105 4194
6 8390 3892 1491 1175 108 2795
5 5304 5653 2978 6703 5254
6 2489 4500 6109 2889 9729 7684
8 9220 7860 5737 2961 3083 2190 1826 7743
4 1894 9671 6544 3042
6 3531 9378 532 2281 6653 1497
5 2344 9373 4358 4354 3155
10 1996 6247 5789 4235 5866 2686 118 8957 1331 1722
6 706 9268 385 4272 5960 2217
12 5527 1866 2035 2202 530 5850 4120 1032 3776 9133 3982 6787
2 8220 8480
8 1488 6694 1553 2331 5832 5128 606 1870
8 5249 9078 1468 8782 5569 2125 1458 9214
1 3566
4 8853 3941 3315 6549
10 5901 2919 7639 6563 4513 6778 5311 5016 6035 2314
9 1195 1689 5450 3255 8338 5074 1936 6442 3790
4 2610 6142 3933 8673
2 4425 1701
7 7488 2042 2548 7107 8328 4164 6381
7 3672 5053 9460 8861 2030 8532 9331
8 8084 8615 69 5782 8714 8587 9557 8397
4 9686 5988 1592 5338
6 2110 6103 4697 7965 2998 3840
7 9179 3870 1726 3330 2819 8854 8615
6 1528 8034 6265 7232 7581 7342
2 9497 5856
7 9294 9221 4556 2150 7080 4682 2015
6 2627 3266 7445 7054 406 4922
5 5107 9193 6007 6176 8753
4 4252 7319 4593 2516
2 9715 1702
5 8133 9536 5490 8955 6984
7 7636 8056 1034 2393 1440 5945 7387
5 8148 3765 4538 3810 89
4 4670 5873 6459 9907
6 9479 67 6673 8755 1600 4699
4 1231 7520 8321 690
8 7397 9412 6535 3360 6821 2794 4826 2023
7 1708 9052 8539 6039 3683 5137 8918
8 770 2458 337 5207 1003 4155 4012 8991
5 5928 7618 1415 1280 2240
6 6350 1401 2305 8375 7808 4254
3 7195 5004 5954
7 3587 2315 4335 3277 5681 2317 4526
5 3329 2378 9216 5198 8231
7 4992 1353 2267 4427 9922 4 2450
5 696 9593 1713 1886 8457
7 4558 5578 4644 8235 1196 8309 4409
6 5965 6788 3988 9626 8779 4935
7 8088 8154 5822 7887 7147 3794 4863
4 4115 8115 226 1273
4 6388 1053 2515 5348
8 1385 525 7750 2944 4621 7812 7763 7225
4 1298 6914 201 4027
6 4792 9108 1563 6072 8010 9847
4 9312 7843 3742 3130
3 6517 9398 4541
6 6484 7498 3941 5851 3096 9855
4 7611 3532 1651 2950
5 2492 8837 7645 73 5135
6 9100 3405 6234 6989 176 8263
6 1832 3313 1497 6266 6749 1938
5 6340 5429 5363 9432 4049
5 9004 4028 4303 7724 3161
5 7887 1167 8821 6892 1086
9 6194 9112 2554 7231 418 6236 6640 7622 1771
9 7897 5330 1294 5803 5638 3629 3204 5522 7805
7 9750 4016 7329 8682 7931 3898 6070
8 8843 3584 2792 9003 1534 7960 9087 6372
6 1991 6078 1571 8991 5009 8397
7 5221 2936 8409 4780 591 4213 3215
5 2774 8875 8423 1040 3625
5 3940 8501 241 4680 1727
3 6102 4579 3495
3 3455 1031 1728
4 2496 2214 5231 9079
7 6339 4223 710 7695 1844 4752 3155
4 848 3784 8389 6241
4 45 8604 7742 3411
3 297 4589 6669
6 8822 1021 6750 8243 7484 7862
11 6291 4957 8508 3976 376 1361 1579 9548 8206 9619 8176
5 2723 7917 8947 737 2643
10 2358 2908 2695 5014 5716 5628 6153 9519 8580 6636
4 9807 5805 2212 3751
4 2288 1657 6714 6030
5 5315 6605 9638 4566 4621
5 6212 890 5049 1239 7345
5 1454 754 2118 1767 9727
4 4109 2016 2032 2410
12 8199 1871 9443 5366 9794 8665 6960 8624 3690 5928 6880 6010
9 9366 154 828 8651 8453 9836 6189 5656 1006
2 6106 3037
10 2679 4776 8150 7084 6402 6561 7388 6557 3731 142
4 9186 5541 6186 3211
4 656 9214 4026 8977
6 9339 4885 3463 3027 9984 4542
11 2761 5466 5575 3867 5159 8148 2987 6763 3011 9463 5027
7 527 6487 2745 5235 7192 1301 3242
4 3546 8094 1056 1908
6 112 2301 7409 9556 8255 4959
6 8045 3595 6484 3460 5446 2420
2 3412 4787
5 6848 2083 1038 9435 3806
7 9174 1987 3046 8081 8773 7886 6548
2 8358 7854
5 3456 2072 7098 9633 7108
1 7653
6 3211 4873 9986 6755 3013 3929
5 6670 2305 3992 9707 7281
9 9017 612 3544 8277 2538 7291 5119 5050 5824
7 9227 3658 3206 6210 2462 7805 5421
5 7973 5620 3411 7742 6062
7 8571 186 3458 6047 8530 7342 9917
7 4888 9148 428 6509 9852 223 7719
0
7 1533 3846 6697 6099 2347 8603 1240
11 3592 7247 2603 1163 2552 3465 4278 8074 5635 8347 1687
8 2485 6578 339 1859 7729 1552 9140 116
9 5848 1444 6228 9614 830 8486 541 8384 6176
8 7057 4707 3012 7824 3405 8731 8144 7989
8 4635 2298 5627 9496 2355 5793 1475 6867
7 8795 6918 7479 3201 9821 9616 2020
6 8052 4213 6084 9966 7402 3140
3 6560 6177 8624
7 4651 9727 6851 9506 4950 2621 6121
6 5468 2553 8021 8973 2521 7101
8 5972 881 2078 9953 4852 265 5766 8064
5 2618 149 9855 3610 8881
8 3028 3164 8375 9220 5735 2788 4585 5273
9 8912 3511 9620 9233 8751 3752 557 1192 7364
5 7523 5006 1099 6653 5263
5 8035 8373 2844 234 3382
4 3817 2674 1189 5153
7 3275 6894 6141 1936 7068 6374 6921
10 9212 824 580 7238 9095 5721 9708 5705 3713 3621
6 1409 2194 6550 5493 9653 8649
5 2961 8640 8841 1982 7345
9 7913 2119 859 447 9730 5652 2732 4862 3335
5 94 9229 4673 4939 9537
3 4218 4287 8703
5 4889 4379 6271 9562 4164
6 5738 7628 757 7360 523 5899
9 550 5250 7151 8195 4320 8403 6412 6442 2284
7 9450 1438 1468 5651 7690 1030 9396
4 7219 8719 7761 2153
5 8468 9762 981 5350 2942
5 805 9724 3329 3799 8386
7 3721 4321 2713 285 9997 2938 6580
6 7870 3757 720 6156 6510 4723
10 9162 7059 6628 4855 2214 7907 1965 7387 779 9655
3 1824 206 4344
4 9361 6175 9198 6519
2 2329 7273
5 8415 5569 6272 1511 7294
4 810 3584 5044 9069
9 595 1744 2916 472 2680 8951 2138 7190 6595
4 3696 3163 6815 1745
10 5444 1558 7104 5682 6026 2324 8901 3128 6145 8253
7 785 9249 2292 1014 9013 8211 6945
7 42 323 5669 2686 1740 9747 5744
5 7550 7033 7397 3391 669
10 5993 6557 7074 1011 5022 7065 7166 9861 2307 9481
6 8243 9749 3390 3317 1924 8908
7 8856 9252 1296 2159 733 8505 6054
6 9910 2104 5432 1496 7162 6624
9 5 4243 6208 3098 1858 5264 2469 8401 1630
6 4725 5384 5564 7559 2669 5698
3 7388 1219 7585
4 3208 2946 3783 6728
6 6140 372 9332 8796 852 6765
4 8739 1680 7405 3026
10 7282 9121 1692 1405 7656 8559 3682 8094 656 2512
10 736 1825 6958 4518 1323 881 438 906 8101 2286
8 4580 9261 6896 1925 5618 145 6827 3880
4 4948 73 9899 6186
4 9195 8620 9428 7865
4 8095 481 2192 7218
4 3395 6797 5040 5682
2 9432 1199
10 8703 1321 6232 5446 9828 8161 2883 1330 431 6249
10 3448 7168 7961 5418 9937 4942 8005 3678 7657 3428
9 9053 1001 2690 5881 2262 9012 1597 3632 9567
4 621 3921 2482 6455
3 135 9697 3883
6 2482 4249 5314 6493 9031 5344
3 2252 2287 1375
7 5982 2988 7851 958 1338 9876 3270
7 1391 1835 9326 1695 9994 1448 247
10 9339 3791 4780 8033 7547 2249 396 4373 4386 2513
5 9804 7426 2317 3547 7896
7 3687 5526 4251 7951 9099 4670 2956
8 1635 4157 6991 3089 490 3460 2831 7329
7 6572 5070 9358 9793 8734 1566 5952
5 2666 1889 4487 3952 8164
9 5263 2166 9307 6465 191 3144 6998 8920 9157
4 6392 2252 8186 5160
6 8078 2620 7577 2192 8227 2507
4 9873 1584 8846 8249
6 9853 492 6908 1220 4136 8505
9 4643 5933 8744 3467 8753 7535 6125 3326 2340
4 8851 5496 3778 5506
5 2458 3000 5256 5932 2445
7 9548 8042 7486 3678 9437 9674 9623
6 8295 7624 9692 4482 3810 5921
4 6060 48 6379 7257
5 3450 1330 7481 1570 5416
1 7961
7 978 7657 7708 4009 5260 5114 7610
2 2905 2687
4 7126 9211 2795 4370
4 2842 145 3297 7071
5 4379 3762 8416 8098 8566
7 4991 5832 9583 4754 3150 7419 8740
7 9975 6054 9078 414 2345 5875 7399
6 7932 4011 9349 6965 6339 1328
8 8248 1579 2846 4906 3847 2955 5878 8382
7 6371 3850 605 7656 173 3673 2131
6 6370 7947 6204 2291 5899 3659
6 2877 3672 5359 4233 6691 1955
11 4501 8914 579 4011 2091 5701 7125 4533 8806 6481 8007
6 8839 1487 1683 8098 3049 971
11 72 3588 5195 2527 5488 3380 8377 7211 4219 1940 9694
7 4237 5869 435 7202 2049 1751 9052
5 2851 664 2036 2928 6343
9 6406 8109 4216 782 6270 736 5366 9475 2384
8 8781 3066 161 3239 2554 1529 6919 5699
7 6585 3257 2659 5094 9883 1470 5347
7 3439 3262 1631 5605 5151 7169 8129
3 7722 5927 7254
6 6618 9127 742 5573 1535 6765
8 2764 3725 4412 9268 5456 7541 1322 6183
7 6525 7539 5207 450 8998 7001 5532
12 4502 8751 528 8236 5435 6735 6513 3976 2660 5128 3425 9088
2 457 6420
5 2165 9149 9179 7871 5295
10 2406 4313 4224 1835 2584 1596 5982 5345 1952 4755
3 7987 5178 8484
7 5124 1157 6354 3636 3641 8159 4066
5 6615 7292 7807 1301 1370
7 3659 6973 1017 4534 7713 8362 4125
5 6931 763 1772 2392 3227
8 1942 8326 670 816 3915 7241 1770 2029
8 627 3530 5468 6078 6049 9101 236 8955
4 2324 6800 200 3554
3 6166 8256 3139
6 2577 5084 9091 7765 2834 9827
5 5886 3086 3613 3312 4556
4 4003 9827 9127 1061
9 4245 8321 9156 8818 9342 6647 7909 7200 7293
6 5452 659 6284 5758 8751 3248
7 4846 2955 3070 6726 2848 7679 3335
9 4817 4623 7034 2339 4595 7504 7202 163 1123
4 572 5700 819 9533
7 3774 1734 7434 8872 3368 1653 2926
7 3286 8311 3558 9309 7614 5675 6628
10 1104 8861 5094 812 833 2687 2065 9508 801 9032
8 4273 7465 772 6533 2203 8480 241 1920
3 612 8050 9014
7 5455 8732 9380 5426 5208 7051 1576
6 4845 5762 6884 5833 4448 6198
7 5410 7734 3515 996 1320 3042 8897
5 4498 9741 2094 3135 6912
2 8941 1617
6 8516 7042 5917 2165 78 7315
5 2015 249 1043 21 400
7 8379 3521 6445 2209 5454 2893 7177
9 5168 310 4083 7163 1945 3722 9317 2849 9885
4 983 7752 9214 4641
4 356 9299 6371 1848
10 6601 6694 491 35 4980 8192 4877 9491 5051 7260
5 112 6607 5876 762 5718
7 4676 266 3305 6140 9297 1323 9913
7 5284 216 2381 7922 1010 6505 9400
8 9221 262 3070 9369 5498 2094 5194 5804
6 7897 8232 4228 2038 3902 4961
7 4771 3020 4749 1635 2410 2458 2569
10 3149 254 9046 2204 4785 4859 797 8434 5331 2186
5 1341 6070 5856 2637 2385
6 2151 8114 1766 8264 5749 718
5 7510 2897 1718 9559 6528
5 1424 1076 9232 2532 4771
10 8917 3110 3529 3558 1344 165 5926 6267 2403 5066
5 7478 1642 3617 377 864
5 7617 5617 9133 3385 188
10 3053 5909 2169 6334 4736 9249 9499 8810 7489 1539
5 2795 7429 1157 864 2302
6 6950 7311 2125 5528 4926 4967
10 9058 6183 9882 9137 2208 6684 5402 1909 9495 7052
5 3703 7068 1441 9414 4831
7 8098 620 5857 6701 3776 9153 2223
7 979 5858 4201 4473 900 3263 7760
9 401 5154 5434 9731 9822 6415 4498 8261 2583
3 9563 3050 8697
1 7047
8 6989 8548 4463 7804 2740 4657 8174 8294
6 5281 8584 6394 3106 5258 7753
6 255 9915 5015 4489 9586 4929
5 4014 7836 8931 9545 8932
5 4451 3349 9733 388 3679
6 4960 2342 4873 7720 2070 5466
2 2865 171
5 2364 3490 7873 5662 6308
3 2139 7542 197
3 7688 9812 8700
4 2314 2666 4766 7000
5 7876 8721 8402 9989 7828
4 7827 5351 184 2337
8 7956 5176 9 9581 5709 3646 6200 3095
6 4566 7396 3 8447 2356 2435
4 1010 3033 6468 9215
5 3946 6662 6782 5734 8126
7 9925 7077 2068 7875 6316 5834 6115
4 1194 665 8446 1600
6 3672 3068 511 910 1254 1029
5 1500 9861 6273 1967 1386
2 1697 3251
7 3327 5846 6136 6205 2481 8170 5590
4 5797 4022 9686 9234
7 3346 6246 2859 9952 9770 6092 7181
6 9245 9552 3556 1590 8668 2744
5 3818 478 2932 9279 5666
4 3152 393 7586 7927
4 1158 5950 2266 247
3 61 7774 4202
4 8367 8136 9761 9145
7 7683 5758 2292 2465 9180 5116 9424
8 4683 9336 5260 2294 1701 1569 8057 6437
5 3241 8125 7231 6068 4623
5 6755 3000 1525 7625 3851
3 3524 8864 927
4 4428 5379 3421 7531
8 8938 1990 3695 5893 5354 8577 9343 4627
11 1623 6413 1494 6119 1314 5795 328 5238 143 9668 3405
5 7224 8420 6122 7358 8488
3 4452 1435 4725
5 6344 7651 3206 9246 9910
8 4625 414 4369 9660 6395 2880 9279 1446
6 1307 1467 2068 2871 7649 7420
4 4180 8551 9233 1596
6 3733 6763 4555 8187 2467 3361
6 2690 8704 4150 9568 9567 1586
7 2315 743 5461 1788 9764 7870 9037
7 6093 2793 7451 3081 2721 9541 5718
5 5890 5947 1857 1301 2437
4 6951 220 6143 6607
4 4340 5566 2446 2319
10 3309 6320 7589 6841 475 6296 7732 1380 4807 7769
11 7642 8740 7646 8115 6914 7987 5290 3507 1014 268 4190
5 6443 5946 6593 6033 2153
8 6298 9920 8149 1575 9099 8047 9246 2596
6 9964 4986 7921 1720 4193 38
4 8318 6532 2058 7960
6 4133 7219 6648 8767 1996 4057
9 368 6006 8048 9441 516 5343 4092 9606 6131
10 6997 4026 4350 9548 6490 151 3095 2821 1518 1875
5 1360 8180 2538 7679 4621
6 4949 5569 9786 3090 3915 7748
7 7404 728 3263 3140 74 4400 2859
4 1409 1210 9655 3453
10 8745 7542 9978 175 5517 2802 2135 2239 5282 8327
4 4104 6397 6775 5421
6 9660 5434 548 6507 7812 9381
5 441 9713 8035 9415 3900
2 3620 1521
5 4410 6298 6358 3020 7327
4 4205 1385 1895 3890
6 8134 9569 1702 8718 5957 1240
3 9552 3393 1776
7 501 6107 2436 7447 2254 5902 2515
4 4486 7100 1304 7938
4 7010 6068 2173 151
5 9889 3018 5055 1144 8530
2 7699 7379
4 6244 4929 6558 4493
5 5912 2466 6225 4803 2828
6 4073 7463 2009 6267 3759 5229
4 6851 9038 6581 8807
2 6697 3683
7 1258 4807 7658 6341 2245 7133 6516
8 7614 6676 4701 3661 1002 2294 8008 9549
6 9451 3703 9827 6949 9080 7928
6 7515 2427 9439 8642 4811 8260
4 2827 2110 7367 8796
3 3698 8399 6243
3 9137 4796 8745
10 7301 7728 9084 7343 1931 4670 2759 5053 4779 1718
11 4051 9052 1591 7021 7453 702 2627 42 8383 2221 7856
7 9134 9861 4760 1511 4107 8656 9808
7 5961 8689 1192 1349 4292 3572 7636
5 8533 4037 3551 5955 7903
3 1061 8916 7971
2 1229 7833
10 9788 1343 7264 8860 9169 9374 8844 1133 4053 3225
6 3534 9360 9435 4360 2666 4615
9 760 5258 5974 3747 9798 6527 5690 2559 2626
4 2536 4244 9282 2384
5 5756 7059 225 6882 3097
6 353 4062 7847 7711 430 7885
7 1113 3838 4497 9583 7014 7656 2112
2 2170 4813
6 2190 8565 508 2870 742 2907
6 4757 3522 3110 9354 4818 3714
7 3621 6045 2220 57 7903 7682 7283
7 5529 5878 8819 8410 4557 3309 1433
4 7855 9742 9653 8387
5 6589 3755 482 7544 8247
9 7020 4572 4013 5927 7510 6791 571 7980 9128
3 9949 2185 1153
5 1101 7012 5110 9073 3690
5 4379 7250 8108 2803 7568
6 7624 3725 9963 7674 2977 419
8 9118 6735 1717 500 7436 7951 3922 7166
5 9889 4458 7445 7434 9121
14 9529 892 909 8316 9081 9272 8251 8232 1595 9610 1924 9695 3888 195
4 3057 9494 3734 9167
8 5130 7622 8591 5404 3415 2994 9234 1915
4 3397 1544 2471 8344
2 8485 2020
3 4344 9109 2929
4 2441 8888 2140 5109
6 9568 6788 7068 9303 4961 9373
7 4924 2846 4737 2967 6491 3708 1148
5 8431 7890 8880 7181 5870
10 7806 6983 9495 1846 3081 4377 7796 6503 3124 6429
6 7156 4176 4231 1704 8490 4550
9 7358 2019 8551 2413 8953 16 206 4455 4170
8 3216 8957 2754 5220 1981 6633 5050 1586
7 7397 7699 9721 3268 1689 3608 6149
9 6648 3262 9067 4766 3451 8311 8912 7691 8413
9 8276 3327 3746 5766 9520 2299 3577 3394 8029
5 9857 9216 196 4758 737
5 6762 2569 911 2976 294
5 694 8125 2598 8037 2883
7 9403 7602 7944 4186 1098 7901 3808
7 9183 1006 4761 6505 7212 9981 5776
5 7468 691 1571 7485 4959
4 4775 7436 8215 6694
6 3217 304 8083 6669 7687 4888
9 9624 5108 6437 6361 7912 8283 5970 2359 3764
5 8919 8720 2572 7282 9287
8 5781 3322 5574 6936 7552 2015 934 9907
5 2947 9546 2856 5627 756
6 5881 1359 5533 3834 4278 6368
7 4351 8599 8012 6954 6672 4066 645
6 2492 4944 4218 5250 2687 8897
6 8495 8360 3558 1962 7278 7051
2 3573 1815
7 265 4860 2095 6812 9267 2617 4376
4 4337 4914 3111 8738
7 7275 5898 1807 8045 6523 6445 3068
3 9167 1085 1710
7 6739 3629 7846 9904 334 4215 9633
6 9932 7067 1556 4333 6068 9890
5 9238 3743 3678 8631 6982
8 2251 9102 6338 5994 8626 8423 7283 1516
6 71 1061 4466 233 4927 5942
5 5213 4329 6447 4445 6731
9 219 2165 2837 5208 8168 4630 1650 985 2539
7 4073 2094 2126 5656 1515 3302 9705
10 6016 6172 1645 7975 5397 1134 3358 4628 5226 537
7 5896 1103 1524 6525 1012 2799 6227
3 9013 407 2435
9 7007 1032 6998 201 6077 6810 4962 9736 6408
8 31 58 173 6804 1811 3958 9442 2255
5 5132 1077 7798 1790 9817
6 4419 6590 1452 3079 6844 5180
8 2545 2725 6207 5979 7881 3895 8572 2410
3 2185 2918 7086
4 9224 7144 9948 7274
6 2525 616 824 2100 5755 6231
8 9036 2113 7264 4166 1684 7478 9396 4344
4 4765 3872 6991 2779
3 7572 1237 7303
10 3884 9276 6841 6075 7533 5098 8854 1885 3643 5426
5 5113 6585 422 1984 1048
6 8711 6321 4839 5682 2581 5376
8 5657 9253 3825 7146 5762 6626 9422 1568
4 3672 431 483 5657
8 9648 2938 4545 340 689 8944 7801 9557
8 6770 8918 2123 6848 5679 2969 8380 1253
6 4976 8193 2100 4640 8986 6722
6 9908 2840 3837 1792 1087 5340
8 6250 7461 5995 1103 3611 1364 1765 8702
6 3184 1594 488 1196 2290 659
7 6741 2518 6951 600 5296 5879 5225
6 3612 9449 4745 6696 3885 7063
12 9118 9594 3007 7922 4658 5474 6676 9801 893 1558 4609 6783
10 2223 4887 2207 8379 2763 8144 9717 1719 2205 4611
6 4130 8505 5567 8298 9806 8741
6 2400 2371 787 3375 7658 7351
6 5742 7900 8217 4885 5333 9216
9 5198 9306 2177 7720 2758 5507 2689 1139 7259
4 1556 2312 1736 1455
5 793 2009 8450 6538 3487
9 1037 4247 5314 5790 5004 2046 6390 4006 5891
3 346 5425 7141
4 9619 3472 3708 7649
8 5479 6000 927 8510 868 9622 700 3367
5 3974 8931 2141 400 7911
1 1074
7 7352 5850 8508 3929 6980 1237 5960
9 8938 6910 653 7945 3783 9809 8563 5351 7015
6 8116 2440 8733 6790 6679 2718
4 529 1182 4693 1218
3 499 5861 3889
8 4698 9687 5342 6344 7323 2159 1014 5820
4 2305 973 1745 964
4 6879 8835 4496 8443
3 3745 6861 9210
7 2700 6006 3709 19 6526 2658 8120
10 104 4712 6068 2931 5104 4387 8333 4553 8602 7581
5 297 7589 9198 6670 9189
7 1489 8936 6871 1940 8090 7269 1448
5 8668 1953 2240 515 3105
6 3692 9867 3895 8675 4963 6102
6 4844 6087 3793 1341 10 6524
5 2181 2430 5884 1864 1381
4 8770 7906 5126 4055
5 8850 6672 1163 5608 3717
4 9923 4459 4344 6473
5 8382 2013 5240 408 8339
4 8417 6050 210 4573
4 9303 5835 9027 2637
14 4465 483 1246 8566 2028 9230 6330 71 5421 4890 9720 2307 3906 1798
6 3670 5848 7811 4714 5815 7307
3 116 1247 2700
7 417 7311 6236 1623 5138 9730 5909
6 3242 3745 5314 7968 4598 4985
9 4265 7071 748 8721 6078 3388 5451 6098 1199
3 9932 1077 6323
4 6549 6200 6429 4978
6 4017 2269 1840 1837 6238 1897
4 8852 8763 5588 9936
2 2736 2791
5 752 6574 4721 2472 6151
6 4670 5137 1917 1217 6365 5452
6 7614 5971 7903 9165 9395 9064
4 8761 1842 1482 3609
8 3463 76 9003 535 9968 4009 5781 6910
6 4749 1740 3843 1892 8126 8776
6 3542 8253 4163 866 9301 8861
5 2828 9280 3714 3993 45
4 3028 514 4561 4130
9 1440 3216 8486 7657 2309 1501 8412 6054 997
5 9272 1436 6645 6436 222
7 4696 9972 6002 990 9476 8844 4530
6 6267 7679 405 2763 2142 3297
5 6990 6232 1039 8050 5287
11 6088 7993 5137 3871 5790 3892 9362 7823 3110 8804 7141
6 4911 8477 9471 9172 4300 4346
3 915 5086 2408
4 413 1313 6298 7445
4 8739 113 5797 6077
5 8739 2406 514 7737 8767
9 6408 8903 4874 6437 6499 3229 2085 6333 8764
6 834 3740 5363 3636 1621 4189
5 2764 1386 2579 3816 1038
4 1279 500 130 6280
9 7001 3642 4078 14 10 1226 8176 9941 6178
6 3229 6926 19 5035 6955 5253
8 4320 1211 3444 1663 6724 511 7817 3792
7 5796 7606 9819 3547 1868 4102 116
6 4451 9571 6446 2506 5590 7680
5 5244 8957 2286 7611 8417
3 3524 4262 5294
6 4557 393 2948 728 6035 6613
5 8191 6106 5609 8599 7764
5 4013 7712 2438 7173 3411
7 2829 2920 1827 2210 1767 6436 9258
11 9328 349 4609 3770 7322 8856 5904 2334 6860 8582 44
4 2752 5890 6834 1586
4 4538 377 8896 2249
7 4093 3399 9110 3972 3940 7268 1293
4 3765 6838 1512 9375
6 3908 916 6752 514 2246 9779
12 5788 6231 6028 6577 814 4257 2047 9250 6418 2015 5812 5159
4 1738 7007 2274 8447
3 8129 2065 5224
5 5089 1818 3123 5206 7501
5 8136 6563 1582 58 3976
5 7931 7488 6012 9186 7683
6 2083 6874 880 3555 2321 6630
7 4020 1348 9560 3020 3907 9704 34
6 5052 5431 4712 8185 9946 1677
6 3777 7454 9572 1261 8299 4007
7 7488 3120 4430 7933 4785 1818 180
8 7242 8742 7017 6209 9385 6444 979 3183
4 5442 8291 2619 6997
6 8448 7768 1598 4267 2513 7803
11 335 9163 4959 9330 9501 6493 9087 5665 3417 8656 4954
7 3318 5417 5714 7466 6997 6040 8129
2 7519 3962
4 3787 972 7038 1863
8 1367 3912 7041 9020 5605 2242 9627 428
9 940 4795 3010 5453 6659 3568 6932 3153 5733
8 4695 4096 7899 8 6350 9990 3493 9381
6 6928 9169 5504 2244 1733 4831
5 6008 1264 112 4999 6493
5 3900 5159 7437 4479 5482
6 8623 9800 5635 5349 7744 2076
9 8851 4797 6379 7107 1922 5279 396 3711 8804
5 4254 3814 4655 2745 1802
6 2549 1788 8722 5553 2933 8606
8 8225 5594 4470 9514 6101 2279 5480 4338
4 1416 3314 3565 3067
6 5431 544 3457 2329 5628 541
3 8486 4507 1117
9 3492 9451 7110 957 2675 799 4380 3874 6660
4 4230 5871 4611 7626
7 3459 6600 9984 7696 8369 756 4769
12 6789 3686 7299 3274 4074 927 3783 6430 7383 7617 4528 7002
5 5467 8992 1887 5743 1516
5 113 7208 7540 1515 8001
6 4169 9330 4588 2224 6337 6495
4 8984 9006 7417 6214
4 7360 1143 2033 4303
6 8400 5095 5377 8310 7871 2328
6 8892 3340 7835 2287 7004 1826
10 3162 2451 3380 4806 6421 7471 1593 142 2573 8248
8 7406 5882 6380 2485 5033 4874 3992 9735
10 1363 3750 3991 3850 2143 5666 2402 9561 7156 1564
5 7976 3015 840 4931 6424
12 7894 1481 4119 385 5876 1410 1577 9046 431 4626 2077 2370
4 3944 6118 4038 4921
2 6451 8609
6 8339 6934 5679 19 6374 3207
3 2470 8836 5966
8 8451 4993 3496 6089 9572 5776 6935 4981
11 2966 4738 6857 2274 2101 4047 1098 7651 8169 7570 5170
6 2342 9520 3031 5979 6770 7043
4 2916 8978 3652 4019
9 5653 7598 345 3978 2175 7540 7424 7936 1602
6 5583 4593 9815 8992 9887 5231
2 1038 672
11 2848 4963 3992 2855 9290 2298 1841 5911 4823 745 4088
9 3766 9282 190 4842 9894 4428 2461 6915 1409
9 1011 5977 4396 2194 3926 1574 7454 104 6086
3 1387 2520 1090
9 1107 5394 7240 125 9157 5809 6172 6681 9206
10 4987 3675 5500 4431 9374 7589 5168 8708 4542 7721
5 1746 2594 5273 7206 7766
4 2576 6664 549 200
4 5347 3357 5067 7568
4 6831 3326 2403 2429
6 1025 8237 8643 7047 7172 5674
1 1485
4 5058 7090 182 2786
6 6023 6697 431 4046 1922 1375
9 20 8179 8238 1362 7668 4333 3161 6524 4502
7 2069 7574 6119 2655 8709 2535 5900
6 7262 3110 672 6269 1158 4264
5 6305 572 1116 7412 7083
7 2119 7298 690 8496 7340 6401 3178
4 68 3943 9335 2167
6 8841 2154 6412 6616 5141 914
9 9133 6367 8459 8332 9162 3497 3394 6209 913
6 8905 2160 8209 809 3679 4509
10 5678 5478 2725 8743 4172 833 9658 8375 3752 9304
8 1301 8647 6560 6280 4171 8804 8537 5720
8 5558 4366 2782 5915 7264 3450 1918 7247
5 4876 5614 4806 154 9296
6 2272 7847 1478 2715 8442 5766
3 3714 6695 7477
3 2756 3975 3523
4 1746 122 54 9856
7 3287 4001 7603 1931 2295 5731 4700
6 77 4243 9137 8176 6798 3219
4 7364 1709 2698 5562
6 756 869 4347 4737 8105 588
8 1723 7109 2843 8944 5298 2076 3089 3159
5 2798 8381 5202 1483 7868
5 1548 2870 3565 3449 9830
8 953 1255 8483 7776 8320 8265 1506 9834
5 4275 4440 5143 6041 1451
2 9390 8996
6 5671 3502 3593 3324 699 5367
4 9989 7004 9042 3774
5 2841 5138 6635 2494 2718
8 9374 1133 1733 2693 5833 6534 6087 5450
5 2148 4440 5072 5233 170
8 3889 5658 8515 1229 1934 1162 6558 8334
5 853 3506 9649 4088 9425
5 7449 9788 4770 5643 7750
7 7279 7817 5748 5695 7999 4746 5482
5 7250 2357 5974 4302 4358
3 7586 4087 7906
5 6032 9155 4305 7530 6473
4 8012 8422 5298 7376
4 8516 9517 5604 7914
5 7730 5631 3909 8682 9112
9 5783 6572 7152 2963 3376 5029 3923 5275 2194
3 77 8125 8767
3 6200 3570 9871
4 2475 2040 33 9940
7 931 9639 7699 4673 2659 3425 3408
3 7057 7439 7988
4 6046 8810 3464 3698
3 3619 7425 6817
6 2542 866 5570 9219 5693 82
6 6116 6380 445 9489 6748 2394
8 6694 9679 9051 2293 4602 2958 3125 9019
9 4410 3472 7871 2611 6570 4091 4397 1600 3098
4 3403 1369 7461 3887
6 3786 9628 6261 9125 3232 8882
7 7285 48 8970 6636 9953 6171 158
7 3109 3750 1609 9555 8625 9179 765
5 7725 1079 2772 8084 4405
5 7510 3292 1498 4455 1517
3 7761 3730 8701
4 4426 78 6387 7330
6 5661 3139 2547 3380 1465 9127
7 9652 8060 6223 2938 7774 6723 4288
13 6743 6677 6059 2437 5593 1661 7685 5091 5527 5695 4239 3205 479
7 9403 1859 3068 851 6637 9340 3897
6 3407 8229 9092 765 5481 3600
4 2055 7296 1233 6578
8 5301 5825 4442 6020 3760 173 9270 7031
5 4746 1804 1006 9148 5228
8 4373 7390 1169 8593 2953 4597 6287 7075
3 466 2655 4572
7 2776 5789 549 8806 983 4799 845
3 1215 1096 9842
13 1300 1569 2994 404 9275 2554 8061 1195 9241 161 6109 7802 4022
7 6930 4288 7522 100 9115 1809 8359
7 526 9550 6041 8693 979 3350 2676
6 6517 5450 6148 4653 3402 9079
5 6337 4508 9199 7900 716
5 1006 3671 9988 7817 8158
4 8657 1130 3481 6778
5 9446 8673 30 3964 4553
4 1423 9593 5639 4496
11 4967 6955 7878 7112 6520 3582 6645 6114 804 5422 1739
4 2091 8578 6914 5302
6 5876 6824 6919 3193 3721 5677
6 6956 5615 5215 1612 153 2364
5 1057 4592 1401 8655 5913
5 6159 8894 6737 8913 8522
8 6701 7847 8718 9276 3734 5615 8596 519
13 5428 6361 5834 9931 6460 3403 9856 4261 2061 8084 6271 802 4806
6 7472 9121 8883 1639 32 5014
6 1437 2443 9848 2222 9070 3009
4 1604 4359 3130 7836
7 440 34 3335 3060 1551 3857 8267
9 7681 4099 9575 9860 2352 1142 3547 638 2839
8 2585 297 1026 7550 4617 2696 9696 8557
4 2615 9809 6746 6446
4 6970 9601 4320 8353
11 986 693 3011 7752 1296 7408 976 4455 5250 1155 349
8 7111 1064 9872 7222 7259 7984 1302 8098
4 2088 3362 9995 3279
6 9244 9100 4410 7586 1059 8476
6 2562 195 6453 568 531 7424
9 895 9840 4731 4556 420 8246 7423 7124 1838
4 9891 7207 719 5777
6 9667 7212 5868 7381 6118 6921
4 417 606 764 4103
5 8686 4221 2089 1274 7054
4 5959 2452 6275 4835
9 5728 498 1811 5880 4669 4901 3871 1165 3932
3 8596 6961 6557
1 8135
6 3710 7126 6812 9135 2262 7316
3 338 3860 5148
7 4305 88 6049 5922 4465 3316 4543
4 3303 2036 6970 9249
6 1938 8886 6397 1916 7235 8989
5 5176 903 4789 4560 6060
4 6924 1003 3081 5741
1 1935
9 5254 9655 4637 8405 7384 4174 9168 8092 5797
4 5092 3796 572 1816
7 3119 2590 5788 3826 7941 402 5666
5 4989 4122 1754 3097 332
5 721 8415 5028 8856 266
5 3235 3424 4631 3320 7498
7 290 3785 7231 5766 4306 6298 6134
7 4361 3148 2582 6715 6587 1978 3626
7 96 7859 2739 6326 4086 6767 2606
10 753 8614 2615 9831 8437 8583 5869 8830 6196 7490
6 892 9832 4742 9936 361 815
5 2658 6909 8880 806 6686
11 5570 2195 3831 9771 7271 7415 9064 5328 7403 1277 329
7 1862 4882 7036 7059 6930 3567 5624
7 5216 8283 1163 2367 1275 9334 6958
4 6400 2171 1834 523
5 6749 4715 1701 5806 8866
7 127 8309 7906 5196 4430 1565 7892
7 3964 8582 1852 8509 8501 8137 5101
6 9503 8004 9988 5007 1742 5437
5 5453 8064 6541 9543 733
10 3274 1444 2832 2559 5539 7359 6466 9587 7216 9406
6 4254 7624 2364 8286 1367 6250
2 6166 6548
10 8411 1600 6797 3010 1083 4534 1371 5566 4618 7363
4 3338 309 1261 8576
7 1204 6072 2565 4769 6811 6882 8326
7 4558 7631 4859 5306 4590 5220 4656
6 6237 5385 4565 8518 357 4876
3 994 7129 9437
5 8114 4862 99 4722 9244
9 5867 7472 5623 2807 2212 8980 3892 3998 1009
5 7157 3718 5609 5959 8596
10 9554 3173 714 8654 649 7213 5353 2485 506 5291
5 7169 1987 4740 7711 2105
7 9011 5383 9018 6076 30 1508 8048
6 2569 1007 2271 3154 9972 2523
8 2557 2087 4230 4670 5132 7643 8564 2054
4 5577 3254 4726 1459
7 9530 6513 1824 3201 6976 6051 1096
0
5 5078 8676 9647 6935 2736
10 9804 2875 4609 8450 3598 1869 7787 1744 3829 1404
4 8876 4523 7106 1780
6 7200 9084 6669 5666 7528 3453
5 7460 2537 1391 4483 3187
6 7078 7442 758 7081 5411 2622
6 8561 5366 2604 31 6031 6780
8 5065 1531 4494 539 2067 7909 84 1932
7 1668 8029 4084 723 5067 8547 788
5 6864 6844 8718 2915 4237
4 9920 3455 965 5401
7 6664 6611 7880 2755 8247 7784 3846
8 6234 1376 6213 3924 5039 6905 3606 2796
4 7907 6288 5653 2359
9 9482 1052 8550 6780 9608 8069 4140 2901 9677
7 2446 5345 9131 3456 9350 6147 7098
5 709 7920 2677 6317 3935
9 5779 5918 7883 7158 6837 3407 4382 322 1841
4 5764 7077 4014 740
4 7540 1860 3849 6365
3 8004 3574 4744
7 9878 3378 896 7809 3552 5410 53
3 136 189 1629
8 8572 1879 8412 6181 1533 9064 1641 6978
6 4162 2563 7818 4782 8078 9413
7 2594 9731 8518 6526 7829 8528 4317
3 6342 6685 6797
7 2048 980 3715 4358 3569 1067 1736
7 4040 4354 4327 5238 9634 9187 6962
11 2647 4071 4152 4636 4490 7708 692 887 8652 8499 7472
7 1494 5468 2273 4151 5526 389 1577
10 9067 4919 4832 0 8313 2258 3126 9294 4305 8970
6 3866 9105 667 9567 3543 87
9 8289 9940 5364 9280 7115 6034 8331 1653 1854
12 2405 2266 719 5177 1262 741 7324 5386 6274 5366 4107 9723
7 8061 514 4753 5070 8622 3960 8693
4 4684 5673 8154 256
9 7899 5712 9751 2800 9623 6661 2077 5649 6269
7 3383 897 1979 1912 6615 6101 9974
6 1983 5908 7001 8579 3579 1249
8 4218 8205 5426 9364 5799 3432 7910 7224
6 1696 5708 9077 4088 5775 8630
7 8749 9131 7228 5042 1908 8619 2791
1 2292
11 9222 8977 657 195 5414 2474 4409 1497 5137 5863 3853
5 7826 8281 5143 2044 9627
2 9527 183
7 6961 2645 1752 910 4182 2215 8946
6 7925 5332 7558 865 8467 8529
7 6619 7682 8138 5645 8516 1740 7601
5 7437 4266 2318 1623 5777
6 5595 7707 7765 6104 197 8691
4 3846 7497 6213 3080
5 1592 6067 4335 9749 5541
6 8399 6268 8606 6885 510 8989
7 3673 251 3362 6999 3311 3293 3079
5 1253 4260 3001 7143 6753
3 7835 1545 4277
8 8694 3765 8789 4990 8303 5718 4874 6238
4 2627 6904 1493 2903
3 8289 8637 6568
4 5664 987 9760 9011
2 2206 7057
11 5794 7281 6159 4409 6123 9751 8226 1778 5893 8432 4896
9 7962 6703 3484 937 3483 4606 7934 651 3304
10 4831 2380 4028 3413 9602 5710 4487 6884 8057 718
0
6 4151 7217 2615 3059 2824 8466
9 2730 7531 8056 5518 3305 2351 7698 6859 4564
6 6278 6322 7535 9297 7021 9924
3 8068 750 9571
9 1389 9801 6566 3096 7793 3426 6078 3482 148
1 6561
7 4461 1560 1002 2000 1399 3244 4265
3 874 3170 2236
7 6527 6845 7572 630 5983 9256 7211
3 1946 9225 7792
6 3864 2278 6736 8591 5409 8055
3 3971 8140 9134
7 5476 6617 3554 3895 2220 4473 680
6 2675 5049 1289 4789 8236 6080
5 8263 6975 9927 8324 9476
3 6846 7885 4544
7 2128 1436 3694 9501 5116 6833 8449
6 9360 9591 1857 5593 5589 666
2 5222 9420
5 4002 2671 1874 5741 1006
8 1246 4251 4413 8044 1966 2308 8955 9906
4 496 7306 544 7195
6 581 2052 4214 909 6305 9240
2 1321 6819
6 1497 8752 4922 5413 3855 7826
6 7549 6162 9890 8870 214 7575
5 4632 8336 4949 9679 939
12 117 6135 375 777 1042 8594 9214 9730 7902 1452 3309 1245
1 7913
5 8128 1461 3921 7091 1017
8 7839 9507 5836 9189 3824 1289 6817 6187
8 3492 5054 6034 9638 322 1890 176 5101
8 1917 5855 6631 6738 3042 9966 1942 6246
8 6429 977 4020 5723 3151 6987 1650 9980
5 7382 7227 6916 6918 9701
1 9714
2 9340 3671
5 8954 2544 7488 3400 4362
5 2826 5683 4660 8051 4968
6 3913 3938 3589 257 1756 222
5 4696 6407 7282 8688 2478
2 4039 9069
4 5214 7878 3418 2466
8 6468 5441 6802 3177 8955 4385 8892 5466
5 9046 3817 5802 6986 4137
3 2519 7727 4004
7 9353 7411 6073 4172 762 2177 4331
4 8992 8200 2365 3401
1 9148
5 4753 9866 2528 9152 3420
3 145 4766 4188
5 2623 3650 8312 4865 6381
5 6068 9636 5978 5180 3695
6 5860 5311 8411 8765 391 8562
9 6784 1525 4019 5965 204 7433 9622 7465 5093
6 6363 6106 2855 9349 1333 3873
4 7778 647 6667 388
6 6226 7552 7423 2463 7461 4508
8 5866 8081 7234 571 3878 8086 3176 4943
12 3654 273 2146 4548 981 3335 9758 5002 4214 5910 4011 9773
8 5514 1561 305 2735 2976 7831 3218 742
1 3127
5 4401 3394 4762 5122 5265
7 6499 66 3192 437 4042 3469 787
7 8808 5037 4042 1433 7116 1298 8131
3 2679 8991 4916
4 5046 9912 2131 3389
5 9376 4628 26 6071 7779
7 1054 2422 3615 1344 8156 7267 6329
4 6778 6495 3572 9797
6 4052 3609 4120 4034 9362 3921
9 1800 7393 4971 2925 2119 6066 8957 6297 8777
6 5815 9166 5863 7812 2053 5505
4 6803 65 1507 6610
7 7237 6387 3513 617 2987 7247 1253
4 5712 819 8938 7357
5 2255 2653 7695 5317 8597
5 2223 9453 3375 5157 7507
1 8908
7 980 5194 2056 5600 3532 8907 8312
7 9517 5568 3297 4604 1875 2301 8596
5 2687 3611 8932 4689 794
11 8179 3110 7067 8699 5359 5064 7699 3552 3892 9008 762
10 4780 2814 426 6943 9627 5812 2197 1750 4458 3980
6 3250 3063 7358 7383 9452 457
8 5641 8453 7168 8798 6890 8399 6363 4255
8 9841 3348 5536 1582 6014 2560 6085 8743
4 3235 7671 3827 9858
2 80 8232
5 2529 8755 7687 9959 4529
8 2661 7983 8955 9811 817 5 2709 6461
3 6636 2558 7113
8 1343 8412 5324 2636 6328 7615 4240 2496
13 3427 2087 1330 8383 33 7090 650 9043 7821 3087 3390 939 4320
10 5424 4604 3167 5960 2246 6013 4865 2014 8944 7939
7 294 5960 5603 7332 229 4081 8103
9 2880 3704 9510 2442 3245 3569 8728 6328 5985
9 1498 9815 6823 6038 4281 7673 6864 4518 974
8 9587 9607 4435 3530 2403 8779 8865 2902
7 2892 4195 3435 7260 1431 1252 6785
3 8756 4665 7953
7 2723 9261 7405 9585 731 5279 759
1 7743
2 345 6501
4 7429 374 4704 625
2 4142 2031
1 5569
3 3997 8262 4351
4 3254 9493 4973 5767
13 4238 3249 3753 2807 5195 5410 2822 9751 3803 6670 5492 9085 1163
7 1156 782 6108 4346 7519 5829 1953
6 6230 784 9863 6144 2412 7054
4 6678 5265 2548 3220
7 1690 4122 2893 6096 1108 5099 5854
6 7971 6164 1714 6004 3052 3487
9 4348 3977 6739 2754 1258 2296 7357 4692 1909
4 7613 8284 2543 1235
9 1125 1723 5111 3435 1578 5350 1210 3955 738
5 572 4522 4731 8893 4895
4 931 1997 4195 2467
6 3932 7560 3224 5690 5753 5700
6 6316 4703 3652 1511 9037 8564
13 7569 637 1588 1374 3227 177 4033 3894 8068 1520 1251 3262 8419
8 8185 7703 8283 7273 7086 6206 6645 5495
9 6525 5801 4718 4724 8050 5240 8415 7 7933
6 4322 8069 843 9076 9612 1053
7 5850 3275 1103 1973 8128 204 8101
3 9550 3768 5554
9 8951 9913 6642 856 7643 3562 6687 4846 5454
4 3271 6370 3769 3392
2 2046 3679
6 5014 3419 2367 5293 4221 8097
8 9876 6240 8372 8280 8923 5212 1774 8117
9 6974 4681 1377 8305 3615 4323 2464 3319 9277
8 7430 4425 1289 8191 6958 8237 8825 6818
5 183 3567 8986 3233 7472
6 4071 4290 9031 1727 7776 3291
5 3050 4191 6923 5008 308
11 5297 5425 1015 9477 1288 4336 8781 8129 1710 1556 8759
7 9919 3281 7538 1042 9628 7532 9585
6 4979 2174 9585 8478 9407 9364
3 7135 5987 1040
3 6498 3944 3373
7 816 8834 3921 6050 7100 2148 9243
6 9324 4528 4997 6983 298 6114
8 8694 8574 3955 7694 4291 2835 3032 8060
5 9784 3871 53 7251 9825
3 7133 5144 4449
8 1536 8204 6787 8711 7322 4527 5754 5199
7 4218 2042 8071 6243 4583 6251 5687
6 4289 9694 7041 5722 8740 7172
8 7645 9230 7773 2133 9360 9878 7194 5311
7 4661 9065 6484 3555 1274 3081 6976
7 1270 4772 6904 5232 1149 4866 1166
5 8907 5644 1403 8398 1528
6 7521 3123 9044 5888 4506 3793
6 3643 3555 9398 4653 7515 6700
6 4896 5787 9542 2868 831 6955
8 6112 7319 324 4712 5077 1887 4255 4014
8 3644 1800 1698 7032 8537 8922 2072 5411
8 7606 422 5190 5429 2654 1006 8212 2832
6 4308 2125 9532 7165 5003 3967
10 2472 8605 3286 3973 311 9740 1924 1200 4208 8617
6 3054 2238 7998 7217 2458 8588
8 4995 1970 981 7131 2320 7239 1505 3785
10 5752 917 7760 6338 602 8824 2011 7560 356 497
6 5886 9507 1476 2775 6059 1007
7 1338 9551 2907 7666 9495 2881 2007
4 7255 628 9460 4271
6 5929 8868 5441 9078 5983 7036
4 9851 7362 176 6559
6 3814 596 3065 2721 4507 170
2 9026 5307
7 4857 3790 9382 3222 1799 6407 7046
6 5891 2463 118 7668 1871 4487
9 3385 7740 8599 5967 6075 8070 2327 4122 1680
4 8055 9283 3044 4575
6 8453 8957 6115 810 1430 3684
7 4037 5454 8835 591 5606 2393 1820
10 6877 5466 8703 8137 7395 5383 3443 3460 1870 3312
6 8495 9336 7965 5038 7490 5150
3 5521 7172 3539
3 5571 4338 8272
5 1634 7652 6854 5048 8247
8 5724 8185 8849 7669 9800 4433 4296 519
5 438 1159 9743 1650 1705
6 9588 7978 7926 7027 9354 489
6 431 8228 2120 530 2676 5277
4 1899 2954 9578 7002
6 5701 3132 5581 6083 1834 8870
5 3393 6113 1427 6903 7191
2 9080 7529
4 9598 6446 473 6980
9 4711 3326 5540 24 7824 8816 3268 4900 9233
7 1229 464 96 438 6673 9279 2573
3 4042 6787 264
4 3037 1514 3189 5269
4 3428 6556 1191 3129
3 1721 8076 2919
8 6405 9547 7244 4984 9881 6692 2107 7176
4 5754 6972 4458 9021
5 8622 6142 6351 9639 7121
6 1303 5483 445 6636 7808 6255
3 7062 8248 6864
4 9368 8013 7921 2566
8 536 7705 2282 774 5351 9761 6858 1989
6 7758 7571 1543 2007 1511 9471
7 7765 651 1228 4597 6693 4056 6354
7 540 5026 8802 1204 7214 5910 3111
4 1649 2377 1759 2111
10 7793 3695 8972 1883 2638 9217 6188 9340 4842 4126
5 1815 3371 5375 8013 4570
4 139 2325 841 4643
7 2299 647 6177 8883 7310 1572 6349
8 4102 7293 3890 8791 7809 2526 5883 6251
4 6531 2077 6269 7301
7 9617 8985 5278 6292 3377 7796 7103
9 303 3119 5386 1910 5673 4369 6186 7027 9231
9 6697 9263 2807 3493 9987 3147 9281 7702 10
5 164 7428 3225 3621 7012
5 2156 5783 1570 8292 9411
3 6308 6174 7281
4 5347 5174 2399 2851
8 6538 1717 701 7259 8269 7014 4020 4505
2 614 9671
8 6523 4686 339 9150 211 5657 8047 5811
5 6902 2902 1553 3152 907
8 879 3587 3321 1702 5317 2913 4918 4424
7 8193 8284 4627 4164 4559 741 4369
3 8031 1640 6574
7 5118 7240 8235 93 4608 2314 5901
7 852 2073 3378 9807 1050 6122 1663
4 7520 5734 5988 1834
13 9518 9282 961 4841 3666 7897 8821 4546 2736 3022 9048 2322 4068
8 7918 7430 3029 8409 2355 2567 6294 497
7 4054 6192 1052 3853 8892 8179 6923
3 2494 8158 1427
6 6850 4641 9576 5445 5756 3834
6 8199 4095 1258 6346 4670 4581
6 8596 6196 2827 9661 906 444
9 1499 8733 6098 1081 8884 7350 5017 6962 2200
8 9016 5463 1523 6113 1269 2871 5378 3545
1 9344
1 8151
6 5459 2961 4537 605 5808 6727
4 6387 5317 775 8266
6 6530 2800 6063 6791 9419 2376
5 7593 5081 9499 3757 7864
4 9755 1617 4921 7475
7 310 1408 5304 5837 624 4683 7798
11 7278 815 5097 8360 8778 9822 573 9695 7697 3625 4537
4 896 2248 4064 9167
8 9020 4559 9450 7982 2194 3236 3232 5072
7 1140 4713 5906 1981 7370 2581 4649
4 9202 7970 7385 6552
7 446 9768 1073 4423 5923 8949 7511
10 4437 4273 6777 8354 6061 3811 1953 3314 1791 1559
13 3997 185 3977 8541 6658 2615 2434 1415 8941 9340 8798 6301 4301
5 2137 7311 4992 2109 4907
9 8876 4978 5215 70 9164 7846 9318 2406 5115
5 5469 1474 2093 7593 4358
7 8425 7816 8288 6278 6768 9365 8582
8 6465 5613 4425 9444 3112 1527 4414 7065
4 7327 1142 2566 2905
4 7713 5581 2796 5662
4 299 994 4495 4280
8 4340 4871 3954 9894 9839 8309 6505 8576
4 9582 1290 5101 4690
10 7162 7788 3548 4989 8389 6227 7506 5632 4802 1070
7 3842 430 5112 5272 2555 8171 3648
5 1787 1901 5362 5129 8967
3 8663 3792 7842
5 5477 1385 7846 4176 5624
6 5236 2540 3150 394 617 894
5 1844 9308 881 4930 9796
3 9430 5843 1789
5 4627 4005 1519 2608 2126
1 4454
7 8290 6314 9393 4983 9071 9386 2710
11 1965 3041 2654 8118 9913 298 1393 7344 2331 9061 8066
6 6087 9865 863 3763 6780 7014
9 8100 5468 5567 5261 7089 9089 1479 2569 9937
5 9550 2243 9810 3084 5202
4 7508 4022 4201 6394
3 3289 3760 3559
6 2708 2416 5372 5803 8972 9361
6 1534 8668 7986 4609 2579 6780
6 6028 2300 7866 989 5509 4309
8 5007 9674 8959 8322 539 4665 9737 1897
11 6672 6047 5711 4529 2174 2942 6358 7415 41 8862 3673
5 5460 2808 8498 8158 5257
8 4644 1326 7396 4845 8311 8510 1372 3889
6 2612 3645 8964 6997 3041 4709
6 7335 9551 4305 3853 6292 4319
2 1313 3070
5 5999 4600 5763 7298 1235
2 1808 1451
3 1200 8789 662
4 5285 7336 4715 8323
9 2049 4310 8135 9191 1700 2156 593 4825 2606
6 1152 4767 803 8666 8855 3087
8 999 6374 2801 2657 9403 7027 3784 1645
7 8357 4378 402 2248 2089 2641 7292
3 2480 5648 7455
4 802 290 1635 4637
2 7180 547
10 5153 3966 8190 5205 7341 8330 8021 8709 2788 8458
5 6579 7155 6773 9628 1754
7 1049 377 4407 4264 8758 3555 1904
6 5328 2083 8715 8240 5216 5467
8 9949 2497 142 4740 3608 595 7305 4883
4 3278 9131 2134 4837
11 9798 7567 8133 6291 4839 4237 446 2303 6126 771 6717
5 2068 1924 9977 9995 6156
5 2884 4544 2864 2233 3972
7 4346 9884 9304 9133 5772 932 1432
6 4128 118 5727 7601 724 1163
7 5500 9255 1639 8459 5594 8881 7551
3 6908 6071 346
3 4515 3185 751
3 5468 6311 1790
6 7576 7954 8912 4733 7004 5396
11 9315 4227 6729 1809 5871 8843 2010 5071 7475 269 9961
4 2445 9086 1542 1066
5 2939 5090 1650 2984 1824
8 6499 4913 3802 5031 4826 1165 6535 8309
6 5640 9832 3079 3175 1899 4031
8 8460 3641 5328 7155 7561 2600 5056 1678
4 8486 210 6953 4078
10 4522 5179 7165 3104 2327 1728 3395 6492 969 6122
2 7406 4075
9 9350 2679 596 5518 2865 7239 5748 9437 6904
10 6811 269 402 5798 2161 7474 2526 3137 2996 7596
4 7983 4296 4233 4925
4 7988 7986 7777 485
5 7918 8981 2452 4524 4823
2 4617 8512
1 5133
8 2601 2559 3137 3821 4524 1987 1396 1768
6 3638 2568 1549 7717 2443 379
7 4660 7527 1302 3938 6941 4835 3380
6 3335 4009 9004 3774 7449 3814
8 6931 4104 2333 4764 3857 920 5460 8133
11 7096 9733 5817 7679 5992 1417 9679 5117 6502 61 2878
6 4025 4237 5005 9778 7048 7110
10 881 7596 6652 1771 4780 8202 6021 2582 8060 5292
7 8558 7290 4427 796 4916 9349 3721
9 6500 929 7250 6260 2037 3565 9070 2990 1529
6 5415 4814 6304 3275 2889 3816
5 208 904 8625 7251 4836
4 3023 8409 3916 9010
4 2002 479 8305 8181
4 268 8159 5751 5640
6 771 8361 9526 4935 2 3270
4 5522 8517 9175 6066
6 257 2328 4213 7616 5935 2584
7 6159 86 7389 9040 4717 7969 2977
6 1128 9359 7541 1699 8914 4087
6 1099 7700 591 4066 1870 7032
1 9341
7 9440 8822 3113 423 2400 7935 8561
11 4746 1160 2857 5544 9720 9664 319 1113 2536 3949 262
3 1233 966 9745
3 1376 3742 85
6 62 573 5162 2823 8832 9214
8 5848 7450 9511 3586 4771 802 8257 3402
4 6262 3637 3040 8974
4 8691 2298 59 2057
2 3700 5358
8 7171 9970 7887 2182 3850 1300 3271 9346
8 5724 2110 5710 4279 931 9473 3033 4453
8 4011 5836 7260 4539 6273 1209 1953 9643
5 8908 8062 7284 1063 5226
5 5482 6879 6027 9147 4206
1 6536
12 5454 7389 9861 9227 1257 646 8677 1342 412 3798 4471 2645
8 6299 9415 9897 7801 2488 832 6297 1637
4 6776 7317 3189 9057
6 8026 9898 7021 1332 4320 8775
7 4272 5855 9120 871 717 4960 7441
7 6248 4904 5879 7711 713 870 5342
5 9442 2075 3311 6140 966
7 3040 9775 4304 6942 613 9821 9365
6 6224 9818 5643 1412 1637 3736
7 5858 8755 8497 8383 2959 1258 4391
6 4096 7133 1769 622 2362 2868
11 4394 4395 6002 9005 5384 2159 4143 6286 8189 9049 6979
6 6884 8765 8367 1377 4706 5872
6 4820 719 5341 9080 3641 3027
5 1190 587 7193 6600 8962
7 6836 6289 1925 5383 7511 7119 7131
14 5154 8104 2416 4602 6684 3648 3058 1528 4991 8382 7977 1398 5406 7440
9 241 282 1290 1527 7374 8034 1709 3264 9317
7 2283 3301 5905 484 5321 1483 8452
6 2512 7142 5690 8740 3848 9149
8 51 6640 1076 5716 8624 9021 2599 3425
4 8246 8807 1788 1946
10 374 2194 1948 9239 9178 4879 1092 2212 3337 2080
6 1422 4978 2194 8458 326 2705
3 7754 488 8125
9 1284 6372 4284 7771 3310 6191 6988 4913 8175
4 6401 6726 8810 3829
5 9424 6355 5177 1638 1687
3 543 7694 7550
5 6627 8583 3053 8127 7449
8 3389 6306 4429 2794 6953 6043 5206 8174
4 236 1459 6413 3278
4 6254 1342 2266 5106
7 2534 675 4138 7669 8915 4113 3032
4 1588 1126 2363 8161
5 8086 1944 2832 3680 6563
2 9823 9265
8 6766 9810 7064 3479 930 9141 6211 2977
7 9713 1475 2068 8765 7370 9729 4991
4 2285 8370 5898 2715
5 6683 8879 4093 9175 1001
9 9697 6961 8356 8696 9828 376 6355 7615 5065
5 1362 8221 5477 268 6616
3 6979 3578 9717
5 168 1924 9058 6148 5101
7 1715 3747 751 711 5393 1274 3618
3 5120 8289 8941
3 416 6800 745
4 1857 6126 17 1392
6 1142 5864 9585 7091 6447 2221
5 7865 1196 7779 7564 2103
4 9440 8653 6567 9189
4 4487 5258 312 4679
6 6113 4439 4618 6312 3338 879
8 8346 9316 9515 45 2487 1045 4723 8666
5 4303 7680 451 8371 6245
8 5363 7032 8686 3656 114 2040 7314 227
4 3659 3333 1780 735
5 981 6350 25 585 3523
14 5939 2360 5050 5457 464 4739 1356 5224 7836 4502 5209 6735 3822 2998
10 4975 694 1949 5716 327 7576 3891 9003 2087 5311
10 2310 3350 2196 8419 9354 5026 8802 1908 9351 1349
9 7284 83 4172 2270 238 1684 5825 6841 2256
10 7387 8435 2227 9845 5882 1694 8575 895 6224 9852
4 608 7957 2140 6803
7 9860 1813 7933 7714 3334 517 5493
7 9532 8273 1809 881 7807 9920 1099
7 9232 5888 2106 1253 8591 3089 6428
6 3797 474 4487 7828 3852 339
1 8217
11 4840 3124 3190 8631 1740 2028 8393 7476 7577 6408 6840
7 5922 7075 838 1222 3129 3613 3055
3 4465 2434 8314
7 5112 456 6453 5881 7845 6796 2476
2 6817 4002
4 685 6635 829 599
9 3805 4448 8159 8357 4050 3690 9912 1827 25
7 2534 208 1545 1258 2023 2609 9421
2 5086 3271
8 9627 3129 578 7289 3440 5240 9141 5564
5 1658 5407 645 9143 3626
5 1122 6409 3846 1909 279
5 6299 877 6627 8355 7672
8 3641 7474 7014 2944 3635 742 44 2144
8 7027 6418 172 244 4760 672 3901 2122
6 9977 494 3633 6000 1823 597
4 8914 6785 440 4505
3 8721 847 2155
5 7178 4731 4813 9992 9094
14 1052 7161 6971 293 6737 7973 3170 7479 6147 960 4230 571 9047 4741
5 3630 4311 8001 8217 2215
4 6058 890 9600 5696
3 8979 6518 7255
6 1000 9727 161 3666 9016 4506
5 2401 2755 9455 7412 6925
3 5758 4693 3731
4 9204 6539 6677 9536
4 9130 9286 3234 7295
7 8054 6978 964 2347 9909 7877 6437
7 7846 4375 2822 9683 8368 8797 2368
4 5690 4502 3124 9679
5 7516 8855 3731 993 1646
4 5816 4635 2195 5592
6 3850 7096 5178 2910 9532 2207
5 9431 2510 4239 8371 7635
9 3406 3514 4583 3437 231 7001 7303 4084 70
9 1830 5243 3197 4249 1384 1690 521 6770 8800
5 9761 5389 9685 2377 2366
3 5398 5916 4174
6 7873 7196 8132 5151 5385 3734
6 9961 2059 4788 121 814 6527
6 4666 8017 134 3438 2824 8863
4 591 5221 785 1119
5 244 1874 2496 6788 3277
4 3404 4640 2587 6250
5 6983 2527 8579 131 6006
6 7184 8515 6182 1878 3366 5942
4 6201 5960 2050 7331
7 5036 5150 2051 1091 7543 7049 2127
2 424 8529
7 7529 3784 486 3292 6382 5168 2432
4 9222 3367 6072 6771
16 9257 4210 5109 7276 3320 9857 3826 9694 7541 1767 4930 6191 2742 2129 8668 8617
6 5803 1319 5885 4082 6040 2534
10 450 4342 1440 534 5549 2862 4619 3077 4495 3085
10 8917 5768 8886 4422 7890 2488 9389 5647 8066 8780
10 5409 2838 2875 8364 5696 1519 8073 6162 3547 1512
5 9243 9224 2060 1538 9646
8 9330 6558 998 7425 3373 1453 5573 4671
9 244 3992 1365 2713 4886 4060 3572 2544 5939
7 3065 6771 5800 1730 5410 6972 1092
10 2650 541 5440 101 8215 6989 9717 6202 97 6594
5 7036 6418 7960 4615 5261
8 3765 8740 4651 7213 5845 2286 3804 2627
11 2885 718 6667 3408 20 6613 6519 8540 1437 7800 8563
8 7034 2331 3390 1612 49 2293 9944 6701
8 8937 1829 4636 4324 2120 2252 6534 5980
2 9491 6871
4 1345 2289 6402 7980
7 9519 1460 1169 7059 1321 716 7689
4 316 155 2804 3213
5 9636 4764 2571 4677 2602
7 4886 5334 2414 8063 512 2975 1102
7 3977 8051 6227 8524 8250 7698 9219
5 9601 7207 4513 8229 3152
7 6257 9040 8411 2027 4406 7765 7955
4 343 6242 8317 9912
3 1591 9406 5071
11 7014 5424 2391 3857 4192 6223 7826 3602 5010 2384 6443
2 8667 145
8 2737 6149 2142 971 6626 5122 2478 9833
3 4968 3855 2928
12 2798 1902 6449 5207 3091 8021 819 4216 5864 4035 1367 4408
3 7578 4098 2840
8 7421 6769 6278 2691 5105 2456 3574 4849
4 4617 9831 2764 2864
6 5214 9939 9459 7234 4122 1891
6 1077 8071 3271 4743 8185 6607
4 9215 7570 4941 2419
6 2418 8979 1698 6420 1937 2033
5 2828 7410 3406 8757 7704
5 4794 8993 3022 9457 3067
4 5827 2660 7895 3802
7 2170 8184 5514 5538 2316 6840 6062
8 2483 6137 4299 9286 3950 4622 2794 7010
7 4916 120 8462 3168 2075 4276 3567
7 3384 4055 7563 3043 1760 4699 842
7 2671 3393 2409 8341 6071 8008 1463
6 6077 8627 8935 8823 6429 7415
10 130 5940 7193 9085 6691 8381 429 200 1311 2291
10 6522 3651 7292 3452 6609 8987 8674 5516 8589 1902
7 7406 6632 160 5454 7074 2112 201
4 6085 9222 479 7960
8 9965 4088 1573 729 3871 7925 6407 6399
4 5415 6436 9402 6276
7 4823 4916 3562 8322 6219 158 7319
6 8208 6505 1838 1538 375 3546
5 4496 5061 9544 8230 8566
8 5573 273 5161 6607 686 7689 8529 9722
7 1249 5133 4706 2501 9306 3128 1617
8 9146 5309 3992 4182 4490 8133 4879 1812
8 1743 430 9552 4243 4224 4328 5547 9257
4 5148 8773 6857 6639
7 9492 9033 1574 9112 7855 2626 1817
5 2352 7656 5717 446 5626
10 5112 8395 1110 4314 2059 8295 5775 2879 6347 5964
11 4905 4815 8535 1825 574 2793 9946 5761 2583 3347 2391
9 1670 3950 3029 9556 1295 7893 3920 6738 8448
2 1493 6816
5 8512 1435 3856 2350 4681
9 4295 6644 9712 275 8156 585 1044 4781 3657
9 3321 2798 625 5561 8605 3368 1363 4441 288
6 1708 7391 3342 5038 4354 9549
2 6628 683
8 6997 7062 5327 5072 8238 30 9265 1321
4 7502 9900 4740 7813
5 2954 6891 4256 3666 5985
4 296 1703 7247 3379
11 8048 7559 6879 5629 926 2479 5667 52 1528 2808 5399
8 3628 8248 709 3208 9845 1274 5556 3233
6 8564 3826 6047 5180 2125 9675
4 6597 3871 5577 7909
8 8519 44 304 4303 8160 2634 8470 5879
7 1250 7070 8488 7853 6870 4526 5765
4 1556 3540 4278 1881
7 2791 7452 1842 6735 5519 2015 4300
9 670 6850 1359 5136 8230 7566 7443 6003 4072
7 8381 3929 4340 538 8397 3553 644
3 746 6139 8801
4 609 6911 6203 9743
2 1334 9533
6 5702 5289 2130 7643 8025 264
9 928 9226 5446 93 1253 6494 3966 1761 7168
6 4625 7654 4057 9069 1985 4367
3 8675 4762 5466
5 7295 6516 281 3117 6521
6 3876 4487 1272 2736 3731 330
5 9446 7149 1465 332 2878
3 7102 3541 8224
6 1641 5762 6595 5206 9147 3735
7 3865 8462 7999 8265 2546 2810 1963
6 6177 2898 1741 2243 7012 7526
8 1998 8753 3549 855 6396 8119 937 6807
13 7175 3851 6776 2723 512 5847 6781 3986 7820 2190 9988 4224 3502
5 5486 172 6284 189 8374
6 9529 9680 9065 4631 751 1096
6 6272 8836 9169 9672 4529 7978
5 835 8238 9931 5240 9952
4 9202 8044 8772 990
8 7234 5973 798 418 9173 1581 3682 1118
7 3135 1867 5477 2940 1732 141 6125
8 153 1047 4554 2137 7107 6858 9786 5150
10 1692 7617 4889 6684 6258 2242 3158 7106 7903 5506
11 7199 3908 414 4493 7496 8746 8294 1070 5659 2208 4221
7 9968 2203 415 5326 765 5909 8854
10 923 9400 899 4484 3639 6929 5935 6975 90 2930
6 5828 1907 4293 1964 3886 8538
8 9132 7988 6983 6348 9602 5993 3799 4767
6 5886 22 6292 8761 3202 2155
8 7790 7814 6239 9265 2363 1219 3109 4564
4 2076 8879 481 3481
10 6646 3943 6704 7501 3654 3086 1116 6772 5464 5698
8 6630 7540 1891 2105 3310 4426 2937 8700
5 5487 1031 4035 2323 1443
7 1805 9292 255 84 6964 5317 2889
5 39 1944 5439 1175 3548
3 4442 4 5613
8 7203 7924 3451 2724 3875 9875 6321 8361
7 7336 51 2575 8787 4183 1345 5836
5 9420 1677 8986 9162 6383
7 8034 8391 5353 9870 5247 1723 7060
1 9949
6 8411 8909 7551 3291 4386 5261
7 2149 1961 7355 5074 4151 8396 9432
11 2623 2057 7942 9752 4774 5536 3406 6810 9350 4481 741
8 8750 8113 4049 9398 537 9672 5583 3062
7 8306 7982 8130 827 1633 5901 346
7 6189 3811 9927 8032 1474 6183 6233
7 9836 4737 2084 5930 3153 2852 1521
7 8534 9936 20 7804 500 5909 7448
7 5096 4890 1481 2749 8079 2608 323
2 499 9594
6 7881 8187 9330 8650 5736 4131
5 7778 6113 1268 8752 7409
6 3119 6086 4482 5856 2953 7775
10 7135 8061 8670 6520 7120 4422 626 2873 6496 19
3 5019 1956 1835
5 9297 2389 1132 2166 6887
2 2959 5387
7 8893 4415 5122 8653 13 1071 1568
6 9771 3960 6575 2292 9889 3171
4 9372 4360 6539 6519
9 4809 7536 3936 8360 9038 9268 8834 4107 172
3 6831 9298 2161
5 4541 3700 6744 9226 9579
4 253 3591 9726 5711
5 2238 1406 2802 2452 6406
8 861 5729 600 6219 1532 9647 2214 7103
10 2249 9481 8523 7220 8077 3295 4224 9065 1411 4350
6 4073 9361 723 7279 9685 1456
7 2699 7844 7399 6349 1897 1392 2692
6 3929 5981 740 7986 8532 8093
3 5254 7168 9678
5 4806 1940 9249 3436 3485
4 4832 8269 7066 5427
7 6799 2774 2504 9560 8284 2425 2536
7 2153 6414 5885 9767 8697 5806 8599
2 9338 782
6 2557 5469 4385 1309 5250 7669
6 4066 4613 3125 1207 1295 3021
4 7987 1928 2858 5805
6 7329 3874 8984 9451 222 860
3 4985 6185 5458
8 2752 976 2646 3678 4754 9891 9570 5343
6 9770 6305 1755 136 5426 5165
6 8234 7906 9429 4628 6488 5530
6 5793 5401 708 7807 8515 6694
5 4744 1432 5421 7360 4573
9 7612 1458 1577 6773 4863 6137 9420 982 2470
3 4137 7173 3264
2 1017 722
8 2806 5043 3462 6173 7993 1691 2033 9621
6 4959 2272 3251 7375 1576 8243
4 225 9742 2115 5937
5 1347 5420 26 705 8282
10 7080 9548 5699 9213 6848 2509 3027 3263 4640 1029
8 9330 9831 8622 7489 2697 1694 6489 7522
7 7885 5234 5544 3654 837 844 3229
6 8962 4656 7700 5869 3597 9923
4 196 2236 1970 1314
6 4942 8195 8492 6934 6416 5258
8 2554 4001 7376 3645 9209 9727 2644 3217
6 8216 5624 7978 3368 1596 3013
4 409 1067 6987 1460
8 7795 1697 431 2292 9732 5531 5760 3746
7 4565 2984 3537 876 4332 260 9320
8 4808 7041 232 827 5744 7001 7749 1587
4 8278 3685 6950 5090
7 1647 2634 5977 6322 6787 4731 5853
5 1617 6960 3795 6656 9607
2 2768 2953
5 319 158 8126 4313 9931
10 9838 3126 5966 9634 4274 9354 9311 9458 8214 5744
8 7486 1998 1043 1325 6263 7666 1368 3233
8 2292 446 9889 494 1777 9006 4608 4521
7 8243 9296 3789 3058 2795 9223 7972
3 4861 790 4846
5 9891 7118 1687 1011 2867
2 4757 196
5 9827 5549 790 4843 8712
6 2997 5761 6303 3586 893 1086
4 796 8533 40 1716
9 6874 8529 8817 6776 4952 3510 5809 2425 9374
4 4889 1410 334 3466
4 6223 3159 6102 9413
6 3173 2473 682 9846 6268 5719
8 4610 8913 199 3461 5145 4918 6322 4422
8 71 6001 6920 7643 2828 5149 2977 527
2 5758 8253
9 7997 1902 3866 7094 4624 9609 3250 6139 4560
5 3343 44 6155 8029 5721
6 2171 5518 1046 3306 6937 4750
4 5868 7218 9441 1893
11 5410 4470 7884 7256 6038 2945 9383 7271 6026 9176 1102
5 3450 4009 6233 9269 6115
4 5197 7889 7178 7336
8 2880 7956 1559 1153 602 7393 6248 2402
2 3681 424
6 8536 8906 8823 972 376 5501
8 2456 8841 7621 5694 2495 3081 7704 1088
5 6810 6575 2747 7300 5184
7 7169 7538 1041 6089 7061 9170 5058
4 2686 7880 3052 851
6 8394 5296 6562 4832 775 2597
8 2996 9238 100 3403 5313 3341 8568 6402
5 266 9313 2568 7930 3633
6 1741 9498 8536 4298 9029 3714
7 4734 7414 820 8363 2928 5508 2944
3 3367 1070 8787
6 8145 5694 7105 1315 1494 268
7 348 7312 6377 3220 1310 9617 4389
2 9613 8275
3 4560 7972 9438
6 6513 1624 1155 7798 5852 7758
12 8513 3204 3166 4995 1216 249 3812 9767 3970 4271 7991 613
9 4916 8797 3591 7289 2683 7399 2955 6265 6564
5 6216 23 6322 7014 3183
4 203 4105 2947 1627
7 3288 1092 2461 7122 144 4921 9577
7 3554 6997 8884 2441 9179 8922 2234
6 6753 5297 9512 8409 4922 1715
6 4564 9831 2813 6141 9990 2333
7 6652 3981 1346 7540 222 7481 5372
5 9727 3700 9536 4661 4317
2 4412 732
9 6019 5330 304 8293 5549 9926 8257 9972 7843
6 4743 2333 8528 1294 870 6172
4 2603 7132 4272 9873
8 9744 8419 452 8471 9525 3742 4241 2696
5 5771 7584 2390 1167 3949
4 5193 6661 1753 1667
3 4889 5052 798
8 2257 4217 69 8492 1853 7736 2486 3084
5 5499 6653 261 6002 8379
8 3920 624 8209 34 4244 5680 8088 7311
3 5860 2148 3060
11 3966 7289 5367 2886 4650 9917 8558 5538 1791 1424 790
5 4711 7560 6770 3110 6979
7 1324 1980 9889 3697 6622 1462 9476
9 7118 3330 6824 4379 2839 4310 4331 7150 1908
3 8436 1406 8664
7 5651 1663 7544 1850 8071 3082 1681
3 8994 9410 8758
6 2095 3365 6120 4224 2757 1444
5 3375 8208 3221 3360 5575
5 7338 4931 7149 9684 6243
7 7836 1747 8272 6218 8544 5200 7101
8 2956 9198 1572 5795 1111 7416 357 1900
7 9139 7941 1592 6771 9042 1251 546
1 1353
4 4289 2481 217 6689
5 1107 1958 3517 202 2169
4 7547 6343 7779 9423
6 4037 5047 9751 4266 2065 2275
6 7755 9616 5929 674 6653 5332
9 2999 3786 2414 244 3432 6588 9867 1024 5996
7 1168 9953 7124 9489 794 5570 9376
3 8870 918 8319
2 5331 2071
10 8840 5336 9098 4775 2634 5409 2257 1977 5021 515
7 3862 3044 4985 8198 2584 176 4710
11 3399 3953 859 3113 4242 9325 5787 6031 9293 906 6775
5 7583 7145 7193 8004 5095
9 256 1555 5275 421 7560 1449 1298 4650 672
8 3144 6705 6917 1526 9123 432 2624 4042
5 2960 3168 5719 9187 7134
7 9523 3387 8466 6461 7227 4739 2723
8 1801 6369 4631 7400 7715 2419 5745 6520
6 2459 9202 7545 7709 2511 6751
9 5774 8561 2309 2334 4576 8964 1971 3407 8793
10 9082 5441 9127 3757 644 924 8832 5131 6350 3345
5 2277 7616 1076 8170 5142
4 7175 4016 2859 8433
6 2690 7542 3365 3483 939 4403
2 2377 1027
5 392 6643 6461 273 7625
9 9337 9545 6068 5101 2800 210 1670 8936 2701
6 3773 4351 1024 8762 7741 319
5 2970 5467 4028 9452 8732
8 2052 6802 4066 771 1794 1959 2865 480
10 9120 45 6877 4492 8374 8424 4524 2366 8096 49
5 500 6502 2713 116 1168
3 3643 2324 2924
8 1546 1756 4353 9272 9393 4989 8794 5178
5 525 9761 4762 7119 9856
7 2108 2217 5170 1145 1532 3946 6899
3 2406 8568 5423
5 4145 1533 7415 2749 2929
3 7431 1571 2486
7 8438 3931 6622 7377 4806 9188 5817
6 7557 9046 4130 5953 2262 6285
4 494 4675 9213 6730
8 2897 9781 772 6901 1392 1246 1507 4277
2 7167 3055
6 8751 477 4541 6471 2713 6180
9 6108 1777 7831 5130 2224 5092 5137 2877 6874
1 5436
5 1912 4213 8779 6190 6645
3 9971 1940 6114
6 7227 3678 6484 9624 9148 8150
6 7638 1764 2620 6807 2789 5647
4 5582 704 7076 4218
3 5940 8199 1731
6 1747 7548 6615 6953 6970 4341
9 1415 9476 8393 5375 408 4076 7281 3776 8117
5 190 3045 1156 7475 8036
2 9197 573
6 2965 5801 3530 5226 8612 7488
2 4127 2587
12 2415 8978 1300 7192 4594 7393 8713 6805 5106 9140 1820 6612
7 8013 9860 3353 1930 6022 6999 6725
4 8490 4843 8693 9146
5 4355 9462 1262 3758 6975
8 70 2546 3351 6824 9853 3966 5643 4220
3 5629 2525 6769
7 8869 8034 3777 6453 4416 8196 2051
6 9207 179 7422 8057 2658 1920
7 4387 3072 1035 4879 6660 9192 2246
9 6858 5374 1107 9430 5481 9436 8284 3807 9451
4 1899 4667 6055 4057
7 4808 9519 685 1389 6152 9236 7201
7 7753 9944 9510 7845 7397 395 9183
10 1108 2597 7354 9837 8516 4568 4609 3392 4596 5454
4 2108 3778 4808 733
3 1724 2116 7898
8 6427 6746 6041 4200 8646 8559 3119 5727
6 362 4390 1062 1474 6480 6472
2 3292 7478
11 5530 7941 4047 7318 7718 2290 54 6126 1341 9578 6366
6 3838 590 4121 8880 4940 8518
8 327 9111 9900 6326 8021 6735 2658 7875
3 9567 3245 4169
2 8462 6328
6 4582 8810 6509 5753 9706 8491
4 249 4913 9820 4318
7 3141 264 4934 7028 4715 611 9431
3 1255 8036 7030
9 3286 4657 1733 1834 7230 206 8121 3840 3075
9 9694 9202 5175 8015 3435 2204 3263 5945 9652
7 5655 7884 6208 3412 1142 2371 2480
10 5405 6325 3109 4150 6030 4107 8013 5162 9220 5487
7 4004 8902 1487 6730 7293 8834 7406
4 5134 5243 4697 5151
4 8548 2894 8970 2765
4 9008 6417 7843 5705
5 2159 3776 8646 5937 6634
6 1342 5432 5925 7642 4684 1303
4 6613 6715 6877 6937
6 7560 3279 5142 752 2608 634
3 9763 1458 7703
5 3453 8400 1301 6623 8723
4 3100 5132 7008 5701
6 779 9021 4191 5920 8693 7553
7 6386 3863 7101 2257 6476 7587 1230
9 523 6799 3069 5149 699 1716 284 6682 834
7 8833 9072 7803 347 2436 3335 5456
6 6921 7203 7531 7540 9659 2768
5 8617 9647 2854 2130 7194
6 7430 2408 684 5210 8078 7027
8 2447 676 7182 9308 4865 8908 9760 380
2 9133 9049
10 9599 8230 2914 2158 5783 9398 3366 7690 9716 3381
6 2879 1588 3428 6627 3618 295
4 7451 2686 2078 6230
5 6190 7633 9513 6936 5727
3 2509 6706 8660
4 1656 8919 5134 5215
4 3221 782 1581 9192
6 5380 3689 9506 7985 8260 500
5 4137 8409 7206 277 4933
5 8677 7132 3622 1241 2301
4 7315 8496 7021 347
8 5494 8830 1670 7578 4947 874 1812 7418
6 5924 7742 2907 8488 2107 8759
3 8033 266 9106
7 7657 202 1023 8375 9606 482 5387
8 6459 9997 6783 7679 1483 3289 7302 5519
6 7693 8833 6116 6958 533 6169
4 6029 6304 8556 9109
3 952 1567 4295
6 5143 9002 8707 4885 9828 9868
12 6643 4080 276 3820 3409 8452 1285 8050 9670 5273 6188 7052
6 2720 7352 8292 8226 8303 9707
5 7580 7222 1114 3198 5053
7 8090 9485 7727 2751 4895 8850 6201
4 4935 753 1266 2962
4 8154 9658 834 6562
8 3844 1096 9638 6590 5 3550 6861 4410
4 1435 130 481 9312
7 7762 2315 2066 1628 3471 5613 4961
5 1629 9505 5178 1976 7040
5 8696 1940 8808 3463 1158
6 7901 4139 4800 3438 4375 1208
7 9891 7582 9690 7353 2417 8731 1065
2 974 4650
4 1215 4072 4726 9200
6 1765 9088 8426 3626 1503 3855
2 9396 610
8 6447 1621 7381 2742 1696 6203 6696 5780
5 8727 3027 7550 1638 5241
5 4813 7992 3215 997 6521
3 4356 2267 7117
7 2971 9250 6825 6057 6433 9162 2489
3 7444 6389 9391
9 836 2535 17 4789 514 3621 4741 1914 2369
8 5618 9901 2446 2050 5496 3400 2548 2971
7 4147 3552 3157 7435 1076 7517 5815
11 7265 8042 570 8364 596 8229 3548 3908 1549 1449 8590
10 908 8261 4414 3279 5231 6015 5695 4814 5780 8515
3 2337 558 6909
8 1919 7260 2269 6989 8327 47 3797 8518
8 4153 364 7223 8004 6386 1295 4397 4610
7 167 2788 5275 4494 6464 4288 1367
3 8237 5754 9738
3 2774 1517 1676
4 1751 6815 928 858
9 5006 8818 3419 5936 1351 7250 1106 4238 881
10 42 6373 2024 385 3070 5593 2594 6133 4543 7925
5 2475 6092 3377 3749 3504
5 2393 4891 23 7273 1533
4 3042 8161 8850 8827
7 3704 9488 7942 4245 3184 8490 5405
11 840 8847 9302 4232 361 1445 2973 9206 8474 5884 3781
6 8108 5503 3684 8682 5125 1769
6 6155 3143 7271 6113 9446 813
6 3073 8664 4825 3756 7853 8848
7 1229 1065 5134 9415 8119 1571 2718
8 1008 6591 6802 5682 3571 7041 8792 8553
10 1015 9455 2979 5250 2159 4287 1438 4196 4819 2706
6 9704 2746 8437 6757 213 7287
4 991 478 9551 8751
5 8962 3028 106 6486 3458
5 5381 2434 1396 5433 6874
7 6119 520 717 3209 3221 532 9960
9 8179 3848 1904 706 5075 9784 5899 3801 3014
5 4025 7713 151 6827 6444
4 9679 2919 3284 2202
5 7445 4743 7063 6566 6522
5 6054 3014 5899 6878 9188
9 3842 9038 9447 5656 739 728 4955 5290 6279
7 5274 7876 2790 9636 2466 6219 887
4 6883 5203 9461 9032
6 2845 7787 3434 3930 9722 1561
5 423 4757 8233 8954 3213
9 5288 6914 4872 1753 8126 5215 4752 8720 1062
5 4685 5906 1578 2530 6051
3 3305 1335 2034
8 1946 1984 8492 3475 6275 2332 6020 6815
6 9485 2315 2223 3251 5226 1394
10 280 9322 4871 641 1506 9235 6988 3491 8082 7033
10 7948 4193 9021 4934 3394 2406 8225 6396 1345 3653
7 4491 9749 3645 4321 1682 657 2936
3 729 2205 6701
5 7420 7088 4970 7299 6635
6 7597 9934 1814 7911 3686 5740
3 6229 1985 3713
4 3957 4390 8698 9911
4 9325 7132 4297 346
6 911 396 7499 8419 6457 1207
7 7105 5309 1647 1323 9815 5086 7333
8 7445 5244 3109 9973 2173 7416 2960 4432
5 5829 6380 4155 2448 1595
3 9297 738 4845
3 3677 5923 3702
8 4148 1297 545 9218 269 1711 6001 4790
8 7652 7142 2336 717 2533 1412 3850 4501
4 4763 6718 4608 1629
7 3369 5571 1152 9181 5458 9907 7407
6 3738 6889 4781 2370 1633 7002
11 3584 5413 2018 4816 1722 6408 7802 9769 9668 2500 9468
7 6357 1202 475 4329 6105 8460 2257
6 7804 8499 6045 6743 6589 3113
4 4938 1287 6593 6259
7 8043 5637 5666 235 5426 1447 8050
3 7901 618 3473
3 7776 6812 7118
8 1394 3765 3300 9619 1742 6329 3870 4938
8 7705 5632 2151 4401 6877 414 3976 2963
6 561 7420 9275 7973 7753 2149
7 7914 9293 3981 174 1575 4545 678
7 5509 757 3243 9027 4926 3641 3879
8 9447 3107 1661 7702 6532 9943 5334 805
8 6218 7116 3954 879 5464 7887 3019 3973
3 3928 1594 6484
1 96
7 1195 8909 4303 9219 8998 2274 5127
3 9785 6599 3223
8 938 1896 4254 4806 64 7948 9361 1279
6 1764 5554 3675 2139 6741 6565
7 8714 284 2917 9700 8630 7997 8326
4 9887 4117 537 2138
3 3843 2235 6352
6 1797 4549 5176 607 5977 403
8 5867 9635 4129 913 9615 9751 2643 3090
4 7501 1749 1598 3323
6 1356 32 1435 9879 6800 9913
7 6090 4272 8807 3463 5373 8748 7483
6 4802 2022 8883 3768 8846 6481
7 2006 2369 2089 1522 764 422 3253
5 915 7173 12 3903 4364
7 9594 7429 5021 4945 1468 3595 1784
3 6337 9915 5982
7 9458 3674 8791 5351 8870 2553 6901
1 3379
10 493 5507 522 716 3278 7313 8837 6065 3337 6919
6 8509 453 6991 6076 7273 1778
12 8127 2905 2229 7789 6574 3963 3178 3529 6675 9355 2837 912
5 8932 5206 5469 5605 8436
8 2622 543 2962 7054 254 1912 2677 6566
5 7925 658 1674 4345 8582
6 4183 1043 1852 4603 4475 8742
6 5007 9664 6985 8689 4445 4833
5 629 5147 2121 4800 5657
9 1425 2376 5468 1276 4388 8456 5087 3571 4090
6 4310 9923 8699 890 8740 4613
2 9482 8748
5 750 1182 8080 5440 5356
8 6467 4550 5051 5697 5725 9332 8822 198
3 6311 4922 7593
8 8682 4040 3779 6457 8140 5896 2688 9820
6 6043 775 9055 3851 2340 2262
6 9400 1505 7235 5296 6401 3170
4 3484 5924 5316 5712
3 7612 6492 8416
8 726 5278 8695 7419 6697 666 8879 7907
7 8689 9013 5526 6593 8524 535 4743
9 7178 7925 7837 6551 6333 4300 3859 8280 7294
8 6286 2366 15 5505 3192 8677 7834 7764
5 3842 6690 7214 3607 3716
4 7396 659 1734 260
2 3629 107
4 7105 8123 435 455
7 9849 6336 4170 4032 7613 7935 4298
9 1533 1534 394 895 1388 4320 949 119 4333
8 4781 9226 8060 1040 3922 4096 1613 8324
6 7975 7808 1572 2 7443 8683
6 8319 7604 1219 6221 7775 7908
5 6879 3526 8261 2568 8420
4 4916 7629 5385 141
11 190 4333 7994 6917 6573 4719 3244 5432 7730 6878 1376
5 8850 7866 6715 9720 3734
6 7215 266 8070 5163 2097 5381
6 5270 8470 1745 515 2626 7056
6 1999 535 6575 6963 7068 2716
10 5351 3242 8172 2113 5045 746 3781 8382 3005 3476
5 7515 5726 1131 2786 7108
9 746 3570 3551 6347 3087 8366 5868 2639 1614
5 5983 546 9815 1744 2673
4 7879 524 7247 2986
5 33 827 4916 7309 4468
5 6452 7828 3876 3494 6496
3 342 1059 1533
7 9667 7288 227 4945 7249 129 7836
5 333 408 6936 1788 2833
10 3245 2521 7046 4166 7754 2985 9513 1116 1601 4822
7 5739 2654 4984 3148 6440 3746 5977
6 7299 5409 1946 20 4367 265
5 2699 9953 2617 76 2948
8 7248 6338 6514 2476 5248 5855 6980 4991
3 661 5616 1148
5 8786 5299 1560 645 4547
10 6506 9515 3243 7409 999 6609 7673 8807 6208 2998
11 746 6820 6392 6740 1213 7022 2109 3026 7229 548 6846
9 7898 7155 9713 8110 1956 7888 872 8043 8757
4 107 4177 11 182
7 8123 4563 4015 6359 4933 6849 6183
7 7660 1574 7543 6315 8185 5406 6466
4 3461 5618 8122 8070
9 4107 2167 7835 6384 3603 5907 4287 7264 5176
5 9738 102 3270 4915 3321
6 2921 9523 8961 6376 9373 5640
6 6876 6490 5720 8764 5554 6611
4 8399 8574 1450 152
11 4645 7499 4881 3357 8115 3981 2283 3602 9019 3677 1880
6 3523 8334 5285 2152 4468 4418
7 6675 3578 5359 1820 4880 1143 3196
4 9153 9628 5464 8287
7 1787 5459 2988 4552 1299 9805 9663
5 5195 3904 3839 3925 618
4 4106 772 2706 298
3 6201 4562 8945
5 5421 1743 852 9606 3802
10 1418 4918 3264 211 9254 7826 1732 7596 4727 4060
3 855 5672 9259
3 5235 9675 637
8 3335 6270 7030 1230 8 8849 833 1978
4 6862 6109 4709 5645
8 6208 207 1387 1438 3460 4909 7689 6868
4 1789 447 8630 830
7 4652 3281 3043 5309 8943 5429 9327
8 7779 4269 9486 713 4431 8600 5155 6732
7 444 3791 3163 8163 454 7141 1647
9 2538 7568 3985 2683 4158 4425 6136 9456 3971
5 7727 6372 8713 627 5343
9 5675 1212 2500 6570 2493 5546 4148 9403 722
6 5935 4832 4119 5489 6082 1573
8 1893 3645 2014 9559 7139 1920 6601 2131
6 222 9417 1100 6394 8898 9161
2 3232 6650
4 4374 7999 6215 7025
3 6202 9355 9692
13 8191 8441 5164 440 1951 6664 9221 2754 2181 1020 6395 2755 3314
3 6762 9580 2680
7 4811 8072 2633 7782 6432 6019 5463
5 9495 9016 3857 6177 3480
8 1103 581 4126 231 9624 3593 1543 5867
9 5891 4612 303 2062 9906 3354 2471 158 4341
2 4412 7852
9 5624 4597 2071 790 8523 6143 6520 3623 8270
6 1573 6490 3600 4266 9989 3387
5 6923 6641 1064 8228 3467
5 1813 9585 920 3918 8107
7 1099 5363 5437 8995 170 7685 36
5 4405 887 835 5739 2146
6 6938 3851 6583 2674 3878 1914
5 80 9515 6139 5952 8222
6 8116 7240 1932 5050 5245 7357
2 7780 1146
5 3774 2518 862 7527 2982
4 6038 9472 2694 8180
8 7871 7154 262 2719 7602 3155 4833 2655
6 5811 1341 3346 8811 9610 8376
3 4828 1529 2234
5 164 8581 3459 9026 401
8 1550 3652 9038 5595 3739 9399 5294 5547
11 24 6528 4557 3657 822 1644 9305 9620 431 9083 6881
4 444 2389 876 4040
7 343 4199 4275 3086 5603 9117 5001
6 1649 3612 2967 4341 7356 6255
9 5191 4059 7624 1989 7655 9913 2717 742 8446
11 7289 7619 7206 149 6187 4947 476 2651 8963 6189 1680
16 8708 584 3165 1835 5673 6917 5624 6288 1112 417 8674 6334 9838 1825 5793 1781
6 8954 959 9384 8824 1646 2643
5 6403 8785 585 4560 638
4 6175 7696 924 7982
5 7062 3510 8501 6912 1251
5 6684 6411 5227 7697 7713
8 379 1503 3477 893 6895 3065 2355 6355
5 5783 1349 7081 7310 688
6 102 7390 6248 6577 4570 1423
8 3499 8067 358 8485 1216 7269 2452 2031
8 7760 3468 3867 8092 6039 544 6156 5200
7 5523 9810 8523 1448 4501 3027 2854
5 7882 2332 8129 8733 8508
10 9627 9362 367 299 765 6835 126 6407 4705 4079
4 5763 3696 7763 3763
13 9076 3719 8747 3169 7312 5363 43 5141 3663 2638 782 420 4104
5 4061 7145 2665 9990 1156
4 183 1930 5471 802
3 1572 4839 6754
3 9415 7718 9989
5 6723 2476 4875 751 4638
5 5582 3464 9742 9001 9524
7 563 8432 5984 4823 1366 272 4487
10 600 7704 2050 141 2109 7197 301 4143 6605 5068
10 9094 6661 6116 7033 5931 8774 1674 5991 8875 6973
6 5067 448 7496 5731 3852 301
8 1119 3345 4918 8212 2718 6799 9469 6554
6 4565 9390 4440 171 604 5005
9 6179 7141 3608 9611 1300 4225 3412 2644 4823
9 3943 5707 3634 8314 4425 2554 840 4910 9279
9 9905 2729 3897 7743 7589 1369 5473 6190 6042
5 7458 4948 7093 6804 1754
5 8028 502 1943 416 3835
7 5567 7818 3410 6101 1348 8372 8491
6 9912 4339 4736 6993 6556 8494
8 2501 5704 4816 6795 1465 2736 1311 2957
7 1491 2875 6948 9660 3055 875 9234
6 8019 3216 9495 411 57 864
4 3915 8470 7613 4352
6 9707 4040 5382 1646 268 1415
8 6323 2108 2304 4451 5824 4584 4619 3333
7 7479 1478 1887 7264 1882 3242 8397
4 4628 1930 828 6763
2 3041 5114
8 4385 2126 5100 4837 3454 3717 5071 5293
6 7684 2070 7302 3976 565 4434
9 4407 4278 9546 7972 7177 5364 4904 6750 9167
4 6744 510 7009 2721
8 4339 6927 8115 9616 3757 2181 458 8844
5 9200 5350 8650 3400 7163
3 558 888 4805
1 9818
8 4638 6184 263 3054 9554 4439 3533 5960
5 8673 5566 8520 472 7590
7 2923 8118 5183 4254 7330 6968 9938
7 90 9278 1609 374 9914 8540 5631
7 4270 6468 8964 6506 8558 2700 5827
3 7049 6012 2719
6 3588 9302 4710 1700 2935 8195
4 9626 1137 2860 4634
9 1695 7989 9614 1002 7632 9066 3323 3963 7559
6 5121 8857 6736 3107 3404 2568
7 5761 8899 4227 80 8587 4716 3201
6 4486 379 4013 1370 2298 8917
4 5957 9972 567 7835
8 7552 943 2874 3874 5215 7812 8880 8857
7 341 6350 4665 4376 8540 3302 7449
6 7720 9101 7974 697 1082 4675
7 1570 2964 4851 5608 4832 2779 8185
5 3039 9472 9208 7543 6717
6 3211 4539 8285 9617 6317 1521
5 1545 135 1750 3261 8841
7 560 2911 2451 6164 1050 993 8286
11 4783 4699 3903 5539 9891 6090 3631 1183 4266 4927 7324
4 2188 7539 1941 1618
5 5908 1267 4501 1042 4179
4 8788 4600 1610 6304
10 9743 5304 2159 5745 2930 4647 8119 9031 9608 2065
7 5039 4562 2129 4592 8350 5176 881
5 9059 4114 748 2000 2622
5 8241 7271 4769 2933 7770
1 7598
4 6625 7141 5947 7259
3 7982 6075 9729
6 2174 6894 5274 6094 8296 1382
4 1935 7811 1345 1618
10 7882 66 8769 4302 302 9254 9486 4885 6517 3437
3 6050 9492 6386
6 3085 1134 5518 8970 8370 7039
10 3940 2613 8182 3076 531 6240 7727 4412 203 7231
4 8353 6269 7572 6308
5 3379 9718 2525 9030 2905
7 8410 7699 4544 654 6857 1659 483
9 9628 3076 536 3062 7251 4937 7056 7258 2415
7 5546 3018 6724 4280 9934 5461 7399
4 2748 8859 6244 3117
4 2587 5604 3117 4315
6 3212 4643 2287 1778 7216 8653
6 8079 3625 4912 1890 3387 9446
4 9982 1659 6693 1697
6 4736 2843 3901 5493 499 9245
5 290 2080 5295 3678 1314
4 9205 3400 8325 958
7 6173 8713 7459 3933 6575 3148 7921
4 9044 7083 5977 5277
3 3452 4476 5593
1 9015
5 4105 4193 1358 7663 5654
5 9952 8491 748 1496 4969
7 1605 7349 5484 9643 4402 5247 2741
8 7695 6570 8921 879 1857 2432 3652 5464
7 6250 3 902 540 1234 9984 6798
7 7881 7595 7739 2603 9299 9983 8510
4 1103 6549 9991 15
11 494 138 1947 812 6618 4841 2111 1395 9376 8887 5219
1 4066
4 2019 809 6379 5580
4 9399 1678 8792 6684
5 8174 534 725 347 8821
4 7135 3610 2964 2986
7 6655 8698 1247 8971 7899 8544 3297
6 7552 4759 4271 684 7195 8459
11 3994 7167 1916 4166 3048 1653 2560 4569 4920 5788 3262
8 1970 8308 3994 8454 6500 9854 6043 2385
8 1527 3933 1421 4368 3618 7387 3283 8182
6 3997 5913 2054 9764 6631 8041
5 1670 5594 9788 7318 8102
7 5752 1928 6268 3982 7510 5769 1669
6 6007 5827 3938 4443 359 8139
6 6399 5171 7247 3968 6858 5447
5 1204 3308 4281 2479 7809
8 9836 4446 2967 2693 6109 6513 6722 9456
6 9093 6988 9570 109 8131 5280
7 9430 6460 159 4492 1796 8548 1843
3 9711 9047 9052
5 2912 7592 640 6960 5481
1 9283
4 7235 3094 7647 902
10 5562 775 9966 5370 7848 4768 6293 3844 9572 9113
7 9437 5818 8055 4441 3660 8866 4726
4 5307 9097 2402 1631
4 2624 7463 3986 4766
11 2567 3442 2093 8368 4819 1583 1393 5101 6619 5701 8022
10 9147 3791 35 5993 7011 3980 720 567 7 3095
7 627 7070 9686 2543 4942 2016 2450
5 9908 971 4594 602 9828
5 3243 826 8312 14 5536
5 4556 47 3948 7156 4251
12 3645 9482 9420 7100 761 8647 9492 9695 3942 9932 5237 7357
6 678 4803 3683 1880 3906 9033
4 1232 5100 8093 55
3 7418 999 1475
8 4913 8743 9817 7421 9221 7772 9456 4113
10 5473 6766 1459 9715 8577 18 2968 3588 8399 460
8 8948 2066 1084 3012 604 4467 9963 4301
7 8609 2020 6544 9258 4721 7324 5656
5 5162 8864 9382 3968 2122
4 2632 8991 6449 3135
7 3984 9255 7749 4831 6877 2436 303
7 877 2364 5660 4621 6790 5239 8944
8 4310 5190 1471 2988 1787 1016 104 2301
4 5364 5744 5789 6691
6 3927 8135 5543 9152 9609 3668
4 4830 7558 4438 8792
7 1860 6638 8936 1665 2847 9414 3086
2 5831 3967
8 460 297 3653 8853 9686 6274 534 1299
5 2839 1929 2656 9770 4559
3 8227 9788 135
7 3465 1879 4940 894 7640 8662 7592
2 369 3779
8 5461 4438 1310 3289 8354 2936 6299 1193
4 7591 9663 1269 9511
7 3346 7564 4241 4919 584 7514 6539
6 2101 5629 633 4016 1178 8897
5 6272 3489 1255 598 3474
7 6402 9340 5931 3240 7063 3623 241
8 5419 9471 9705 424 3170 4668 7734 8199
3 2768 885 1809
5 8214 9295 9297 675 2267
6 1298 7452 2583 4781 793 9555
4 1846 7205 9413 5517
9 9561 1113 9700 194 6386 9697 9714 9801 9660
3 2079 952 2917
8 2312 8444 8912 2219 9695 3139 8334 1584
2 3030 7499
5 210 9104 3460 1661 1176
6 9791 5398 1709 7856 5677 2422
9 1439 5596 3490 2858 2975 6503 5527 2000 4581
6 9415 6765 7702 1911 575 4067
4 443 9233 7587 441
8 7246 1675 4365 2674 7775 6418 6959 8677
7 9689 4190 3895 6841 3309 105 7422
7 9657 376 7469 878 1061 3695 9380
7 6779 9845 4032 1893 1949 7568 5402
4 2896 3372 1565 5944
5 1636 1512 3953 3543 2495
6 3079 3927 259 8498 7563 2063
3 7524 2674 7927
1 3707
5 703 317 4818 9983 6325
5 5413 2255 5055 9100 8306
11 6457 8237 6852 6199 3237 1372 9933 936 8785 8115 9301
6 2917 5265 1860 7107 2488 2645
11 6508 333 8973 9421 8384 3716 1624 9266 6228 5424 1228
7 2721 9709 2710 4836 1446 5334 2622
4 7499 6230 5850 4059
3 3369 7317 4802
6 2255 8388 7770 6207 9451 2130
6 2327 2852 5458 5590 1690 8808
6 2931 6987 5592 6887 3550 4960
4 2722 8186 9057 3505
6 9869 1796 3258 3464 5515 3808
5 9188 54 8411 7869 4720
3 7135 821 6455
6 9892 2537 4982 4989 4598 455
4 4780 7772 8662 8269
14 7454 2898 6235 4804 9818 8941 9381 2026 197 1816 7850 9754 3617 8227
2 8516 1615
7 3830 3530 6399 3129 1929 9310 96
4 1530 6191 6387 430
6 7315 3991 4329 7371 847 447
8 5824 8177 2987 5867 6308 6876 2873 4476
5 8120 309 3753 627 8213
5 8043 5114 9317 4589 287
5 8741 8819 3183 3572 7444
9 6729 743 6800 3639 9076 2279 5285 206 9682
6 9730 8815 1181 3471 2760 5300
7 3877 9118 896 93 5825 7429 2766
8 2215 7074 8146 384 5824 9205 2869 4387
6 5670 8971 8165 6131 2570 7597
8 3543 4282 6328 1064 40 7080 7438 5404
4 4093 8192 8407 7686
12 5751 728 3298 2383 1975 4139 9098 6694 7739 3171 9757 9035
8 2804 7531 4390 3552 6577 6236 1350 1468
12 6690 6907 480 6172 6835 1626 3016 6225 3405 3859 4021 6438
4 9633 7604 7330 1185
3 1225 9210 8621
2 2106 8278
5 218 6313 6797 5607 3994
11 3240 7535 9355 3569 6658 9729 2625 39 8331 539 130
3 6708 2126 9005
8 1588 1544 5050 2769 1634 5777 4738 5090
13 3485 3106 2065 7579 3497 7005 908 9006 5151 6166 6980 3662 9358
6 654 1497 9670 5720 1796 3111
3 1073 2507 4336
4 2253 5333 614 368
9 6084 9110 2930 8980 7749 8702 4485 9811 716
8 1409 5018 9875 8287 9636 4862 3673 3167
3 2564 5671 5867
4 957 5902 2826 7411
8 9889 3011 2436 9887 7973 5835 2827 1252
9 242 6850 1173 4300 7614 4435 4111 1640 5857
6 7546 93 725 9046 8788 9240
3 9064 1974 1731
4 3527 8414 969 4252
9 7754 8618 276 1248 3106 7202 2862 2947 2066
9 4211 861 8629 6356 2567 3508 9121 113 5341
5 8886 3443 4717 6479 5046
8 8813 4973 8930 8102 7338 7066 8497 3085
1 375
8 9230 5090 5639 4252 384 4300 2163 7101
7 1822 323 981 2321 5027 484 7685
4 5833 1405 6495 7970
6 6611 7286 8569 70 8874 7465
7 6754 1799 1065 8694 2783 7850 5827
3 7984 9006 1227
8 1474 1049 9742 5944 7051 9547 8623 653
9 4332 4884 9727 4055 5731 3099 8301 2414 1222
5 9924 7510 7713 8726 8740
5 1010 5909 8253 5304 5215
4 1093 5966 7021 6778
5 5967 4227 2541 43 3427
5 7999 5158 94 1054 6595
6 7936 9972 1340 6387 1399 2858
8 6296 2434 4384 8307 2549 9361 1370 8043
7 2784 1475 9588 6186 1866 2198 2353
8 1064 690 3793 7962 3295 6941 1417 534
5 9607 5709 8414 2522 2750
9 2819 1652 8328 9834 4638 2910 9729 8283 3202
11 5925 3677 6407 698 5346 3251 8108 4143 5107 5361 6445
7 8104 4512 3355 3320 877 9990 1330
4 9474 9996 9282 7664
5 1759 5475 9361 4796 7566
4 9330 900 7008 3954
4 504 5867 7595 4179
9 5126 3395 6200 5083 3062 4259 6873 9736 5585
5 5270 815 6806 1422 8701
7 5511 6797 7157 4088 4914 5074 4483
7 4467 6674 9769 3350 1389 734 3836
5 4825 1035 9150 7154 1481
8 2472 2795 7685 1697 7903 550 6057 8190
7 494 256 3543 4669 6472 1921 1491
8 1003 4199 3084 4089 8370 8171 2783 7185
3 4933 3248 4719
13 2957 6666 2814 1969 186 3927 2388 1625 6843 9424 7527 3241 9546
3 7569 7230 8955
6 6396 3277 7202 5201 2881 2609
4 7840 1030 5878 3976
5 8747 7123 2781 9730 9950
3 4373 6157 8413
6 5861 9300 244 9202 3985 6426
11 6570 9318 1094 899 3920 6785 2078 8733 7394 2960 5662
6 7413 8924 3275 8548 7166 9441
3 608 213 6315
4 8275 4622 1983 1864
7 4875 7513 691 7595 4277 5849 5046
2 1531 8240
6 6496 129 3644 5962 1463 6135
6 1474 7778 4330 7148 8283 8495
4 7338 116 8610 1652
9 4314 4147 1888 375 2404 7944 7377 9573 3015
5 1075 4489 8563 3145 3386
7 3613 9058 7903 7365 7097 8681 2828
7 6693 2926 7348 6363 5280 1036 1435
5 7305 4009 3796 9536 5400
11 2935 8864 59 2009 1412 9797 1771 4900 4188 5922 6355
6 4011 1588 7074 6076 4273 2589
11 274 6557 3110 6588 8490 4706 3309 6639 2897 7680 7820
3 8776 960 8276
7 1428 6865 5517 6505 8509 3667 8850
5 9307 6932 2381 4277 6331
3 3524 4254 8705
9 9472 6924 1004 6516 1136 1393 1037 3813 6909
4 5364 5026 9433 5087
7 5104 231 9239 2218 6977 8790 706
8 3263 8998 386 7984 5825 6102 9205 3415
8 2650 6363 8570 7040 6777 9227 846 6204
4 455 8364 3427 1961
10 6823 2729 4638 9369 5825 6916 8406 2715 383 2793
8 8225 2169 9381 5194 7909 2497 1074 2371
8 1765 1187 4391 5422 9518 7936 3341 9073
8 2433 9853 8227 7603 6306 1925 6297 7157
6 7190 2812 7879 2532 5349 3059
8 4214 3260 8786 4469 1694 2203 6034 653
9 1128 285 8245 4778 1644 9231 645 8553 6846
5 4417 3039 4478 3983 5652
3 5526 8308 9135
3 7110 7707 5770
3 3048 4311 4201
4 8376 2449 8773 3571
5 4761 2264 6517 6375 7478
6 7567 4532 1920 1829 1713 8770
5 8416 200 9697 5415 4646
6 2994 9496 9568 4695 9962 1228
4 6079 3014 536 781
4 4386 5467 1346 2307
8 3912 8667 4337 4082 7387 9123 4191 2207
0
8 6732 3897 3188 3870 5172 7229 4753 1438
2 8834 4611
9 4573 2891 2920 5714 6297 4711 2154 340 2293
8 26 8750 9475 3494 7500 2320 6125 1822
4 6496 1116 1511 2495
7 5104 7762 6126 8282 1804 4468 6387
6 1098 4291 5587 2712 70 3585
2 6934 6241
3 9499 8410 8343
7 2619 1642 9898 4994 6650 2821 3748
7 6808 9062 3705 4294 8596 2291 3413
5 7258 9801 3896 8011 8432
10 4657 7935 6598 1212 7366 9881 7497 2676 2697 5928
8 2216 4791 9218 1415 1296 3394 6790 8104
10 3296 5369 3697 908 978 3720 223 3271 9928 2281
4 2459 4547 5934 7215
4 6420 1437 7924 4825
7 1039 5384 5152 768 1977 1991 2962
5 4886 3734 2941 953 485
4 9266 4449 1673 491
5 1226 4903 3973 6466 5429
8 4228 9265 5417 6438 3878 2777 7811 6061
6 8743 6424 6207 5211 5349 4261
6 9144 5977 4006 5091 3695 8892
2 2308 53
6 8873 8543 452 563 7648 652
4 9419 7712 5548 6589
7 9529 9653 9608 2806 6589 3434 6830
8 6365 3342 9174 3509 425 4910 5081 9375
3 5683 5618 4633
4 1678 1155 3126 7441
6 4625 7537 5691 5036 4144 2929
5 3319 4559 9759 2770 2208
8 9700 2483 391 5114 6451 2490 2275 9825
8 1149 5632 6385 866 6951 8294 6255 8205
11 8711 3415 7 2893 2653 8565 7158 7802 5209 1323 983
8 9021 6053 1085 7239 4010 5954 4176 2169
2 9227 7758
11 1467 1201 351 2919 4262 7066 5640 8726 3052 2941 7653
7 5847 5016 8233 414 8899 7792 2263
6 7496 5785 7180 6234 8673 3715
1 5576
6 2253 4728 3308 7281 1876 5241
6 6997 78 185 8305 3933 7698
4 7256 5921 6115 4280
7 9411 2024 1863 6944 418 264 3304
6 1217 9911 514 703 7081 467
5 6963 4525 7796 2180 9999
7 5199 6833 8052 750 121 8341 3236
7 1934 8591 440 599 8833 7838 5032
5 6853 6705 9114 1665 8834
2 6580 1791
6 6633 4801 7311 7365 2423 937
4 5394 8099 2280 6366
6 4210 8710 341 5375 3253 6044
6 9293 8214 1003 7246 1889 6013
6 7080 166 4527 2653 1817 6209
9 9275 3742 3392 4565 3715 926 9071 8693 5217
8 2218 8790 9889 1791 4987 5329 5926 7400
6 768 6233 784 4141 2348 6131
6 5506 9855 3452 6609 1937 8899
5 5283 5077 6985 3238 3600
5 7139 3899 7066 7187 7876
5 9485 7874 7657 8509 8724
7 4028 9007 7225 7232 5960 7058 1534
7 134 2240 9896 5607 5075 6998 2089
2 8055 9027
4 6487 1421 7197 8578
4 9778 4345 1226 4430
6 2497 4768 5012 1414 5215 5257
3 6092 5880 7172
5 8639 7170 2647 5035 5903
12 4753 8085 1640 3673 7207 2843 1942 406 9840 1955 7759 9550
4 5085 7855 8380 5105
6 8297 8123 920 2621 1550 7524
5 7162 6993 7758 6729 2204
3 4795 2290 8423
9 181 3643 7891 7982 5039 2318 2087 936 761
6 2281 8463 9065 2349 8753 6654
4 6639 2043 9460 66
8 4550 2497 1307 2339 601 9803 9845 9470
7 3318 3233 2503 9732 3756 2765 9266
8 9961 1237 7046 340 1734 7432 9763 1927
3 1758 2786 3872
10 7469 916 725 3387 9815 8288 7269 6783 4808 7123
7 6347 4513 9954 8851 8391 4322 7527
9 3265 9144 8160 6921 7716 3914 4095 3701 8108
4 7289 9379 5326 8325
2 2322 2621
7 1137 4907 7272 9911 8201 9737 5105
4 4732 5932 9583 8690
6 6022 254 8697 6909 6969 396
7 9091 6194 8352 2955 4333 6571 5236
8 6024 3450 9102 5219 4227 6679 9385 7888
5 9816 4247 6790 1196 7788
11 792 7447 2750 2327 9535 1369 7012 104 4168 1727 1069
2 1661 4648
2 8908 3471
5 1036 8964 5523 9260 2914
6 3102 8006 9713 553 7211 7432
6 6415 3221 4172 6782 9603 2401
12 246 8814 3578 2059 5363 1633 8 9833 7187 6904 2841 3050
6 6328 7430 7707 6949 8333 9615
4 6397 6475 578 3115
7 3434 3608 5527 7822 356 4893 860
5 4278 6726 3166 2090 6399
5 8442 9428 1861 4333 4563
8 5749 2387 3357 3115 8158 5650 7712 107
7 6989 5425 1771 1948 6567 6043 4718
6 2736 7327 5234 2974 2570 2838
5 7182 4709 2045 6934 7946
4 829 6290 1804 4913
5 4465 6655 7648 3683 6801
7 685 43 5228 6896 1251 2262 34
10 2902 1080 9774 8876 1605 7492 4398 9771 4016 2262
6 3588 7068 6269 922 7550 7566
5 9576 3852 1904 3600 8335
8 6775 750 6619 8947 8827 3733 5473 7494
6 4661 8056 6609 6403 644 7983
4 3148 28 9176 2519
6 355 5288 3590 8577 4661 5616
5 3430 3899 17 8234 79
4 5655 746 805 4702
4 489 815 7120 1666
10 5662 9100 9177 8227 8024 5097 5740 5986 2722 2004
3 8334 2520 7831
4 3995 7638 6244 6313
5 2470 8875 8763 1831 2017
6 6844 4230 6482 2534 3068 5925
3 7950 9472 2673
4 35 8438 2940 9251
4 4742 8237 965 5185
7 193 5770 3402 8376 7082 4994 6484
5 1796 4087 329 2075 3664
5 1302 6251 7714 9848 8033
5 7859 979 8248 3795 6364
5 7197 2968 7467 6237 2662
8 4041 3218 8499 8057 6265 8537 3743 6950
5 8112 5587 2360 8500 730
9 7045 4208 8016 3691 8616 7752 8880 6217 4843
5 4362 5531 4093 2591 5947
2 918 5732
7 5270 6440 4966 2557 7674 4264 2585
3 2568 6403 8449
6 9447 3350 4918 4524 8720 2950
3 2724 905 2206
6 6028 5672 3737 6337 9648 6151
6 2073 2920 9747 387 4830 1442
6 5162 6462 8224 6126 9450 1961
6 2101 4422 5001 3058 4185 8012
9 8745 7814 1716 55 792 5750 9120 1111 9527
7 2794 3467 326 7 5490 9716 8991
10 4735 8632 7871 5384 601 9040 1697 6242 6211 2621
9 2792 6013 5441 9621 1541 3594 6254 295 1675
11 8431 544 2583 7989 1836 257 9396 32 2890 468 9114
7 7176 4820 1400 9683 8158 4794 1081
7 8380 159 7042 2812 8113 5210 5345
11 1663 8742 1702 4624 6299 4706 929 4518 4781 9076 7300
2 4835 719
6 6566 1106 1937 1382 6847 9365
2 5320 1437
6 1787 5129 9265 5508 618 3370
7 9796 3987 5824 668 9853 8751 3668
3 2526 6852 1651
4 3735 7185 8274 5863
5 4011 1812 2668 8922 9418
8 6572 1354 7440 8633 1245 1059 124 9197
4 8322 1426 7513 1709
3 8627 4127 7737
5 6270 8451 9137 1731 8170
4 6879 7856 8919 6639
5 7526 6939 2625 2797 5425
6 5330 1882 4259 5838 6425 7817
10 8677 2992 1219 8800 9268 2587 9748 8871 7231 5332
9 6279 5657 5321 7864 8879 6613 180 5585 8917
4 6627 9701 8611 9922
1 248
2 8189 9370
5 2571 7712 7327 4936 281
8 6961 195 4174 5735 6369 6773 5188 3145
5 5604 9062 2650 613 9887
5 1610 9896 1245 235 5658
6 4478 6290 1500 3846 7436 4860
7 3442 6868 5202 6872 1136 8340 1622
6 8863 4032 4911 3306 6166 4971
8 4550 1174 2542 4963 3255 7501 6071 6150
5 641 8832 1375 3969 2543
9 1671 4918 800 1848 7406 6845 7443 633 2605
3 827 5454 6880
6 7116 7717 5444 6306 5050 4356
2 450 6990
9 1049 3589 1546 8902 7357 7999 9547 8405 1296
7 3762 3407 5773 6705 4097 3241 2214
3 5479 9850 504
5 3869 5453 1281 9940 6774
3 6852 8284 6269
3 7531 716 2167
5 4320 1637 8804 3087 2750
10 3268 9239 2459 7110 3379 4727 6846 1900 3841 1002
5 3689 740 8893 1664 9840
6 8521 936 5496 9139 3460 2742
8 5998 7586 3232 469 4852 3160 4270 8629
7 156 2392 7244 928 2713 7454 9898
6 245 8701 5119 4123 7712 390
6 9333 8436 6696 2103 4417 9709
7 474 680 2885 6604 4269 8320 4725
8 8033 3929 3867 6951 8418 2456 7070 4834
6 6171 8438 893 8640 4849 509
4 3537 8046 9130 525
2 6292 6668
5 7257 482 9324 9703 1358
12 2501 7862 7282 5419 5922 7989 8922 3483 6294 5614 4885 1769
6 6278 7117 7939 3587 6439 4817
6 8566 4347 5280 2018 9207 2303
9 23 893 4292 8936 8725 1191 3732 9240 6895
4 700 6364 9355 6628
3 1497 5741 3347
6 8139 1801 2480 9042 3726 2566
11 204 8538 5681 577 7870 9566 4663 1933 7445 616 6574
3 235 9893 2351
4 5373 9300 8496 8173
5 9235 9991 2548 1635 8248
2 5482 7490
7 6956 8422 1450 9744 8818 1666 3687
6 559 1467 9762 9106 1940 6442
3 6193 6563 4346
7 9732 6757 2965 4387 1838 3287 6670
7 8733 6846 3713 1293 1521 9122 5546
9 5873 7453 9693 4542 3507 6800 2521 3185 4485
8 5234 930 8278 8458 4747 8308 659 7736
6 6785 596 6361 9155 8099 1377
2 9649 5209
6 4582 7929 1776 2514 9103 4280
4 9726 2884 2357 4230
7 1070 2328 4109 1637 6643 3631 5294
3 9407 7680 5063
5 477 5081 3762 1956 3289
7 3713 3891 4215 6619 7055 1728 1479
8 2023 9938 3285 5626 4734 34 1696 4718
5 1232 1857 4304 595 9918
5 8486 2589 7084 1303 8562
7 4722 5276 5640 8097 3421 3855 5613
7 8556 6714 438 7171 691 4052 6999
5 4072 1450 2874 4289 7231
11 1645 9672 8585 9706 6920 4129 3017 2846 8548 3031 4419
4 1897 7294 6802 6174
3 3822 4577 7208
1 8151
5 9226 259 1484 1755 3829
4 6058 5787 2795 9926
5 7303 2643 9736 5897 8858
3 7365 5384 1235
10 193 9208 3327 1249 4283 2676 159 6345 6639 524
7 5363 6487 9681 2004 7932 6597 3578
6 8334 4582 5956 3051 9741 4428
5 2487 5645 4925 5406 6729
8 1953 4974 538 4602 7559 2610 7659 5134
9 2509 1732 9404 5781 6113 8243 3691 6687 5613
3 7471 7058 7169
9 6755 6515 5625 4328 4362 8835 6982 4065 6388
8 6517 3264 6117 5623 7198 6021 8539 1083
4 1362 2755 6584 1234
7 8442 4819 1128 6681 8930 138 9479
3 119 3063 8135
10 9250 8338 2167 7481 9106 5906 8961 467 2383 1399
6 7353 7460 7051 7796 9319 3051
8 8969 2034 7944 1303 659 5582 5302 3003
3 341 7220 7994
5 7308 169 7720 4148 6285
9 8242 9662 8826 9058 9339 6524 2571 1614 9030
8 5823 2364 4486 6458 8394 29 5393 4005
6 2427 3213 9486 4953 4719 5526
6 7081 8519 8255 3524 1363 4921
6 7952 2022 7918 6520 4186 2739
8 6725 5431 3517 8512 4330 1078 3549 7218
11 6480 6789 4914 7296 414 3933 9711 4703 889 7599 9611
6 2495 8148 2475 2150 7454 8667
4 3416 9970 726 2940
6 272 5815 2679 2097 6056 1334
5 827 2643 2788 7199 3018
5 2231 4675 4587 3070 8335
0
8 2346 6783 9501 8499 7512 9442 6432 3168
5 1943 3066 3624 4785 7807
5 4279 9530 4029 1207 6757
5 179 5795 6925 2606 512
4 166 8317 9996 7532
10 4550 6065 8748 6365 4804 1662 8236 7569 1868 482
6 6400 9670 1948 2672 677 7271
7 6947 2369 2539 7433 219 1746 5377
6 5480 2502 769 9149 9672 7070
6 5272 3068 9766 4424 6130 579
6 4102 3854 8015 861 2372 3611
3 8058 6316 6269
12 2608 8243 7083 7548 9251 9576 4728 7622 4432 2350 7062 138
8 328 8946 9706 130 2463 3214 7580 2112
5 159 4481 6630 6020 1753
11 9510 737 71 5152 9931 8059 8064 3656 970 2969 406
4 1460 3721 4952 3208
6 4426 3037 1741 2771 3758 2918
6 7583 6507 2659 6265 5240 2679
3 1425 404 4081
4 4919 7763 3737 9810
7 310 7220 9832 1594 4176 3563 1868
8 8831 8000 7444 1854 4894 4227 4066 7415
3 427 3532 3095
13 700 7384 8939 5528 4167 6061 8317 7439 1878 9984 6974 2548 202
5 5688 4632 824 2218 87
7 7584 4231 4270 3557 6919 9769 9944
9 8691 6025 8351 4789 6178 9561 9768 2785 316
2 4295 5112
4 8081 3947 5756 6770
10 6157 977 7773 183 1775 3281 3509 4127 4078 1831
5 1324 7257 1707 8173 121
9 8036 509 2733 6853 5718 6305 9926 474 1876
7 8937 1908 59 5694 3668 449 3761
5 2587 9305 6798 6846 2327
6 7185 6822 8739 6683 8971 959
7 4456 6847 5947 1520 4492 1779 4654
8 1926 3212 5735 2121 6382 2594 9815 9223
7 3042 395 1380 4148 8798 5475 260
8 8640 4595 2169 3083 9340 2046 3768 2658
5 9862 949 5813 6140 2138
7 2360 9738 3545 2411 9575 4718 3097
4 1968 2867 3023 5841
7 887 7520 3517 5245 3794 9769 7404
8 2289 4734 2423 9146 6290 680 9447 5945
5 7347 7083 2777 2445 3091
7 4995 8225 9468 2938 4668 738 6221
6 3641 1939 6606 3581 7884 6791
5 6967 2063 4428 9294 2066
2 5136 100
9 9590 2083 33 5329 5834 6800 7526 7389 7407
5 5135 5957 7585 6776 2750
6 2480 4766 3148 6304 1653 4996
6 5486 4216 1196 690 7347 9000
8 7965 7564 4798 669 1848 5716 1492 1548
6 7444 6591 5338 8768 6600 258
6 2089 8369 7438 5325 9370 8818
3 6022 3130 4295
7 6874 9630 6680 7433 6663 7970 3789
2 114 2279
4 4321 9869 5588 5317
7 4839 234 1826 8788 1460 9102 108
6 6438 9844 3078 3565 2215 5238
7 4673 4927 2411 3281 3020 2209 9753
6 8355 9825 2514 355 1210 5646
7 8785 6328 2238 445 71 2452 6623
3 6446 7379 7742
5 9442 4115 8760 4428 1483
4 6513 4090 8718 3379
11 2814 4952 3826 3425 146 9443 8824 6381 6892 4187 5136
5 3143 7340 3475 4015 7962
6 2636 981 674 159 8878 4408
1 7082
6 1865 6833 3368 9842 8374 1468
4 1841 8682 5678 3137
7 7158 280 6177 7249 8898 1570 2222
8 7992 1916 7500 8142 8996 5685 3532 5499
5 7504 587 4796 460 9423
5 9665 7820 1125 9350 5635
2 3175 6459
5 5483 7487 3991 9107 2907
8 3861 8737 7147 5412 8797 4471 8942 6891
6 4637 6715 6302 6207 9415 2205
2 5075 4563
7 4586 745 3121 7247 4158 5740 8310
2 4683 9887
3 5907 9163 999
6 853 1052 7275 9537 4448 9791
8 2543 4702 1006 5759 3665 9831 6731 355
8 9054 7650 378 2446 3603 6167 4886 6250
7 6502 5995 3555 7123 366 6924 1823
8 4797 2637 2099 3690 9282 6348 4270 2095
5 880 8000 58 3849 2603
5 8445 9585 5203 2527 3519
3 3938 2885 7899
7 9833 630 4150 5578 2386 2920 110
4 7086 2143 7285 8841
8 9506 4821 4360 534 6176 623 841 2986
2 6214 1800
4 3361 6636 1672 1369
3 6339 1486 2965
5 3869 9105 4106 7926 7256
4 5855 5936 3198 5864
6 3951 7851 2223 6463 429 3418
8 2060 5759 354 9934 2303 6436 1816 1524
9 387 3352 4024 2092 3419 801 4133 8574 5861
9 9865 6349 1698 1370 4758 7819 8806 7731 7250
7 2477 9998 39 9213 4391 6068 3654
5 5253 888 6790 7649 2885
5 3768 3181 1281 7109 1544
6 9656 9322 8335 568 1506 3138
3 5085 7117 3734
2 3534 5227
2 5582 6061
8 7272 1332 2940 350 9862 9496 5598 16
2 4823 6418
9 2361 2628 7789 7270 6210 9537 6816 5015 7099
5 116 1518 4841 8762 1502
7 1415 3072 4032 9235 2335 3482 1428
13 2081 2961 7491 8249 8638 4819 1168 4535 519 4985 5716 4840 261
7 5528 2250 1677 7973 3979 9598 5616
7 9074 9218 6627 1921 3698 1312 6597
5 7167 1966 9284 3356 4572
9 5160 3983 362 5850 4940 9408 9093 5861 7075
5 4203 9135 8515 6254 4563
11 2631 9186 9919 3895 4718 9266 2414 8566 7430 6755 8176
3 6623 5536 479
10 3206 5729 3427 1273 551 8958 6270 3355 230 2742
7 5483 3904 7504 6475 2895 3890 2906
7 5525 1250 5239 1863 4742 2679 8928
8 7080 543 6138 5515 4816 7112 1540 243
5 1299 3258 2344 7785 6843
9 6989 5128 9845 2328 7764 4049 6901 1582 1954
9 5598 9947 9127 9451 8152 3927 6052 9435 8530
5 673 8906 6607 5371 7591
7 5990 8638 1836 9412 2790 1527 3260
7 8835 1136 9224 3627 3428 8945 2625
11 6817 5203 1896 1001 9345 6228 5554 44 3374 8672 8743
5 4492 5514 4231 7554 8376
4 2578 2385 1766 7387
5 4814 8796 2904 1220 8416
3 7550 7034 3083
9 1641 9718 7938 1307 7605 5484 2298 9052 3967
7 3458 6299 484 4254 2924 5985 4505
4 4476 9097 863 1672
9 572 2932 4115 972 7388 2769 6825 708 6312
5 3168 5442 2015 4946 3078
9 509 2078 532 2921 6374 8986 6382 1430 8228
2 6590 7072
7 8854 3041 1978 9448 9915 8447 5285
5 2086 8494 4649 7375 9477
7 8810 4081 3581 3905 5979 3264 4867
5 8656 5101 9038 1998 6110
6 3733 8257 2385 5253 2381 5634
6 8160 3304 7025 4426 9958 1635
5 147 8281 2985 7989 3069
10 3345 2489 1462 6078 6768 724 43 9393 8995 1124
4 3977 7998 4792 1121
9 682 1860 601 1026 5560 6234 60 1288 4455
6 6783 3579 1902 9626 7014 6410
7 4171 2962 7920 3277 260 3064 9100
10 9685 5267 2585 9225 1418 8088 4469 5436 1893 6306
11 6944 2380 7501 9322 4317 7778 6623 3194 3827 2551 1635
6 2288 505 1752 3632 3576 2456
7 9153 1229 9366 2838 2207 5885 1436
5 4516 9508 5702 8162 5398
8 3580 6745 450 9906 928 4087 1578 6770
7 8894 6418 8102 615 2154 3912 6809
5 9649 1663 2968 3498 9070
1 228
5 9250 7011 8309 4456 6929
7 3734 4199 2429 7353 6722 9333 9136
8 9532 613 2946 3526 227 4174 566 2435
5 89 5973 1140 315 3447
8 9959 6310 4799 5543 6685 1031 2964 655
9 5949 8773 4256 5648 424 162 3871 9930 960
5 4888 9424 8981 2560 7537
3 9041 2012 5712
3 5191 9446 6355
7 2740 9427 6633 6105 7794 4636 9878
5 3630 4006 8890 4816 7796
6 7175 6313 4575 1465 7998 5131
5 4667 772 9520 9368 9208
10 4119 8703 2535 9898 2548 5677 554 4187 5285 8648
5 2142 4704 2353 129 6572
3 3284 5976 4857
6 964 9284 9532 2121 2001 1750
12 909 6348 2610 540 32 8775 1218 1898 3535 7671 660 807
6 9372 707 6409 9284 1344 2536
6 9102 6600 5922 3367 1398 7971
3 1496 1922 2132
5 5256 4366 8555 6182 4173
9 227 2748 9956 3399 8175 8580 3588 2744 5532
5 3139 5572 5771 6512 9930
5 1726 2388 2387 5802 3737
5 7800 5419 5772 4188 3626
7 1775 1030 5202 1353 6669 1986 46
4 5706 844 3160 7653
6 5212 3007 4396 9837 5180 4361
5 7488 8700 9293 6284 5067
5 837 1291 9896 9491 204
5 1581 682 9446 1611 5587
7 6933 1800 7779 7428 3233 4513 959
3 1833 1100 2671
5 7514 8328 8824 8580 1197
5 5630 1690 3554 8559 416
8 1590 5543 3446 6266 1582 2511 6294 1333
6 3821 2980 1000 8464 313 5042
3 9450 6043 4687
6 1325 4144 9845 5049 4983 7678
7 5008 7257 5710 7496 9795 4627 5983
1 6719
6 1741 6437 4162 2449 9062 520
2 5499 9464
4 1474 6402 2997 1468
4 7300 4617 7180 3033
6 9353 969 3116 2476 503 7952
7 616 7775 9446 6851 381 8725 6247
3 1996 7835 4336
1 8408
7 2993 9975 2085 8405 4494 5019 5149
4 1925 6491 453 8625
6 3711 9584 8278 3284 2604 2820
3 80 4375 8411
3 8690 7025 1354
8 8984 2216 1035 2760 2395 9047 2975 5258
7 3 535 4718 5773 6981 3401 9307
8 4109 9459 5596 1409 7932 5168 471 3616
4 3199 8772 8971 1169
9 580 8659 1362 8877 4051 8833 4041 1655 3947
9 3294 6364 7265 5717 7068 9280 853 5240 1769
8 5104 3285 1064 9541 4509 9217 4856 7531
8 2281 5169 6283 3798 5864 263 334 6122
6 6412 6097 231 6743 197 7799
6 4023 4703 9318 2067 9044 6163
6 3288 6058 1743 6337 4508 4706
6 6751 9930 6320 9872 1845 928
5 4117 9249 3120 9050 2842
9 7187 3432 7149 6069 6362 907 8216 321 5714
6 877 8497 6383 8377 8399 7350
7 7471 415 2252 3355 4127 3981 6552
6 7505 387 3218 8153 8621 9302
3 2292 7736 4525
6 3707 1875 6910 4188 2746 4737
6 5182 5486 6027 4384 1230 2540
8 3069 1926 4847 7934 1676 5515 4072 2923
3 5430 2307 6453
9 7871 7954 1600 1143 2469 2182 4819 8340 4958
5 25 8668 3506 2525 1781
7 3410 9689 9327 6543 9713 9031 5621
9 6669 5617 1846 1061 6820 9592 7505 4118 4825
3 9268 9638 8254
6 3002 3568 5035 9649 1462 8772
6 5724 6175 1194 6136 119 6194
3 6923 6110 1179
8 5415 6688 8146 6026 7406 6554 2167 911
2 7330 4239
3 9155 4853 3422
7 4803 5023 3032 7899 8762 4546 5875
3 7148 8232 5221
7 8762 8621 8418 9923 2517 1877 845
5 5389 3857 742 5503 2082
11 9595 3540 6291 6499 4593 4754 4027 3340 1455 8035 2869
3 3293 6854 6907
7 3354 7736 6850 3640 6729 1073 7450
5 6902 9856 2641 9312 5483
7 5939 8135 3841 1332 1513 7043 9215
9 6950 6672 4578 4685 1581 6092 252 5551 7332
3 3851 4711 7252
5 1199 7587 2188 8370 5152
5 6734 992 4074 8518 8618
7 5158 9350 8900 5733 94 3557 3085
5 9424 9370 164 5677 5305
5 6385 4626 7472 9947 2236
6 8813 6370 1617 5216 9240 9963
6 8964 6644 4707 5658 2044 3025
6 3251 8175 3151 5686 7399 7974
1 9745
8 7805 8954 5633 380 1067 9873 4060 2354
9 1749 8911 6280 9935 5057 9319 6494 2571 8329
2 9728 3315
11 6125 3772 9857 1875 8920 187 8078 5161 324 3452 4370
4 149 7326 4346 971
7 3050 8031 369 8281 594 4136 7688
5 4461 5358 7708 5973 884
8 427 7945 6513 3473 1710 3587 174 2939
7 2094 8549 8072 6313 8634 4795 4166
6 9697 7403 1 4538 7717 4400
5 366 2362 4292 7825 352
7 9177 2389 116 2960 8730 9360 5095
9 8092 9292 2912 6456 5493 6896 6738 1651 2104
6 9041 9660 5404 2936 8752 3642
9 2061 4184 9897 9870 7518 3638 7730 8393 328
10 802 685 4105 2329 6559 5016 80 4390 157 8492
4 696 9633 8208 1822
8 3164 2778 9701 9885 1196 5009 6088 4312
4 5736 8962 925 7308
8 4356 6675 1871 7957 4915 1248 5904 6705
8 2028 2741 5468 2094 7521 6427 1905 4087
5 7126 1309 5698 8276 3534
4 8442 7078 5773 2147
3 8553 1256 7628
3 4095 1355 651
2 9041 5840
5 1258 6349 9654 5660 499
7 4593 4478 3577 7496 8821 4203 47
5 4127 818 813 1818 6478
0
3 5705 5818 8105
10 9756 2259 2842 962 7365 8041 8115 4155 1388 4940
10 5341 2722 3956 51 8390 3125 1834 5905 1710 1271
3 9924 1608 7799
7 1223 9234 1033 9125 7083 7499 4499
7 7042 5645 5613 4376 1388 3374 2689
4 5963 8436 2494 9189
3 4596 2702 3425
6 4313 484 7684 5342 7265 7808
5 9937 2468 2532 5526 8026
8 6545 586 8120 6965 4654 8762 2833 2587
9 9473 786 4376 2205 4605 2333 5653 6895 356
8 8773 2438 7019 2222 2141 7424 8070 4074
3 2200 1142 7338
8 6854 5803 9163 2215 8096 1232 1992 7242
6 3841 4065 5380 6563 5444 5244
3 7377 6723 6690
8 9413 4289 2586 8448 9556 508 8301 7928
4 1245 7654 3523 3994
8 1220 7764 4752 8016 17 1850 7967 8458
8 3199 1813 5568 2109 2572 8586 574 6563
2 8634 4324
7 198 5323 4505 59 2695 2159 9783
8 8154 4616 7856 1066 1244 4385 3950 6540
7 7982 6762 8743 2826 8281 273 5905
2 8293 6865
4 8928 485 7831 6761
2 3054 2504
4 8777 9451 3293 5468
5 2626 6055 3058 4243 6030
5 71 5554 5548 2363 9825
7 687 486 8544 4488 2414 3311 1258
9 2618 4353 4949 616 1999 5414 9910 1816 549
7 5496 2243 2901 7890 1810 1528 3074
3 2727 9520 3419
4 285 4051 4176 5496
6 7527 3558 4706 8614 6112 9174
9 2839 4096 9447 6585 6578 4919 686 1329 9081
1 7541
4 2230 445 7702 1489
9 3847 1668 1265 6124 8671 1589 1505 2655 121
7 24 9117 9292 8395 9977 8219 5746
3 4054 9703 5287
4 1049 8021 4446 869
6 392 9973 1262 2595 1484 4374
4 9745 3908 6152 9205
8 2589 9627 8139 4309 3083 301 9465 1624
10 9141 1447 5006 7114 8778 6788 2165 9661 9447 1542
6 2009 9881 2069 1008 3368 5988
3 8525 8981 9165
12 5926 2250 1275 7151 7839 8946 9747 232 3555 8482 2953 2986
4 7499 3297 8956 9944
4 4197 3350 4069 2416
6 5681 5167 3108 6985 2097 3145
3 2879 3154 4274
5 1998 513 1298 3713 3625
6 924 9999 5855 6044 2867 8556
4 3158 1879 6730 4444
9 7776 6074 2463 1420 9802 8158 2037 8038 2877
2 6390 9883
7 6373 3560 1763 4812 9999 1272 4515
5 966 1988 1631 4629 4754
5 9874 3186 3259 3614 1124
3 6032 3153 9114
5 5107 6744 1789 7535 2569
5 9847 2655 185 9908 8238
9 6833 1216 3282 9078 4860 2412 805 6581 469
4 3975 2525 6877 5998
4 8569 5645 7344 8229
6 6208 60 8521 2137 39 5484
1 1529
8 9205 717 9955 3304 7264 2358 4913 8101
4 6439 1023 7109 4376
13 3077 4963 219 221 7365 8489 8141 3458 3302 1133 121 2686 5864
7 2107 530 1137 8294 8142 6183 6987
3 9364 2825 1852
2 8782 7194
7 8541 7635 2422 2683 9671 4660 4526
9 605 7769 2610 9832 2484 662 7929 8877 1163
5 8255 1536 1753 4097 3505
6 8934 1517 3262 6470 3374 1124
11 6947 4621 3878 9383 9570 4183 505 7689 4336 7768 1315
5 4552 8368 319 4952 4418
10 8257 4820 5370 4271 5688 7009 863 7366 1392 2262
5 3203 271 4134 3791 3999
5 3416 1022 9915 3805 70
2 9058 421
6 849 5142 2722 5956 4745 6771
6 5648 9811 5356 2673 9354 1269
5 1633 5057 2573 7436 1033
6 1702 3949 3348 1363 7850 2230
4 699 8146 9760 4091
3 2352 3351 2155
3 7779 8788 934
5 7767 4127 8232 7406 8143
6 5844 1329 902 6556 5058 458
8 5573 688 2893 7259 575 4901 4026 3901
8 4617 6763 9279 3677 6073 9880 8875 8523
5 8377 302 5246 6821 405
7 9114 8999 1900 281 5830 9485 5234
3 4054 7152 4177
4 4438 6016 7976 4884
4 8093 1568 5947 2332
3 8898 3517 1576
12 1477 2246 6757 1001 4375 1195 5695 5617 24 2016 509 396
2 9875 5898
4 3878 6511 1533 2165
5 1053 8780 3577 5282 1564
9 6397 8952 4925 3919 4905 3514 4736 4855 8232
7 6723 7269 6602 876 6000 9552 3185
3 1865 9529 2623
10 8880 1703 8866 6228 8111 2669 7560 7609 132 7224
6 6974 1851 8151 3882 3823 6986
2 8463 5047
11 6247 3079 5570 8829 8222 8856 7140 2318 5941 1931 9154
5 577 2465 2282 4276 5147
5 5295 9407 2857 1697 9156
6 9509 4991 1222 3321 6156 8992
9 6082 8977 4654 4322 4938 557 5261 6744 3531
10 1572 3283 2785 9313 2581 9902 5962 4316 983 7005
6 6674 4345 1974 4897 3323 7324
6 3028 5798 3541 6633 3481 6052
8 1971 7590 6035 4859 9409 7320 5748 6666
4 3187 3498 2267 5297
5 6675 2573 3163 3050 6951
7 9269 6652 4466 6368 6934 3045 7401
5 2748 2234 174 901 3490
6 4183 8812 6223 7228 8179 718
4 8458 9671 9400 7376
8 6643 8506 8053 295 4483 1905 7310 9330
6 3022 5847 7818 8680 8684 598
4 1008 1124 7712 7656
4 3407 8036 174 6558
1 6734
7 9859 1904 5831 3850 6144 1934 8905
8 152 5009 2022 4274 9934 8482 6110 1627
8 8984 1632 8874 1869 5027 8815 3112 756
9 5055 5265 6577 4335 2996 1702 1823 512 3279
6 2128 6234 4194 2499 5187 8129
5 3677 4047 3657 4475 2802
8 1347 8292 3519 6211 7418 4443 4504 4093
7 3969 6493 8108 7992 2487 9950 3909
6 4030 4832 1278 5260 1639 4650
5 3918 9249 3236 3311 3060
7 1905 1213 5555 748 7168 9661 5199
4 3943 949 7707 4356
7 9025 4380 7445 5054 1352 2079 9540
6 9188 9422 1090 1367 6473 8782
12 2383 1708 2839 3893 8310 9688 5460 2164 3979 7461 2991 5625
8 5888 877 23 480 969 1476 5471 5592
4 5730 8831 6988 2022
3 3675 6373 390
2 1107 7306
4 1677 9268 7553 8855
6 9835 6128 1311 7066 542 3390
2 3579 2604
11 3744 8485 3755 1927 7563 9001 2725 3688 2390 8114 2270
6 5937 8218 9046 6883 787 6245
6 1541 6180 7474 7460 1202 5245
5 4448 421 1229 1646 3385
5 9463 5322 419 8198 8231
6 9617 2698 1983 8235 1265 6376
7 6469 1326 626 1678 3570 8875 6671
12 1198 3596 212 6905 914 256 2111 9580 2654 9080 9765 688
9 4975 436 3838 5145 2578 1465 4230 9048 3739
7 6793 7644 4735 5057 5394 128 56
5 8498 8291 9724 6142 675
1 4729
7 1922 6028 8070 3860 831 8100 3115
8 7004 8676 1173 3604 2341 2394 5658 2066
7 3405 6427 3149 4112 9134 1183 7404
8 7291 2773 7875 4423 4172 1501 984 7719
4 961 997 1865 3621
6 8738 1625 4195 7662 7891 2353
7 3401 5218 8677 378 318 2527 591
7 1616 1765 5980 8516 1671 9090 6663
10 3363 2833 7087 973 9845 1086 5991 9366 5921 1930
5 5971 1645 9908 6149 953
4 7605 2042 7975 5782
5 3568 4710 2325 3172 6774
8 9798 5582 370 7765 6584 336 5542 826
8 9460 2000 8076 360 2320 4998 4441 8290
3 1134 7694 2651
5 8784 9194 9167 25 6913
6 4584 2676 674 6142 8538 2618
4 7869 6876 2918 3316
5 7273 4193 6719 848 4740
7 9825 1178 6737 4593 3026 9708 9675
7 1267 3028 3265 5537 2077 8051 7743
7 9306 9568 9271 9526 5355 1185 5105
6 9943 5255 589 3770 2882 6794
4 7297 7854 3180 9604
6 4286 7411 5817 6182 6388 3841
6 6511 7513 5437 1033 5787 9643
7 2992 9929 5025 953 1531 3238 491
4 5943 7313 1140 9117
9 1229 187 9229 3050 5671 6842 2620 2564 9214
6 8804 1333 2023 8879 3059 439
4 6480 7756 6437 8449
2 2762 9150
3 5344 4456 9123
11 4374 126 6520 3161 5287 6062 7190 5230 1916 1109 5039
4 5408 4670 6843 3816
10 2745 7563 8193 7385 5912 4217 2103 2668 9537 7185
8 1999 3955 4760 1235 1253 4345 6119 7389
9 5626 6997 7471 4956 3573 7900 1794 5703 6251
5 6854 3693 1616 9768 2378
9 8595 3717 3882 4438 5257 2053 4879 1622 4270
5 486 6488 6940 6544 9897
4 4079 7530 1590 6224
6 7812 5633 9573 9347 8638 5862
7 4333 5258 2434 8282 2824 9447 7412
8 5471 8574 7043 2550 5215 5967 1315 46
10 4288 6606 4112 819 5012 9042 9969 4998 9039 8711
6 5584 6879 4883 9341 5272 9986
8 5593 9852 9265 5215 7626 4872 3129 5067
3 7330 9723 3096
6 439 6767 4208 8497 8854 5665
6 8738 6866 6717 8635 5351 930
10 464 1855 2734 9909 7583 5723 9 918 7533 3687
6 4818 1758 687 9317 3512 8175
10 2397 1681 4230 9679 3973 2701 5459 6216 3204 8209
7 5715 7337 2011 4336 617 5762 1072
8 8667 6054 5843 9465 9907 8004 2336 8270
3 1079 332 8444
2 364 1084
5 4844 7034 864 7040 4335
8 5530 3066 3836 4846 371 8557 3304 2092
5 6451 868 2284 3983 5199
10 3936 7222 2248 2841 450 359 2478 1315 4280 4946
10 4024 2228 4608 4019 9403 8533 1847 8721 5134 6653
3 1812 4643 7002
7 797 354 2052 9047 2157 7237 9286
6 6867 955 7152 2504 2313 9978
4 2461 6904 9681 375
2 6985 1844
7 141 3989 458 8008 2792 7449 2271
5 2302 9694 5696 8570 4935
4 6809 6760 1199 9690
5 4431 251 5909 8835 8105
12 4621 8007 5579 8814 9783 6891 2738 2050 2519 6156 8291 9535
3 755 4188 960
6 5234 5269 4334 3208 5564 2135
3 9126 4006 2467
7 9783 5780 2108 7988 2993 9638 8702
9 6193 9263 8399 3805 8638 5611 6513 2205 4904
7 2298 4958 4518 3807 4501 9540 6682
2 9181 9539
5 9595 1548 6593 4042 4021
4 8822 2265 6826 9243
7 6456 4447 4303 1751 6217 987 3352
6 4806 7144 3041 1140 8248 5615
6 7802 8179 1133 1934 2852 8706
5 2183 4107 1133 5352 7968
6 2535 9412 7516 5757 1794 9667
1 6507
7 9891 752 1250 8809 5249 9024 8457
4 6955 3918 7928 4806
5 4968 8178 2467 5416 7044
7 7091 6814 2480 560 3357 4337 8514
5 7424 9954 2110 6371 7295
7 866 7795 1167 8288 6950 7643 6579
9 5268 5771 1354 3797 7404 6832 9040 5596 854
3 2644 2211 7919
7 8024 6728 3624 331 7784 5897 9389
9 7376 9374 9505 7309 7812 3904 886 4142 3830
4 7648 2535 914 5245
4 3354 4547 6436 3091
3 2301 5409 5490
5 9672 5190 7623 3776 7404
3 4651 50 8375
9 9171 7886 934 5986 7546 227 7624 1734 4825
2 6259 9245
6 3935 7059 6145 9918 2079 4981
3 3310 2503 4342
7 8260 5145 8034 940 3171 6640 6158
7 4708 606 2869 7351 4962 6749 4250
3 7843 2549 9933
5 5105 52 2669 37 2953
6 2296 8368 8834 7762 8425 1843
7 5225 388 3626 252 9843 9719 7655
4 8820 3451 8655 5313
6 6630 1210 6860 6872 5701 8328
7 3616 7019 1616 3339 8377 6281 7466
4 7311 216 519 5525
3 3584 20 7590
6 1912 3661 2966 3334 2915 5799
2 5092 6099
10 3635 3371 6786 7039 7089 7309 5842 3645 3016 7407
3 5636 3630 8578
6 524 5561 5266 6126 3881 137
9 5002 9356 660 8240 7606 7577 5853 9033 9656
6 2235 3249 4927 8231 1569 922
9 6390 588 823 2913 2614 8314 6163 8669 9557
4 6130 7748 7407 6089
7 5402 7119 2198 8920 3095 185 6863
4 2547 6030 4594 7352
1 4062
5 540 4821 5697 2167 7802
10 4831 9809 1968 2511 501 9432 8552 1234 4166 4217
10 9530 262 4475 5923 9831 5186 8382 5945 8448 3349
11 7357 9938 6437 316 6427 9627 6921 2946 2999 1215 9059
4 3794 4193 7278 2344
7 7836 652 3035 8694 9970 9990 3222
4 5594 3110 5421 7708
1 8102
4 2849 8511 1826 8717
6 9516 9607 3652 9893 7214 9960
4 9695 9288 1317 4418
3 3185 1715 97
11 7242 6798 9984 4958 3352 9099 8384 5028 215 1729 6185
4 799 7560 4716 4886
7 5978 2523 2584 7945 9168 1101 2488
7 8020 368 3847 7920 9611 7194 8971
8 6821 4841 7283 5402 2964 7933 5105 1377
10 3798 357 4189 6380 8929 6789 7445 8015 4859 1687
6 1002 820 448 9838 5661 1637
8 1404 2068 5624 6727 3608 7855 8009 1756
6 4630 1733 7446 5441 2915 244
8 6108 7020 5575 2048 6348 2502 5224 7516
7 8180 4437 2207 4193 8891 648 8583
6 4134 2067 2526 1090 1218 9734
3 3897 1718 6322
7 1880 6077 1148 3128 137 502 8714
11 3963 8062 1292 3013 9156 840 1288 3281 1444 8664 4341
5 6248 7130 578 4224 6685
5 3888 2949 9504 3194 6917
9 3267 704 120 540 513 7189 8086 5638 9439
9 8085 7256 8438 9323 5821 7264 1420 6374 8843
5 4636 8595 3291 6730 6305
1 7476
10 7914 8159 6503 7608 1264 1686 4729 3649 6449 9875
6 8457 9127 5535 171 2944 7422
8 7586 9214 9314 7495 158 9618 9950 5207
5 6520 2985 1483 863 930
7 4861 9137 9402 8976 270 4852 8484
8 8681 9252 1271 7423 4923 6851 1676 1041
9 3175 3410 853 7252 8661 7039 5497 9701 9891
8 4511 8745 9119 8667 1232 2532 1096 5523
7 8758 5491 2207 9475 3393 951 7995
5 9240 2088 2632 2174 6928
6 1205 8231 647 8346 1640 2517
5 4530 3436 705 5023 7855
7 6428 7987 8698 7556 1665 9168 1089
4 7646 6988 7662 7331
2 6483 3086
9 7697 4412 6493 5719 3338 3228 8633 688 5656
14 2742 8615 2236 13 7705 1554 7065 9985 4125 8613 2894 9611 4054 194
6 3673 3082 8691 6076 1108 3386
8 3089 9555 9122 6735 6965 9399 9430 7443
4 2970 3074 5013 4161
6 8169 6791 990 3811 3950 8611
4 8360 8347 149 5918
7 326 2130 3516 413 4912 9441 7858
8 6301 3626 6965 4764 7989 2647 4167 6912
6 6427 3746 4863 1501 1841 9039
9 301 1363 7954 3208 2853 3663 5479 9907 3677
10 2756 480 2350 5514 8977 3811 6909 9591 2445 3115
5 7672 1175 2832 6435 8147
9 4083 8937 6451 4080 6793 3618 2761 7614 7186
5 9180 9419 1876 7610 1786
5 375 8315 6045 3968 5824
7 6802 8011 8433 934 9467 2266 4902
5 4641 9432 174 60 2794
3 359 4471 2161
3 7465 3394 9102
3 7161 6542 1819
4 1070 5313 8951 4024
2 8317 6668
6 2270 7583 2757 6313 2702 973
3 6537 7348 7022
7 5189 5629 9390 62 2234 7969 1659
6 6430 5860 5122 2229 3012 6978
2 3400 6760
2 7762 9099
2 1081 6039
5 2189 9980 3710 3768 6163
10 8667 7217 2745 2320 3548 7101 5520 686 9641 1446
9 4971 9135 9063 1206 9934 6042 5479 796 5848
12 4220 5096 2411 7306 9528 9159 6385 8874 9940 386 4578 3767
6 1217 6873 3776 8951 741 2933
5 744 2289 3793 9294 4584
9 2605 8434 7999 7870 505 9748 1582 5552 8563
8 7266 8020 3293 7704 5659 7574 6199 7244
6 4888 6784 1204 5220 1269 5384
6 3514 9927 9698 5747 9072 3150
4 3646 4140 541 2509
5 3590 2023 8904 2416 1556
4 5213 8812 956 8584
4 4831 5628 622 3965
11 6775 661 7303 8445 5318 6076 1355 2065 3403 7371 393
4 8247 9380 86 2031
5 9029 4967 6597 2468 2269
2 3495 2924
7 2390 6491 6714 329 3286 4547 1386
9 5591 4034 3585 3511 2057 7858 1591 3118 1035
8 9858 8109 5245 7777 5518 3059 4786 5614
2 1710 6161
4 710 2191 324 7145
6 1601 3103 6625 5247 3520 5456
5 8720 9972 2365 2875 9652
3 6011 440 3086
7 5507 7360 4310 6607 4864 1596 1866
4 6373 124 7049 2321
5 3519 4357 7967 1594 6467
5 496 8130 7068 9177 814
6 4356 3943 6316 8366 1502 5858
6 1475 8204 6931 9448 3215 7760
7 4810 2518 4553 1746 9468 3847 7959
4 6179 3187 5702 9697
12 2970 1594 9070 6804 5152 496 1463 8316 5625 5643 2141 1524
5 817 5814 4885 8846 3214
9 9493 3833 9308 1943 1292 2718 8623 5622 732
10 2600 3834 1295 4068 4345 9674 8837 3657 9141 7711
8 1428 2257 2440 2112 1822 3519 5965 6225
8 3617 4975 7286 9396 6767 6161 4088 566
3 9887 9443 7076
9 6124 8305 1527 3957 5712 1405 7751 7233 56
6 4177 9388 3562 7665 6167 6228
8 7512 1187 8000 9785 41 9967 5036 8142
7 9574 5692 1681 4382 6165 7360 7448
10 4357 1257 2285 5910 9483 3728 3538 4699 2402 889
5 2458 8140 9504 3657 2111
8 1195 1818 6865 1752 6405 9802 3030 3772
2 5873 8684
4 7640 7499 2938 1567
9 5846 5976 9400 5722 2286 3370 3653 3644 1701
4 6430 9295 369 8450
9 498 1568 5820 9550 9666 4040 4231 4596 476
6 8124 5571 4768 9337 2431 8447
6 8982 3517 638 7654 5582 7960
5 3823 7271 9868 8265 2535
6 5130 6195 9435 3587 2307 8991
4 8074 2774 9159 5487
4 6477 3011 5006 16
12 3796 1369 5187 3809 1604 4648 8245 5723 1707 5452 4135 7482
6 5900 4007 9462 4178 4059 2612
7 7834 3784 2454 5431 8315 2956 2803
5 9754 7623 9990 5542 9040
4 4749 4394 783 9405
6 986 9365 4009 1172 9467 7968
6 736 572 277 477 8688 5460
9 3579 124 2713 475 9192 1124 8335 2540 1425
4 6826 9161 2163 7900
8 3382 7423 898 9205 19 7362 2149 5524
5 4236 8235 4876 4742 5465
10 2124 2572 3328 5085 5081 3370 6960 9345 2234 3587
9 461 8305 1960 8451 2393 1804 439 5272 712
6 5308 5807 7228 557 915 1266
5 4769 6591 9353 5085 1546
5 9298 9935 1858 4366 4061
2 430 1740
10 4623 4503 636 9407 5067 2441 9503 296 2753 5305
5 4876 4022 2084 8249 1313
6 8351 6957 6528 1828 4434 8037
6 869 6103 6638 6143 2115 6457
3 449 3450 2864
7 6618 8418 4066 5418 3387 5131 9462
3 2840 2029 4829
9 5530 3014 8755 1587 7256 348 8316 139 667
7 7997 2780 6289 5816 8496 9460 2898
5 5025 3948 773 6057 5926
1 3437
10 5164 1152 9214 6164 6503 5286 4687 7842 5800 5567
7 1346 590 4940 6025 2485 2664 1188
5 7364 415 9764 9974 2306
7 2655 1899 8700 4476 6122 5854 8561
7 6865 3044 642 3844 4483 4367 955
2 7432 3729
13 9840 4788 1504 1785 4914 1884 9075 6835 4019 6586 5277 4699 8849
2 2727 8447
4 9067 6782 2124 7502
5 639 547 5651 5033 7250
6 4669 2082 1232 4098 7341 6108
3 9406 2651 9726
8 4092 6362 4400 5531 3916 35 4229 4018
6 4525 4956 3166 2491 4076 9934
6 755 4812 7138 6800 6835 680
6 9121 7721 768 3794 4670 5364
6 1020 9192 6628 3607 9203 5348
3 3145 7416 859
5 5036 4419 4236 6700 8325
7 2878 5904 4599 3286 2868 393 2116
9 921 9868 800 9425 6530 7081 4933 1867 660
7 3720 7933 1096 2698 9997 2681 8378
5 3903 2189 2496 4996 7253
4 3438 777 7621 2336
2 1060 8871
6 2307 5431 5158 6579 5940 9208
6 6280 7193 5488 3715 9764 2655
9 164 406 2939 7494 3998 8841 8206 1482 992
2 525 9160
4 3733 6200 7320 115
4 7180 5014 5334 7612
8 3920 489 669 5873 7674 7218 4806 8873
4 4576 224 6837 2858
4 4708 5912 4658 9662
10 6512 8797 6677 9463 4272 3652 7058 3996 7220 5186
2 3699 4237
8 9314 5897 8466 7549 9406 9482 967 5265
6 4549 1612 5750 1606 351 1727
5 9897 9489 2855 9885 8413
13 9763 3076 598 8463 9774 5208 3723 7859 5269 9727 2758 8851 4741
10 3094 4215 2659 996 8570 5661 673 2201 3034 1620
6 5605 2805 5561 7818 174 1730
2 7829 1519
5 8038 8519 2943 2787 3117
3 6909 2129 6111
6 6731 8684 5629 2285 3395 5334
3 814 4762 7475
6 6091 8587 4333 7472 8791 5146
5 2698 313 1889 1499 8731
4 5045 6779 712 2778
6 3387 9435 6427 4409 7349 7380
6 767 4276 786 8668 4514 8014
8 8780 3948 3586 688 9776 2216 1825 5786
7 9150 6441 653 1556 7285 7452 4306
3 5000 7843 2650
5 7433 6691 4098 5183 2079
7 964 879 9713 9424 5545 7260 5918
4 342 5233 6276 7888
2 388 916
7 4834 6046 1245 6708 5165 9864 2515
1 8700
7 8689 664 53 3387 7484 9353 7568
2 2086 2722
8 7937 9431 407 1931 1383 2340 5068 4754
5 7901 6584 7725 1973 2940
5 7899 4888 4370 9736 634
8 5423 9547 7975 8605 975 1420 6992 9975
3 6103 6137 2956
6 9410 2833 4045 470 6214 2877
3 1416 2306 163
7 7317 9328 7513 6713 8741 9656 697
8 1644 832 1127 8595 2137 291 8884 9287
5 894 7883 4599 5412 9486
3 5396 5645 3610
9 5698 3032 6223 4051 3607 2158 1263 5002 2962
5 5788 9904 5468 1265 5336
10 9075 8275 6222 828 6301 8725 3960 6341 3421 4689
2 9567 8678
6 3204 4748 5499 5437 3654 3846
4 5615 5998 1938 9542
9 512 2279 7026 1477 7962 9077 9915 9193 935
6 9032 3934 7158 8462 4564 8838
8 2006 5598 266 9222 548 3611 3500 1965
4 8535 843 1976 7118
4 1984 459 5503 7081
5 2180 9449 4166 9981 2462
3 7181 9348 7854
7 9746 9530 8933 2205 9818 7853 2083
7 113 6216 4095 5930 8046 6051 8513
9 9290 6748 3968 760 9369 869 427 8666 4446
8 1631 335 3668 5302 8710 4661 1437 7481
4 1034 6962 5027 1300
5 962 5406 1916 15 6455
5 7483 851 6342 6332 9413
3 3893 118 6275
4 1836 6729 7170 2981
5 1309 9154 8000 6504 273
9 447 8268 2252 2435 7756 5020 9785 8903 3315
6 1407 4720 8515 8189 9306 819
7 5302 3612 774 9553 3812 2569 1291
5 3533 5772 3709 2966 307
7 1830 8836 5794 2776 4989 4565 9843
6 3666 4909 1029 2607 3829 7308
5 1579 3493 5063 2071 8766
8 3546 8861 6188 7570 1511 7881 6371 3155
7 7194 9887 4916 1748 7993 6261 405
4 9254 9379 7894 7385
6 17 3902 7078 7731 9198 2095
8 5234 1461 9606 7178 7325 5952 2242 1673
8 4957 6101 6492 8621 6126 5518 1245 5311
7 9406 8903 7180 7555 1644 9770 5870
7 1587 3476 5687 5274 5771 3316 4666
2 8478 361
5 3822 6354 7266 3477 1979
6 4542 6615 9283 8372 2504 692
4 3666 8029 7817 5228
12 138 5200 7141 8004 5255 8248 9336 9064 291 6174 462 8907
10 6692 9201 5833 4007 1768 3588 1392 3582 217 9857
9 4759 238 3793 1875 8135 9067 6250 5189 5076
5 7224 2615 7646 6776 9935
6 1307 6478 860 8036 7540 1477
1 6958
4 8396 815 1484 3433
8 1180 4093 391 5383 4441 7027 9987 9192
3 579 7093 4769
3 9943 8407 9823
4 6784 2042 7455 7590
5 3130 111 6474 1474 4957
6 3807 5538 4317 2887 1570 4067
6 3662 9127 4446 3343 5214 5925
4 8951 5120 1166 3951
3 735 7062 7029
9 2992 1711 6730 1633 8464 1030 7279 7411 4744
2 1223 3085
5 6222 6617 7753 96 4919
9 6132 6782 6676 7773 1537 3796 1070 4664 2889
6 7236 2511 6077 7724 3496 7607
7 6979 7248 6277 7783 6621 1040 5739
1 7117
5 4920 3643 8704 4832 7355
3 701 3644 1373
3 7795 8650 2324
7 9438 3458 5140 9937 5005 55 2581
3 740 5128 9703
6 1990 3395 657 9995 5313 8090
5 5794 7191 2239 4996 200
5 9792 6486 8774 1998 280
8 7377 3246 5263 4451 24 3189 3423 2839
6 2100 1405 2189 5416 9275 8585
5 4458 121 2152 4472 798
5 2048 9503 2430 3698 4056
11 9760 6148 5972 7561 197 9566 4778 4975 7108 4567 9839
8 374 9595 1121 1592 2823 1080 3772 4910
10 7458 9427 3271 6253 3544 474 6373 3639 7339 7715
8 2095 8725 5729 6149 1530 4630 9792 8778
5 7202 9008 3015 5448 1088
10 475 3365 1505 5366 1614 7662 5731 879 6607 2126
6 1734 2275 2181 3191 587 3970
10 8264 6047 7046 4674 5067 2757 2317 4967 1579 4357
7 8798 4399 1429 1371 7744 7018 1113
5 9483 6870 2933 9060 7073
6 5134 1662 1160 2057 2882 6070
4 1700 3958 6737 7667
8 9131 5397 3184 3903 1659 1478 2265 1001
3 7319 7826 4289
7 7143 9560 9442 2187 2527 6367 5846
8 5382 1021 9137 3399 7365 9882 4548 7803
5 3004 5046 5725 5679 7662
4 7770 1921 5272 6326
6 6689 2014 9857 5454 9098 4748
2 1146 8710
8 8828 1731 6636 5435 4287 9593 6911 6388
3 1101 1850 4409
4 2302 355 2847 9757
7 5553 7285 7245 52 9040 6536 9850
8 8902 6703 3024 7333 2835 5952 4953 7944
7 4167 281 7387 2641 8655 6602 2137
10 1282 4967 807 1712 1684 3098 8313 1017 4949 6597
9 9005 5586 5792 730 8763 5565 7202 9968 2724
6 5060 6272 5492 7291 9167 1191
7 223 1802 866 9601 6444 2357 9231
3 1758 9707 238
4 9369 1727 2211 5454
1 2520
11 3312 3337 7667 8161 1194 9220 9743 5583 2662 2275 8622
4 7778 7756 8765 2141
3 5394 7738 432
6 7507 8051 7077 3521 6267 4944
5 3438 3343 9748 9370 3964
4 235 9984 4549 442
2 732 6759
3 5384 744 4413
4 8904 1747 8133 5773
4 4273 9358 7714 961
4 3557 8136 4104 672
5 939 5004 7813 763 1427
5 4030 1350 7087 3051 624
4 2878 5968 1571 9283
8 148 6992 257 9764 807 8370 1059 1218
9 3788 7367 6972 3379 6202 5529 4720 8143 7390
3 8959 8813 1258
6 3048 2484 1148 773 4907 725
2 9726 2652
5 2322 3553 2641 972 5137
5 6277 9647 8409 8317 325
4 2762 2703 8423 5682
4 4572 857 9827 621
5 2392 4216 3327 1595 3939
5 4781 3801 5969 6878 533
9 7663 3716 211 4521 3857 2365 4096 6112 2160
3 2239 3051 3496
6 5377 7759 5858 3074 5561 8253
6 4213 5329 7883 2441 4110 782
4 6649 9037 9714 841
9 6773 1744 833 5012 5003 2068 3276 8100 8417
11 5909 5002 5487 4912 4506 9397 948 3372 5922 8350 4838
4 4351 4681 5286 6484
4 4540 4361 9954 6124
7 2639 852 5054 4773 3090 6934 5254
3 1175 173 5528
1 2727
6 2330 500 5228 615 6504 6357
6 7343 3961 1486 7876 3706 8680
3 6542 6350 9385
9 3374 6539 3488 9594 5307 8749 4114 2272 4288
10 7323 6750 3339 9490 7353 8086 7693 4 7939 5211
9 3725 7429 5345 9614 1895 2594 6046 9794 1698
11 4212 9444 1279 5253 441 1206 9642 1165 8108 6498 5301
6 9273 4673 2195 9581 5975 670
2 8040 949
7 1081 4623 6890 4163 6917 221 6594
5 5918 9781 4554 2239 6659
2 895 8538
5 2454 2489 8137 2587 3056
4 5860 2144 8508 5889
7 1718 1792 759 2847 6583 5900 366
3 4449 2103 5906
3 7725 1950 6819
7 1256 8379 7802 8401 6336 6788 1017
7 4647 2416 2395 2916 274 2684 8996
6 6816 3775 6574 7393 7474 7975
4 4129 3504 9024 1085
5 8588 3460 1783 6807 6866
8 5863 9096 8475 3994 5131 7008 5871 4410
10 6720 2420 1175 3017 1476 8948 9386 7554 6119 5419
4 8446 9501 9239 3901
7 8114 2381 9578 8644 330 4552 831
7 9349 315 271 9653 7531 5292 8595
5 5279 9104 7890 2440 5710
9 4866 2321 1752 3637 3376 912 7557 9968 7041
6 5884 1278 882 9177 8692 7491
1 8153
7 3987 569 9233 4807 9295 1946 5421
5 8384 2952 7498 5251 3152
8 3746 3692 4467 6542 2439 4522 6539 6634
5 3321 1497 8112 8185 1890
8 1698 9576 9407 1675 3582 3254 8271 7375
7 8724 3026 7189 3824 8796 4366 8511
4 137 4214 452 4633
8 1922 6245 4064 8114 8102 2488 4739 5021
8 7252 1402 4728 2576 9889 2143 41 4979
10 4407 9124 6497 3435 8873 1281 9426 6035 4755 1253
2 8831 3233
5 2117 6794 3648 5376 5570
3 3856 722 8411
2 78 7098
5 8796 5228 3770 1104 1781
7 7139 169 3916 5710 8906 9645 8493
6 9563 7868 9105 8202 5022 850
5 7268 3555 6102 2167 2352
9 8585 5937 988 1046 5042 7898 6638 3882 7883
7 7237 6139 4348 5542 4443 3620 4961
5 1897 1442 6825 1974 1723
6 7590 1297 5568 2457 7832 3065
8 7103 4387 2421 6383 3783 3592 2448 8109
8 3372 9958 4811 9200 9895 2827 7171 5576
11 6471 4043 7305 8826 9881 8970 1875 6256 3851 4034 6306
6 9821 1147 5339 6912 2253 9150
6 8279 9952 6410 5630 831 1450
6 4734 1298 4533 3452 2661 2143
5 4936 757 7846 4979 9084
3 3298 4954 922
8 339 2590 2337 838 491 9777 2138 7869
8 1654 7593 9597 1393 3080 1251 7002 9370
5 8848 6363 7851 890 9700
3 3043 3379 4737
6 228 5302 9869 2435 1219 8134
8 8188 1883 9587 2140 3163 2234 4532 7749
8 7906 146 2419 9272 5385 9090 4011 266
5 3046 9248 3459 9502 2628
3 2450 7871 9256
7 6903 2253 7923 6658 4693 2593 8806
5 8367 4954 1734 5016 2433
7 3946 8108 2803 8802 6989 9986 7935
1 306
5 5199 3467 6193 5894 7354
4 5464 9002 7020 4138
7 2513 7045 7390 879 9535 3003 6124
11 1640 5549 4763 893 4862 8977 1691 6630 367 878 7870
3 800 7646 7483
7 2414 9069 5901 2415 3249 3937 2531
7 2767 4927 7613 4054 7222 4233 5553
3 7838 8454 3728
7 1243 2417 1393 8915 5927 6584 4304
4 9182 3721 4801 1059
3 5542 7504 3315
5 4528 8702 5626 6558 6932
7 7951 1822 924 8652 9869 4795 4925
9 4130 1155 6663 8674 9300 6054 1585 7595 5835
5 8251 506 7171 4347 7590
6 2002 9440 166 6181 5208 1181
6 1412 6576 6493 6782 6671 2911
9 4600 5958 3103 7037 2664 3474 753 7871 8476
5 9651 8300 3811 3667 843
4 4579 7844 5857 9215
13 8053 1855 1477 5527 466 5454 3671 2607 9500 797 6805 107 4195
1 2677
11 1507 2806 473 7784 6389 9188 2609 478 52 1195 3982
8 8171 6947 5320 4506 8029 6669 6653 297
6 826 6678 9435 665 9260 2355
8 7638 556 9883 1087 6429 1294 7992 9597
8 6632 6623 7273 9257 2226 6140 2993 6909
5 5084 325 1933 2466 2755
6 790 7740 5080 5134 5450 5371
6 9495 9678 9622 7455 3706 6194
8 1190 9094 3461 7760 3700 9311 9768 889
7 8518 841 1169 9604 5116 5581 1359
4 5908 2527 3479 6906
7 6232 3684 576 4480 6698 1419 981
5 9905 3157 5386 5087 4765
9 3461 3028 9335 4280 3598 143 6007 9143 6143
10 2096 5000 1480 9219 4199 4481 8498 8354 7677 7976
8 613 3327 9335 353 9857 9990 4835 7613
7 4643 3185 5469 9631 311 6741 7576
9 2705 1134 6278 6646 8978 4658 321 1939 5286
5 130 7985 4473 5692 2925
6 9328 3890 3373 45 5602 6710
6 5493 4261 8372 5112 1462 6518
10 6832 7287 2825 3041 4754 4252 2193 5635 6313 2486
6 5131 9010 9809 9333 1258 6658
8 4129 3626 1206 5685 7330 6255 3970 5543
6 6457 8370 1754 8021 7378 1663
7 5677 9465 4550 4039 9901 8852 6250
5 1914 1314 4839 6640 648
5 4571 5138 5069 882 5424
4 1177 4036 7278 9789
9 2331 6526 2180 1097 7792 3659 8123 2287 9182
3 2778 4060 3152
7 8950 5644 1331 1200 1199 3479 1925
6 4194 3970 6222 7005 7740 9378
3 9909 4238 7132
9 9300 6055 4454 3762 8819 9139 6341 7672 5130
3 8736 6849 906
8 5614 1989 887 5563 3370 5980 9961 6774
0
6 1766 5368 7257 4209 3055 320
5 6720 4246 1587 6705 5069
7 7165 645 3768 3152 6317 9402 3266
5 1206 7031 6363 4364 2883
6 4655 7953 9865 0 6960 651
8 3273 3331 8807 1371 3995 9478 3578 8740
10 1677 7293 7164 9889 2560 7546 6087 776 7742 6434
4 8920 7275 3844 1343
7 1724 9337 8239 6145 611 1980 9593
1 9992
6 7172 6576 8820 2290 3667 2498
8 9397 7111 3201 1640 6586 4041 5980 2243
4 5072 2308 7465 3681
6 3528 656 8908 8567 7277 4319
1 4891
4 3953 1387 111 6403
4 9066 3246 4371 2900
10 1800 8288 1940 3688 1494 496 4627 702 2407 2945
11 5269 4314 5816 6850 5494 8043 2481 5861 9977 3822 6819
10 4925 9614 5778 7388 5066 3644 4561 5168 4620 1369
1 3283
6 6036 4472 4205 8162 7453 7938
3 1272 1098 4085
9 9400 2884 2056 4578 5576 1717 6730 3168 7895
13 6491 8726 717 634 5967 1790 7805 4902 7680 4921 9562 9899 4338
6 4532 223 869 6175 3193 3243
10 8620 8483 5810 7141 151 9339 1466 4762 135 7607
7 9710 9855 6852 3707 1965 5007 4659
2 5564 5992
8 6304 8011 817 5463 4620 8497 2953 1464
10 9803 8719 4966 4463 6401 5354 3440 8448 8821 2305
6 2042 50 3590 8764 41 93
8 5164 4657 6461 3074 8005 1231 6064 2942
8 9132 1634 2639 8907 79 8453 7482 5782
3 3590 7431 525
7 1077 9782 5487 1616 5579 7931 121
4 8475 4833 4071 8750
5 5322 1036 9123 5222 4607
8 2774 4606 5449 1493 3089 944 5585 3221
10 4124 1684 8700 2580 5337 940 1110 3646 5593 893
3 4566 6008 2585
4 2991 5271 7804 2174
6 6138 9854 960 7119 3322 8939
6 3706 7579 5537 4170 612 6875
8 3817 2524 1551 7979 831 2781 4375 3371
6 8040 9994 244 5707 8893 6467
6 9332 1374 3782 3225 2727 5782
10 7469 3268 854 8037 5394 1521 2195 3903 9508 7620
7 7484 7244 7541 5309 2833 3310 6251
7 7246 9324 3704 7254 1664 3749 6565
5 8907 1002 9508 8261 4837
4 6723 6361 4447 8934
5 9802 7232 8344 7165 6713
8 1350 9891 2933 8516 820 6168 5477 4642
3 8535 6913 1014
9 619 8029 1478 9961 7433 8260 5400 3888 2307
9 2399 6812 1878 3216 7968 4453 7305 7688 7284
4 6379 3024 2240 8850
9 2229 3484 5023 646 9498 2001 1783 202 1103
2 5576 8312
3 3150 347 2875
4 6673 8695 3906 6228
6 5648 4428 7580 7822 2544 9210
5 6627 9902 3444 8991 3401
5 4911 1544 8919 9848 2444
8 8004 2371 99 8657 3918 5642 7565 8182
8 2990 308 3068 6960 6453 5476 8739 6174
6 6430 7857 5843 8663 7735 6591
7 7882 3160 8028 2151 5051 9105 212
8 6396 5023 8732 2 3173 5931 7121 4908
10 3106 881 8669 2256 9317 7291 5266 7936 8576 4150
5 9877 7567 1206 8573 266
4 1990 8465 6626 5734
7 5794 1249 6056 1031 1667 1311 4318
7 8320 6567 5215 5180 114 2844 5916
2 4088 8
8 5587 9629 9798 6464 8605 5274 3578 498
6 9207 5402 2266 4980 6531 1346
9 3229 7568 2809 3325 3163 1969 9942 2953 9143
7 9177 1452 7520 9874 7486 9334 8186
9 8353 3935 4034 4552 2885 9446 2154 6747 8972
5 4002 747 6258 1951 801
4 6382 6298 7780 1773
2 4586 5932
5 7575 611 6906 4280 3028
6 3552 8335 6050 8425 3315 8494
7 229 8667 5333 5807 5296 5079 3666
5 7827 63 4342 3206 457
6 5473 2030 9019 1180 1810 4775
3 9517 1544 3990
6 9981 6247 2053 7578 2525 8759
7 3617 5983 1083 9152 7263 4562 8966
2 2700 7091
6 6592 7328 5068 1241 8660 3496
10 9957 9903 7975 4951 2315 2572 1522 5227 9176 6933
5 5676 3132 9055 2672 8828
2 1948 4492
8 4673 4992 5472 8378 57 6569 7145 4413
8 2603 2067 6105 8769 7918 4179 8872 6352
9 2125 5353 7224 5313 2961 9938 2909 9595 2255
4 8362 5642 8049 5905
5 3018 7434 2001 599 4119
5 1136 5823 1099 6425 1764
5 4465 1098 6485 9832 7750
5 6107 2072 7793 5875 5968
2 7865 5962
9 6116 2122 87 297 7251 9590 8184 3232 7323
1 6183
7 9767 4784 450 8237 4981 7925 6176
5 4340 2253 9497 3007 9788
2 4276 5180
2 5080 9869
3 7529 3581 8354
4 1093 3135 8518 9015
4 799 3924 4568 9495
7 121 399 276 9792 1364 6225 9723
3 7200 4359 6124
11 8479 729 2414 5684 2215 3530 26 3779 6690 4491 3209
4 3870 2947 5889 3585
3 4614 2736 7146
7 7032 872 49 5009 8072 1992 5262
5 2193 4092 6574 6129 684
4 3083 4223 6369 917
11 6316 6849 2741 1573 916 8317 1182 3402 8133 5640 4308
10 4616 4923 6607 7456 9018 9928 5877 8174 9697 3114
8 8802 9897 8604 1619 2820 1028 8132 3095
4 4452 7396 5878 9593
11 7355 1408 6132 9161 683 5705 2944 3266 2677 4201 8089
8 3649 190 6823 6138 2225 4270 6884 3331
3 92 5188 3667
8 9513 4670 6638 79 2367 4147 2577 5129
6 597 9215 9945 6534 9309 7423
2 7423 6745
9 5586 5711 8335 8969 7652 1691 7847 4720 1116
11 2171 3358 4830 153 1759 3312 9571 5781 7192 8045 9889
5 7708 3215 6805 4880 9429
10 8042 4278 8396 8299 6250 5846 7130 9869 4350 2790
5 692 4929 7350 4742 2914
2 3106 2992
10 3472 5410 4884 6064 4951 3166 3118 2608 8460 1186
4 3546 6390 6372 814
6 7759 2484 9647 6147 9409 606
9 4727 8439 1273 104 8364 8119 2013 2639 6961
1 1659
9 2111 9671 2399 7440 3533 3417 160 609 3551
8 4043 8752 7242 3369 7173 5240 4302 256
7 8609 1235 1255 4558 4621 3404 4009
3 4233 2089 115
2 3283 4578
5 4920 8337 7619 5480 9784
5 2288 2585 4025 4437 3094
4 1986 7911 4404 6809
8 7613 7503 2631 191 549 7849 4176 1419
3 5250 6524 582
5 3047 6322 6504 3228 9723
0
7 5742 4956 624 71 8231 7035 4070
4 7228 9215 8147 1509
2 5019 9418
6 7954 2780 7692 3448 1298 9685
6 6047 4314 4049 4509 6161 5416
4 1633 2695 8073 7711
4 8753 2549 5368 4259
8 3921 4571 8156 5320 4789 9104 9322 4479
8 3906 5482 1958 381 1491 4733 9891 328
10 7715 2626 3952 1158 4229 6242 5012 1195 6889 5622
6 3734 2878 6249 7518 710 6244
12 7270 483 9901 7970 91 5298 2976 5530 3901 1663 5315 144
7 1893 8695 4244 6426 5036 3434 3530
5 1109 703 1285 1962 398
2 8613 480
2 3610 1974
6 1015 7587 1267 5246 8094 1744
4 9619 9865 9133 8409
4 6695 4478 4171 334
12 8051 494 5575 1692 8223 1789 5444 9669 3556 1904 1734 6229
9 4867 7799 6284 9205 2320 5311 7560 9309 9749
2 7753 7404
7 1458 2564 2354 9079 2734 6365 2945
4 6054 533 2662 9454
4 4214 9750 8660 3706
11 2769 867 6927 3452 1065 4336 3395 8947 7487 1600 2874
9 6914 2949 9512 9460 683 3061 6219 6595 3659
6 2083 5813 9111 5964 7343 8038
5 8312 4196 477 1469 3995
5 227 6027 6125 4518 5664
3 264 6474 233
4 3676 4999 3712 5752
13 7502 8174 481 4286 8573 4381 9159 1448 1480 6962 9645 3729 1078
7 1245 5452 4044 8090 6815 2077 9707
4 5955 971 3179 1615
4 7474 8602 5987 1228
2 2465 1889
2 8953 1922
7 424 1692 925 9867 6886 4638 3260
5 654 4217 4579 155 1895
3 507 2082 5402
5 5579 7109 4050 8427 4313
4 753 2735 8608 4828
2 9896 6308
5 5361 443 1617 4832 6697
6 4726 197 9526 6857 8221 3507
4 1156 8848 449 2439
13 4524 9098 287 4032 6462 2553 7067 7230 6912 7469 2547 9407 5953
7 5498 6424 9337 9637 7530 6747 5935
12 8608 1050 860 2148 8633 3066 7927 4278 2346 2614 299 6535
7 8530 7547 7594 1294 98 6110 1221
7 3098 5914 5211 1707 6828 5448 6753
3 6006 834 5848
2 7915 5368
7 8058 5610 2813 4741 229 4211 2578
5 5369 1125 6537 9554 8803
6 6588 997 4031 7289 5313 2663
9 2679 4896 8666 5997 823 6635 5871 9836 6258
5 6349 7704 7641 6422 5172
8 9125 1444 8957 4288 7136 2783 909 9921
4 5256 787 1142 6432
6 4768 1119 6056 2270 2365 1914
7 8338 7765 19 9235 5873 847 5261
2 7442 6576
6 2251 9593 8904 7403 2846 4829
10 8267 2949 5204 2348 5251 4177 2842 3014 8633 3438
10 7340 6531 5181 9120 5118 2413 3314 1304 1875 5381
9 5183 1515 6325 265 2157 3728 1888 6284 4792
7 3887 1392 515 5878 9163 2609 6998
4 3366 1833 8787 3285
5 2288 932 4967 6421 8295
7 3745 8556 3346 6909 4159 4778 1676
10 9262 1126 2613 254 76 2598 4689 4374 1953 8510
12 9068 4185 2746 4254 139 2338 701 5865 375 1715 4895 6698
6 5772 2925 5705 9639 1506 5346
9 4024 4133 7047 2386 1401 3460 2685 2873 4948
3 1233 8783 2422
3 7417 9845 2523
3 2893 6990 6592
5 9340 6342 1536 4427 9094
7 9585 6055 9102 5890 5672 9754 5892
6 9068 3423 4237 5148 5203 4290
11 4707 8103 8887 9115 6559 3865 2089 2229 398 5996 5859
9 3444 982 5413 4264 9295 2073 4765 3918 970
11 3248 1286 8483 1911 6444 7716 2884 3858 6774 7415 8221
5 1272 4419 7318 7244 4286
5 2647 8561 7761 6810 1281
8 7176 7045 4627 2855 7231 647 8230 3211
3 1747 5320 7589
4 8136 2651 5352 8751
6 1701 6038 2951 2980 225 2040
4 1469 1320 8993 8284
5 5614 2118 6185 5553 5578
6 1867 8482 6959 6744 9191 2193
8 1675 8670 8020 5045 9325 8790 4324 8228
9 6658 9499 2544 8698 2553 2187 1716 4620 808
6 6553 9682 5507 9119 2446 1393
3 2378 4194 943
9 1566 4917 2146 1713 3481 4437 321 874 4902
5 2880 7486 1518 3997 9577
9 6658 1022 7823 7425 945 1429 1100 7368 8610
10 7374 6734 8328 4714 8987 1034 5930 6328 3747 6889
4 6295 9235 5254 6034
6 1297 9447 8571 9811 6441 4172
5 3277 7716 9131 1423 4549
9 2175 2452 1435 3633 6693 1900 8803 5023 6230
3 7121 2631 1601
3 5111 3218 4321
7 494 3239 5378 6099 4246 1832 7204
7 2603 9480 4067 1696 8873 4209 4964
10 5334 8033 4782 9086 8201 8105 7619 4759 4590 2388
5 7877 9037 8195 3350 9175
11 9706 3085 7327 9992 7816 3822 7319 9509 1094 1884 4812
6 6295 9019 7602 5963 1995 4122
6 4595 9943 4914 6230 4062 1429
9 819 2838 8815 1005 401 1514 2194 1229 9573
5 406 2983 8593 2112 4312
8 6716 8108 9875 3349 1261 4853 2726 6450
5 8148 9507 9793 1269 9703
6 9857 1647 5480 4299 3252 4565
4 8280 5812 8189 8937
4 5267 5233 135 8999
6 6275 4850 7055 235 1097 7397
8 6150 5468 5017 2900 4909 7548 1692 7886
5 9440 2513 715 8978 2131
4 2601 2915 5853 6003
5 9154 1900 6052 9995 1182
5 2560 9687 8791 7653 1826
15 3442 8695 2200 3741 2733 2747 8722 8593 5746 711 5036 5259 6751 907 2194
6 3473 7202 4597 6398 9663 8436
6 1122 9708 9691 301 3368 3457
8 4991 3141 4230 4919 2537 1274 3312 3453
6 707 2639 7048 6037 3490 5777
8 9474 5708 1318 5067 9607 9775 862 4073
3 2326 2340 8558
4 1402 604 4158 1718
7 8124 2289 8013 3555 1964 9434 2267
9 7692 6638 1635 8645 4136 6754 5592 6169 3505
2 9557 6661
8 677 6114 5784 5562 7566 729 778 409
8 3351 2170 7454 2709 9566 4751 3435 3644
8 9080 7208 8849 1451 1246 2866 3205 808
4 2854 6468 4003 927
2 1251 3965
4 6262 5401 9512 5065
7 9477 613 7368 9584 1789 9183 4185
5 3910 702 5546 1938 1243
6 9113 8600 7927 7422 2330 9539
2 3263 1944
6 7852 263 1703 1097 9980 7857
4 1973 7961 8667 9817
8 3220 2062 3637 8594 5953 3376 2830 6061
5 3652 3635 7064 131 3852
7 4466 7113 9697 263 1096 943 1396
4 1000 4165 6756 5636
7 1782 3020 8523 652 9355 4904 6519
3 1035 3911 3121
9 9948 2781 7172 6183 2900 7851 6286 9032 1173
3 4520 5989 7321
2 4052 2160
3 2483 6392 6996
5 918 8034 3114 3681 3951
5 9418 5252 1724 3698 2217
4 6900 2416 4379 6951
3 595 1353 1364
8 7780 3759 9054 9456 468 9629 3204 6846
2 5573 4065
4 9922 8421 9796 7322
7 977 2592 447 9864 4739 5247 4702
10 3432 5236 2260 4727 6960 3275 5851 4277 5314 5400
10 1610 8160 4753 3335 4093 7726 3146 6058 2053 7576
6 3242 2358 3236 706 9004 3303
3 42 5235 682
4 1438 8892 5161 8662
10 6502 668 399 470 7590 7938 1900 6969 9721 4368
5 8250 8428 3377 866 8207
2 4237 9977
8 7451 4773 9126 3651 8906 8343 7366 1086
3 8631 8122 6855
5 2567 4646 3167 4695 4483
8 5958 8500 2336 9973 1799 3254 1179 8837
7 7979 2638 9476 6572 1763 9034 447
7 6185 3968 1978 8587 2867 769 2521
4 7682 2174 6834 7898
6 8708 7656 7405 4766 7892 1871
7 7411 5575 1987 2117 2526 3216 5761
6 2623 6324 3030 5163 1520 8522
1 7785
2 9084 91
7 3670 6344 1522 4444 9051 9410 6313
5 8112 1522 6144 9614 9832
6 7762 5535 895 3121 5931 6136
6 2072 960 4933 9328 5280 8769
4 7805 9946 2755 6179
7 4579 4855 3853 8965 6504 5289 9902
8 9703 8836 3706 9235 7785 616 5167 3210
10 5658 1198 9640 6811 2138 7170 9426 6915 6512 7334
6 5821 5604 8146 2401 9097 9460
5 5926 6555 5312 1934 9824
4 4200 4599 6830 6765
7 8698 8973 2274 213 9690 5370 965
3 9037 74 1656
8 3955 2338 7368 1444 4865 5575 7548 8852
6 6709 5848 6648 5460 2994 1663
8 9476 8716 1113 9408 3744 1132 3866 305
6 623 960 5192 1009 2048 3937
5 7726 6412 5111 5956 8220
10 2268 7984 3577 1885 9920 489 9295 6962 2381 7439
11 4713 9461 1156 8361 4845 5674 5588 6830 4146 207 3885
5 8383 2069 5257 5165 1398
4 1780 9441 5343 8958
7 175 8944 9407 8366 1976 7750 5144
8 2628 9545 5567 5241 9201 2845 9419 5658
6 5822 9511 9384 2235 3539 3313
8 3712 724 5188 4290 8651 2885 7966 5896
5 6977 5501 64 7173 6372
5 6936 9142 9629 245 6929
7 2790 9806 1636 1776 5482 9125 1847
4 9922 3402 1391 7834
4 4475 2932 1363 6553
9 1270 275 8482 1398 8817 2321 2253 8989 6881
5 968 2940 5170 3077 1753
4 1482 303 4284 8748
8 2971 4111 4554 589 894 2990 2895 9984
7 121 1541 5613 9954 5651 5488 9510
8 7357 844 206 239 6363 1045 5307 2709
6 3470 2251 9994 898 8846 9615
3 6974 2935 2121
4 7426 6695 1320 9277
4 4992 5762 3685 2337
7 6082 8070 1234 2544 9309 6973 8045
3 6452 9772 7541
8 6778 1392 3551 4199 26 9480 4303 6439
7 3332 2463 7434 8083 2455 3438 5014
6 8135 7612 1564 5044 6287 2344
5 932 2319 938 8789 9952
8 4832 7790 2431 4820 6175 1702 3817 3412
4 1757 975 7556 8824
4 2420 3371 3965 5109
6 7289 4575 4394 6429 5241 3288
5 715 8267 2172 7705 6367
5 2423 4616 3274 3823 3783
9 5251 5146 7617 3481 4100 9065 4932 5638 9600
7 3390 8079 1587 3010 518 8859 4486
8 2660 4998 5832 6005 6501 4479 3930 1283
4 6811 9208 9681 7016
8 557 821 3841 5914 8748 2332 8868 5222
5 593 5156 4175 7618 9866
6 7479 4105 8462 6151 1506 4462
9 8464 5131 4045 4571 8339 8871 7883 1413 4459
6 9604 684 7417 1006 966 3081
7 6555 2959 7857 7034 8144 3431 3093
1 8451
11 3843 9692 6667 9440 7796 671 1219 1336 9857 5181 8060
5 7919 778 6411 6086 4454
2 9381 8199
6 1142 8409 3207 6195 9446 8019
7 8374 238 8171 5792 9257 4616 4453
3 8987 553 4079
2 5178 8769
8 8221 782 4152 2753 1583 6829 1022 7400
12 9916 6071 3356 6434 4358 714 5953 7074 6825 7230 4699 4953
7 4917 2581 3948 82 5917 5157 2446
6 5243 2646 2210 7905 2235 8882
3 9228 3084 2626
9 8767 6185 1854 7538 7505 862 7668 9637 7129
6 7346 3004 3595 9161 7889 1511
5 6557 3843 4070 8151 8940
5 6264 4029 8299 549 1148
4 8046 9448 8379 4910
7 4424 3531 2171 7685 6960 3370 8897
8 3067 7589 3697 2397 2514 5438 223 9013
4 8568 9795 9824 5062
11 2823 7381 5686 4223 6791 3228 134 9535 6082 5518 2628
4 857 4449 4212 6807
9 9445 6899 9403 4912 4022 9183 8542 8273 9265
4 2937 4025 1765 7406
3 1775 462 6518
6 8769 1073 3698 3360 4384 2580
2 1746 7856
9 8790 233 9184 6543 7258 4861 2539 2869 8810
6 8463 2355 628 2911 4716 4448
12 8364 1563 6199 1727 244 452 1134 1579 8927 1310 7167 2314
6 6144 7210 7877 5574 132 3262
5 5764 6666 8100 2604 555
6 1098 7702 1691 7096 7518 6939
6 2112 6637 8441 9296 4166 5944
8 3061 1941 6900 4145 2959 2425 9967 7485
6 7929 7363 632 1744 183 8533
7 5219 102 5532 1076 2073 4813 3143
2 1401 1635
8 1688 4959 766 5393 4817 9024 989 7369
4 132 657 7881 7153
8 7126 520 8004 6886 5906 550 7200 4656
3 93 7206 3235
5 259 5658 5300 9689 4931
9 478 2367 8777 8041 7588 2303 3477 6197 2126
6 491 8510 1611 7158 1570 907
5 3683 6122 8378 6233 9380
4 7099 5918 3371 7843
6 3253 5491 9590 3066 1597 1359
8 4012 8501 56 3909 7349 1291 8684 1604
5 865 9401 1307 8645 5615
5 6409 1193 3158 985 4923
9 8328 8083 8748 6260 4209 3154 7555 915 6662
4 5589 7674 9739 9263
2 3569 6943
8 2573 5432 5144 7961 6602 4665 8680 7519
7 2726 272 6310 5365 1655 9641 3125
5 9970 5990 3745 9867 8061
5 1455 9616 8871 7074 3291
3 3088 6583 8800
0
9 2798 6461 431 8057 3477 6057 1233 8064 4234
5 7296 4900 8212 4590 4699
8 9784 6288 4363 9732 6523 6544 8867 5344
6 3903 5917 7121 9071 7470 1835
6 1465 4862 8812 4713 1254 3948
7 9579 5494 1071 7133 5434 63 4987
7 4252 8432 1474 1471 2785 1941 7425
6 3707 8514 7529 6306 2688 3165
8 6798 9767 6746 3308 301 1714 5137 6836
7 5749 6899 6352 8427 2697 8708 1284
5 4000 6548 1280 6995 869
8 1425 9999 4639 9863 6052 5509 1737 1225
9 3573 5462 237 9619 9405 5693 5646 804 9659
1 9984
5 4074 95 2634 4695 3981
8 6939 5329 5122 3973 5889 7337 478 7279
4 9801 498 1052 7716
3 5141 3042 9290
4 5327 149 7060 7198
3 1380 6387 1386
4 830 291 3210 5897
6 8864 7327 8374 1507 2362 8682
5 9474 6929 5930 3911 5074
6 8378 1785 9300 1955 4656 314
10 6359 3808 8467 46 2869 898 4962 6171 9908 354
6 8540 1022 2078 5765 8438 4897
8 5707 1450 2384 9324 4688 5882 1151 6054
6 5116 737 4566 2140 4789 5705
5 4964 9043 1369 3181 194
5 3498 9644 2656 3625 2221
2 1195 3860
6 2153 3883 3731 1 9426 4309
10 2826 2721 2928 6522 8782 4036 9354 2178 6764 683
7 9687 6697 8816 9800 9022 6657 6115
7 3313 2238 4129 3940 6931 5574 6089
10 7872 8398 103 5000 988 3639 4903 5881 769 7033
10 4428 5172 7428 3925 1742 9567 5297 6065 7866 9973
3 4792 598 9190
8 2439 6178 1011 284 505 5202 9811 8967
6 824 106 2286 7245 9284 662
9 6211 1055 305 4195 8791 8447 5169 8924 9423
7 8868 5287 1388 2459 1364 2673 7278
6 9659 1873 2294 1025 9348 1850
5 4949 6016 4068 9577 801
9 7165 6045 2370 2241 6923 7953 7700 4140 7894
11 8177 6742 6540 2747 2226 6403 7919 4866 4854 3006 3047
6 1882 8823 1750 3775 8098 1137
7 2319 1826 1056 2698 7267 3795 4324
7 567 4089 4610 9420 4545 7964 344
4 7983 4803 8650 3845
3 4163 1983 7642
8 4806 9818 7148 2414 7385 9449 5008 5259
4 9729 2300 5397 1347
5 4038 4212 4454 4898 9712
8 3900 9119 665 9232 5644 5026 978 3045
6 2643 5753 7581 167 1808 780
2 7292 6250
7 7580 7503 3104 4444 9402 9573 1312
5 3726 1930 9635 6676 4643
4 9238 7080 5948 2887
10 8624 7077 6319 3190 149 9051 4197 4072 8799 3610
8 4008 4399 9651 331 4244 7718 7245 255
5 5524 6599 432 6799 8876
8 5576 6172 5176 6563 9076 2480 5526 1374
4 1994 2895 2873 9008
7 8647 1616 6686 1285 7282 6090 6275
7 6736 3415 3612 9750 6801 6353 2332
3 7307 8444 387
6 3007 4132 6172 9310 4939 6108
4 2921 5375 6840 6046
4 7573 5523 7321 872
6 5961 5508 337 9445 9940 2516
9 9937 5194 6900 6927 9092 7488 4315 4519 1055
2 6518 8526
5 8063 994 6916 6161 2370
8 3228 8897 3185 891 6283 3418 5094 287
5 1970 2437 6739 6388 3527
4 4319 2962 510 6686
9 3238 6573 8029 5751 7801 1983 9047 9370 3659
9 2269 6682 6955 157 7961 977 1343 4334 9323
6 9640 248 786 6239 7562 2507
4 3713 3766 4404 8074
10 4006 6169 8123 7861 1431 2368 8871 8430 5537 7769
5 9125 4613 6443 7661 7729
8 7222 7706 2897 1527 959 9953 6015 8893
4 5907 4765 2171 6557
3 6401 1216 1230
2 9778 3242
5 6054 4087 1133 5862 7655
4 9414 128 9371 4086
5 3461 8185 2127 1366 1835
7 5341 828 1070 1422 1983 5663 745
8 1847 9804 6404 4566 120 8489 7787 2072
6 7209 6464 867 2642 746 5931
7 4872 6401 9911 2267 5034 9304 7170
5 1800 6641 106 4601 2175
2 4168 8008
10 7176 7551 9516 8287 5712 9175 1643 6951 9587 652
7 3254 4173 4446 7564 4462 7512 6581
12 3138 4906 1666 3328 9038 8851 6249 5279 4759 1003 1472 9440
5 8679 9554 1564 8677 1052
4 8939 5001 1635 2332
7 9036 4078 8708 6493 9594 4300 4068
9 3312 310 3471 8691 4195 2451 9784 614 344
4 8177 8861 2597 1675
5 510 3683 3924 586 7961
4 2798 1850 9221 7399
9 2672 1724 595 6998 7838 8301 7620 9762 8694
4 5843 3196 8671 881
7 6336 1412 4292 4066 1364 3133 590
7 2334 223 7165 8640 1806 1203 718
2 3292 9278
6 3549 3848 7659 8138 716 9417
4 1928 9978 1033 1736
6 6880 7438 2948 1162 38 6290
4 3952 9224 8851 2670
4 6871 2351 6108 4891
7 379 5294 5553 9475 1613 5308 7046
7 3560 1647 9780 1098 7971 3102 5409
8 3005 8648 6236 1028 8128 6908 1440 9304
7 2344 5645 5285 2621 2571 2312 4243
4 6081 5359 4529 8915
6 9313 6590 739 1625 1816 6146
7 5460 4850 3594 1373 526 5737 9405
3 7369 5353 4102
10 6108 458 4027 8918 3462 2389 1348 5369 6762 4576
5 4999 1427 305 8002 4932
3 2234 8434 5681
5 9859 4384 2635 5533 6304
7 3933 9766 5383 9346 2369 9430 6594
6 2737 9727 5060 3666 9589 8303
4 8441 8424 3073 1389
6 8635 1897 2055 1924 6819 3373
5 383 3501 1644 5652 215
5 2250 5707 8305 8447 7780
4 984 1292 4785 5679
6 3349 3241 7472 7987 2959 7312
3 4053 6333 860
9 7036 8449 6626 9827 1819 4541 4498 6645 1055
5 1998 2653 4081 112 553
6 6588 745 3727 9405 4028 6835
9 8736 5969 7565 4968 5330 9747 7775 4076 5785
9 1476 5535 1174 8177 8467 3308 5779 9760 6411
11 2759 1288 64 8068 9160 2761 7835 1884 3784 4902 5449
3 5225 9623 5489
3 87 2859 199
5 50 4693 5121 3829 8715
7 7380 7427 2358 1236 1424 5383 4512
6 1622 5690 8786 6585 3805 9179
7 3105 1980 110 7645 5431 7816 6331
7 7277 8986 6592 2969 9954 2469 5350
5 3704 9436 2584 1017 7167
13 292 794 4179 3709 644 3433 1065 449 6965 6756 185 1374 8273
3 5369 7477 1639
1 7654
10 8154 6930 4146 9090 2986 5288 397 3922 953 4812
6 7734 3852 8628 5396 9992 4803
7 2921 9776 1952 9444 6759 2359 7571
7 5262 530 5279 8415 9415 8301 4807
6 9726 6549 7331 1652 6524 9831
4 8047 9939 237 6061
3 6887 8810 1563
6 7 6401 6882 7719 330 8013
6 7710 157 3910 1269 9405 1700
2 9765 284
6 585 3008 9707 9123 1385 6157
4 6920 7558 1105 2007
4 2106 8744 5249 3190
4 8188 7178 1361 7124
4 9169 3131 3694 8775
4 9939 6293 8334 4544
4 6583 1217 4277 3770
5 9361 6750 7363 9463 1403
2 6089 4826
2 7778 1251
7 4664 3985 8536 1606 69 762 8300
6 6243 5964 9404 6222 7356 8589
8 4812 854 8424 2636 4384 4532 6730 9010
6 99 804 1176 6568 6958 5745
3 6153 280 2003
7 5592 764 8962 238 5634 7555 216
12 2365 9421 7942 3700 4466 293 7009 3652 6940 4519 1677 6542
5 5650 5596 4978 7740 924
6 5368 638 6304 8865 9522 7557
6 3011 5707 5853 2763 8034 4373
6 9299 5268 1257 3157 2916 6698
3 9948 3107 1240
6 9 6996 8442 8152 7811 2305
10 4936 2798 1690 3267 2610 5510 4831 6874 3158 1523
5 4287 7710 5957 3198 378
3 3507 3727 4753
5 2751 6358 6514 2247 1428
11 3410 5248 8199 8184 2350 4759 9119 1921 9387 5556 9391
5 1898 5404 1329 2643 3191
6 769 842 1294 8743 7622 8145
6 4413 1389 6834 4522 5397 225
4 5568 6029 783 4306
7 7440 7368 1044 1996 8659 1434 7456
6 7344 4486 2354 8918 3542 6857
8 9402 1492 6882 8096 6042 2550 7226 7692
10 9769 50 1260 5301 3149 3048 9465 2879 2964 2749
6 7178 7687 2200 2912 2586 9050
6 6093 3792 3893 4182 7670 2505
3 793 2447 5442
4 2882 8117 7596 1058
6 5918 9214 6347 5131 1565 407
3 7060 8606 1260
6 425 5685 6979 593 2846 6554
6 4250 8045 1066 2431 2056 6797
8 8866 4191 2839 7234 5501 4374 9238 2243
6 7195 3954 2683 9064 6365 2935
4 3398 3562 7737 8808
1 7686
7 194 8877 1011 1599 1254 1829 7311
5 2731 8019 5814 7936 8022
4 164 1457 4213 6531
9 2967 1868 9772 3973 6000 2879 9739 9246 9343
6 2793 9262 5174 3396 118 8316
6 2392 2326 543 9549 6633 3339
6 680 3166 927 1769 5264 3979
5 7380 214 887 4827 2534
10 6396 8255 1570 7612 5909 7816 4373 9510 1927 3953
11 9351 1062 5674 5231 9958 3417 1706 7128 6415 9383 1446
4 4259 2065 3733 1600
10 2772 9074 1038 6472 4751 3676 110 7867 4186 3052
9 1887 2098 5585 9423 1668 7779 2186 132 8639
4 1808 9367 1089 3826
10 8938 6321 744 3318 229 9732 8359 6174 7551 9157
4 1497 976 7025 942
6 7076 9835 5786 2870 9628 8571
9 4937 3772 7380 8894 7764 6440 3863 9700 9331
6 3670 798 534 9058 4823 4786
4 7118 7530 5752 1852
5 4742 9700 4345 8593 8580
7 4901 9403 3250 8381 5521 2105 334
6 2713 1104 4375 1185 2641 4708
13 5079 8254 6293 4032 3185 471 8827 1804 8572 3292 8286 7944 3757
4 4836 494 3955 6223
1 9848
9 9207 1839 660 5883 110 2104 8882 6726 6035
5 77 6869 689 3029 6365
8 3812 2413 5139 4710 4617 4315 8834 6671
6 7850 7215 3435 5334 646 1595
9 5785 2633 8536 693 6672 8404 5359 7113 6967
8 8837 7671 1725 3740 1945 1198 4075 6489
3 2127 3992 6254
7 1652 9081 1478 3585 6359 7469 6324
5 4603 730 5903 4023 4288
6 687 1186 563 2975 4389 2433
8 8374 6336 7682 1436 8198 9198 9660 1748
6 4266 3660 2430 2710 6042 118
10 3680 7679 1054 2372 6482 8121 3818 79 868 5879
3 941 7201 9778
7 9841 7037 534 1501 5024 8974 539
6 1289 8515 9517 7032 6755 7941
5 4382 7941 3912 7183 6464
6 1765 8700 8619 9515 7192 6009
8 8110 5263 695 1920 5228 5051 8704 4137
1 351
3 6392 9237 8039
8 5195 7205 3845 2627 4913 4276 8677 6142
2 6607 644
7 1219 2508 447 1481 328 5436 9651
10 3902 8337 2195 202 5166 2472 7644 2129 2798 1701
5 4805 4315 6122 1093 6008
7 9622 2365 5546 5818 7395 8255 6307
3 4157 7242 6944
7 8323 535 4653 5784 2924 844 7876
7 9066 7947 7233 6279 3627 4749 6323
5 9491 8247 8680 7699 360
6 7405 3700 1621 5520 196 6752
10 5597 5254 1025 2065 6295 2950 1149 4545 4212 5594
5 9506 5213 9167 6622 2125
4 5335 2654 9999 5692
6 312 4555 3080 8459 8212 4272
2 5710 9352
5 5992 1672 7418 5302 2796
7 8647 853 4001 4843 2717 3209 6771
4 3000 2575 6347 643
7 3014 8877 7713 859 6214 8004 9674
6 6755 7577 8845 6304 2977 6610
6 3097 9572 7865 6984 9781 979
5 7151 9300 2173 2053 7926
5 2693 6089 9937 5361 3998
3 2158 2499 1404
9 2441 3181 6448 5925 6824 7853 4567 633 4674
3 5022 2509 2928
5 4782 6165 2342 8195 5582
12 3482 4569 1794 2148 877 919 6048 7401 1950 3488 3725 997
10 9412 637 8750 7754 3946 8782 605 1 9339 4676
8 1981 1827 6347 9894 2725 9644 6149 1984
4 1783 7915 8157 5911
2 3639 9369
9 2264 8380 9262 6754 3969 5020 5678 640 7433
8 4695 6827 8504 3708 3291 9143 4673 4317
9 2061 9467 7845 6647 658 104 4494 5262 1599
4 3063 1484 2069 6305
4 9065 1697 5087 5883
7 2327 7961 3053 8252 2130 9801 3103
9 510 8172 8865 6481 8938 36 7598 2853 4496
4 3451 2492 157 660
8 2903 244 2434 3042 5751 3170 2089 5617
8 2796 1524 3314 4441 7500 8869 6473 9947
5 3020 7356 8243 3529 9533
3 9035 9921 2215
7 1686 3038 2314 1471 4749 893 2320
1 4940
8 8220 2582 9511 2086 1435 3173 3502 2657
7 1461 4691 7650 5517 7604 295 7023
3 4738 137 8375
5 2283 80 4247 9159 255
5 6119 7638 6982 3689 4269
6 4183 9125 2455 9329 2788 9521
10 1134 3530 3620 7206 4706 2450 8692 5318 855 547
11 4441 2256 7740 1795 1100 3373 3833 7293 2360 1864 4249
7 6021 5971 5105 5523 4085 2281 2172
5 3753 5649 5184 2847 7282
6 2799 9889 1476 1016 4026 7894
5 2497 8065 9793 4755 1485
7 25 7451 5270 2336 1447 4847 4099
3 6668 7285 3909
8 6545 6713 2984 734 1448 2310 4037 4847
6 7173 1581 9107 6128 6815 3042
7 3545 1369 3040 2406 9508 9314 7952
5 894 8555 6648 5427 1346
8 6724 1972 4795 1840 4964 8148 5372 2780
7 774 3457 7362 5779 9083 9018 6293
7 518 4413 9022 6869 1427 7010 2123
9 5530 509 3458 6326 9664 1264 5790 5872 1837
5 3168 4839 6087 4837 7297
1 8246
8 7511 7116 5815 2848 6663 7684 1665 6557
5 8378 4641 8305 4327 9265
2 2360 7738
5 9241 385 2842 100 3566
4 9182 8271 4322 3180
1 4563
4 4399 408 7354 3339
2 9055 3154
5 8956 1309 6567 7246 3108
2 5643 9056
6 8171 5847 3353 1055 535 3546
5 706 3297 9200 5475 2823
8 3566 115 1837 9704 5031 8923 4485 151
8 3992 4522 1058 6309 7672 2540 9530 396
5 3586 1809 186 5034 307
5 8104 6025 5603 3633 6071
5 4407 1187 6983 2020 1230
3 3943 4563 1289
5 4225 5369 9990 8681 3074
7 6287 7240 4946 9576 8654 8490 9756
2 8946 9541
1 5963
6 2110 1402 8694 7253 8082 9396
4 4612 6342 2105 3446
6 366 558 7056 6407 7430 9669
8 9049 9037 7500 813 8670 878 1127 7557
5 2598 5912 8534 2312 5701
8 919 3684 3676 8097 6819 9796 1056 8951
3 7404 528 5318
6 8282 6568 5123 6565 8919 8896
7 9754 1533 6840 1978 3438 1691 7242
4 2236 4184 7596 5419
6 138 2234 9378 137 4889 6268
5 8768 1041 6452 6388 6453
8 8249 6113 3445 206 8029 5886 7941 1446
5 2560 4188 8481 3332 9922
8 354 8467 2041 3642 749 2378 178 2852
7 2659 1640 1653 7480 3542 6405 3012
2 746 7396
10 3615 3099 3759 372 5798 9362 9305 6768 6542 696
9 399 1844 9054 1743 1892 4881 5424 5613 6444
5 1771 8793 7655 782 9143
11 6195 2080 5956 9233 7352 7087 8126 4063 8166 8042 4634
3 9959 9342 6389
1 2745
4 2945 7833 8111 8689
8 5420 5380 5206 2045 5225 4278 1254 7884
6 9394 1293 4262 9405 6391 1132
6 7820 3351 8864 8975 9394 4543
2 8396 4571
3 6418 9196 9056
6 5649 7526 6077 4519 2608 1329
8 6951 4752 5675 8627 3327 1017 8346 5585
9 7458 8664 9727 6022 4073 8112 4661 3593 4303
7 6085 8707 2661 6132 4553 5289 7084
6 1516 9256 181 2338 4360 3476
5 1697 6511 3339 5962 9604
3 4617 474 7379
7 9671 7364 8641 2730 6121 3895 1394
5 6710 6007 7816 4118 7504
6 3796 9624 4328 2248 5342 6859
6 8480 9343 4474 2669 2321 3846
5 7780 808 2825 6899 4113
7 7073 4480 2390 3909 6666 3584 6987
11 79 2444 1995 1461 4778 1536 8206 7092 3302 2752 6610
6 3700 4319 707 2916 9327 2580
6 7324 5257 7491 2230 3220 7972
10 1676 9129 1201 1876 9203 2199 1686 3799 2210 1482
5 4303 4467 9415 6823 9657
11 2243 2828 9790 2785 6572 1847 1363 6012 2318 235 8901
10 2943 1100 2465 8301 9356 3268 4336 8013 8457 3828
11 3833 4198 9821 9694 2414 5110 107 6716 7410 7122 8308
7 7825 9752 1879 882 1384 4073 2913
9 1160 7264 8215 5875 5253 2179 8146 1881 285
7 8383 4173 9377 7259 3567 8229 4508
6 680 9644 30 9778 8173 8506
8 4068 3339 8152 2896 7426 4001 9390 1469
6 6575 5629 7113 545 2141 7681
5 3995 714 2986 3523 2365
1 8059
7 7859 8424 5093 8455 632 4186 555
4 6653 1410 1633 8656
4 9502 1906 880 4500
4 8024 4997 4447 4644
11 5107 2586 9507 5777 6895 5384 3714 2226 202 4397 2030
8 5699 1996 7500 7161 2111 8037 8759 7618
4 2046 1489 306 3468
6 8523 4706 3974 7533 2819 8543
8 4748 8669 7231 8990 5354 2385 7124 7802
6 2133 3349 9794 9749 167 2137
6 8393 7460 397 4586 5618 7075
12 7304 127 3046 9539 6951 3695 4824 2461 9811 8273 1990 3232
4 8543 1669 8903 167
5 1821 8604 2436 439 168
3 9165 8940 1194
4 703 5514 3881 5230
4 8560 2161 2213 8268
5 8411 4868 3069 8135 3460
10 7275 5029 2291 9543 7376 2033 8019 5505 5534 9588
6 433 2323 9073 7255 5905 4280
8 7912 615 7318 3263 4561 1162 8710 3871
4 5395 383 8530 8374
5 7606 4143 4188 5 6591
7 8572 2992 139 6564 3313 1843 2939
7 8603 5036 5392 170 2912 3869 4466
3 3975 3986 848
6 5032 5354 5323 2100 7849 5279
7 3707 4205 6466 3436 6055 8666 8892
5 339 3803 5359 3821 9745
5 9403 3541 3477 6471 3170
12 1813 4496 848 9767 6720 5033 240 358 6236 5302 7266 694
7 558 8561 4963 5080 1515 5347 2502
7 6563 7245 5910 679 2050 533 3965
4 721 6653 3507 4542
11 893 7649 4960 3304 6454 7362 2826 9555 773 6222 8697
4 4546 4843 4314 8503
5 5125 7518 5535 8449 9120
3 2783 6903 4079
10 990 8439 3623 3871 6749 5455 5699 4275 3852 545
7 3489 1662 7776 6135 4659 6038 1174
4 5379 2400 145 8201
3 5913 2114 6737
10 3609 7824 1207 9312 9304 2825 7601 9358 0 6541
4 8770 9611 9000 8240
5 2551 5333 8810 1244 6370
4 7732 2897 7976 8392
6 3395 1571 5492 3646 4976 3845
5 7866 9059 739 4975 5080
3 7020 7965 7154
4 1395 4700 1534 789
7 5927 1276 9286 3974 5929 3954 8095
3 9085 528 4126
9 6048 7502 9791 199 4157 9847 886 9709 3504
6 6201 6594 9293 2507 8077 8767
7 8611 1414 8154 117 3132 6764 7291
4 7328 2216 1335 9884
8 1803 7576 1921 8051 786 3042 6034 5448
4 609 5476 5805 5139
8 7091 898 7809 5862 9429 247 2699 4523
3 8074 8860 6462
8 1404 8388 6521 1031 7122 1944 2507 3795
7 9899 8009 5165 1127 9310 5499 6241
7 4336 3348 471 1527 5415 2219 1549
7 303 4146 4434 9046 1394 7787 8007
2 886 8919
6 2650 7846 2773 116 8495 8446
7 1300 1875 2969 9156 8673 9206 6086
4 9059 3839 3716 2975
4 1280 6333 5735 4932
5 4449 6406 9776 3412 3444
7 7373 4644 4236 7904 8185 5937 856
6 4025 4553 3748 5728 6048 5467
4 2790 4619 7081 2288
8 3522 7018 6841 3909 9182 1195 3768 5968
4 3908 5243 1297 9316
8 3889 300 5026 753 9967 37 7978 6268
6 113 3836 1480 6019 5409 2319
9 7720 193 158 3278 389 5067 2077 3665 6443
6 1424 2172 9302 1047 4076 7732
6 3133 8307 7144 9571 1273 4569
8 3366 6694 9908 6017 4169 3218 9230 327
4 8625 83 1659 9934
7 6257 7431 9287 231 7022 6370 7331
8 7110 7660 3908 3444 4214 2710 9877 5331
2 5212 3581
9 8141 1267 3724 341 6613 5518 8675 4438 998
5 555 5458 9644 3039 77
9 9782 5257 2680 6482 9834 3216 272 3986 6000
5 9707 4328 1376 5467 6303
3 9904 2540 5865
6 1777 9564 4207 9373 5440 3143
5 7706 6916 4811 3791 8164
4 2161 7305 1920 3953
5 4804 7709 420 3962 8625
8 3181 4118 7234 4107 3573 4310 9425 6076
5 6294 4771 6425 8661 9464
4 3692 7475 3425 9519
7 6199 5004 2616 1344 4572 1572 6672
4 3367 2554 3785 355
9 6140 1032 7039 3541 5210 9313 6335 9160 6346
4 8159 6767 4947 949
2 7414 9527
4 6889 6276 4861 1461
4 4955 7115 6867 2690
6 7260 8487 8221 3703 878 4959
6 6156 4612 5852 4863 7870 7440
4 8040 3175 2712 818
10 9607 3712 7539 1629 7771 4953 4217 2672 4333 3650
5 6207 1200 7941 7323 6594
7 7938 1703 6678 1316 5947 8913 9778
8 6463 5347 2370 7314 1081 2718 3432 8183
5 9845 436 7295 7217 9583
4 9225 8186 6181 5423
3 1111 3964 3130
5 1812 7521 8020 3 7172
5 8439 5992 4439 413 9494
5 6743 3743 2205 4299 8612
6 6648 7368 3861 1202 2598 2550
7 7300 1914 5071 5480 3344 9108 105
2 7699 1319
5 1149 3132 9020 7575 345
9 5152 6933 685 2534 1570 7286 2277 2830 368
7 7591 7274 4117 528 8659 4775 2178
6 842 8163 1892 8611 148 7987
6 277 8633 644 9777 2044 5886
7 1167 5225 7334 3912 3377 7501 5951
9 8581 3368 8148 7919 630 5122 9979 5130 2493
4 138 8157 9207 1463
4 3320 3396 3202 7692
5 5387 905 9575 3326 1862
1 7209
5 3873 4648 5245 5940 9371
8 5189 1688 8676 9833 7222 5293 9162 8648
6 6897 8623 7992 8582 4477 9633
6 9393 3797 8000 2876 5103 9056
6 40 5653 179 8057 8783 1218
5 8925 6351 1076 4349 1552
3 4068 7394 540
12 2317 6691 3122 6302 1077 3683 901 5006 4338 3852 3446 7094
6 4142 6695 8505 3757 6202 2315
7 9551 8622 4038 8533 7827 4050 9495
6 7946 1104 7684 451 8885 9202
10 5047 6772 9947 1458 1658 8826 6779 2336 6299 7908
8 4061 9330 6565 8876 6931 1705 938 1388
3 8745 7533 5672
9 58 5108 1764 9269 9347 273 6427 4540 2580
8 3006 5289 9795 2095 8069 8172 7081 2706
3 6185 8821 3812
4 2702 202 1294 8358
3 1069 9406 5250
5 4754 7495 9882 8049 4135
9 7083 4017 4960 8141 4160 5170 6584 4976 7053
7 5999 1383 2877 3677 7167 2669 9944
3 6932 6614 6421
4 5562 2578 5201 7820
8 4016 8101 504 6874 9625 6213 5363 8302
9 2714 5381 3677 3034 7464 9288 3680 7565 6436
5 8244 809 1589 9864 2120
9 5197 4023 8968 4815 2174 8292 8791 2616 6604
1 5412
6 7765 837 5446 5547 7950 9043
6 5362 1460 2553 6506 1828 2534
8 9781 6488 235 9627 971 2664 9024 5208
8 1029 3518 6542 6220 1956 5399 5153 27
5 4929 7007 5622 8821 1190
8 7685 514 6608 4593 8101 8648 485 8861
8 5567 875 5735 67 5322 7152 3212 1923
6 9733 1771 3610 9353 6337 5241
5 6184 2765 1386 9595 8303
9 9312 5861 52 732 9711 9999 6771 8529 5818
2 1249 8964
4 2336 5914 2442 8520
7 1937 3075 1555 1403 2434 1167 1046
4 6674 7802 5933 5535
6 9014 7652 5544 206 5063 5538
6 2617 8165 2646 3154 769 5940
10 3509 6062 6639 4833 1665 2714 3545 2730 8302 3420
5 9576 6598 1970 6938 1543
11 4933 8204 5225 48 286 7019 9777 3295 2572 6674 5816
3 5074 697 5134
8 1633 8140 7113 9876 91 7759 4443 678
4 5620 4920 9142 667
7 7273 1253 5697 4411 4312 9714 9433
8 1696 5632 1584 1405 8869 6255 4031 2951
4 733 5293 9708 5641
9 6821 9167 2674 9117 5303 466 2335 2516 9462
7 5545 9040 7724 8379 6540 8607 1395
5 4545 584 4020 9204 1152
3 6927 1479 5498
6 8383 1366 9226 4271 6873 9918
7 9496 2844 6374 7660 5826 368 9837
4 1557 6992 100 3824
4 2353 7627 5141 4664
7 3603 1780 4533 5055 1661 1198 6825
4 4878 6660 5901 9464
2 496 9546
3 4965 6210 2084
5 8146 2578 6781 6457 776
6 9642 9749 8563 5524 8768 2146
8 3055 5753 85 8188 3837 268 491 8470
9 5311 9313 2802 1406 6435 9433 8267 8368 4179
6 3663 674 1956 5055 9845 4045
13 7872 4033 5468 4454 5489 3104 6178 3688 1931 9116 6637 4723 3937
5 8972 723 2012 1065 8254
6 6461 1473 1690 5552 6172 8846
11 3855 2003 9780 2087 4017 7743 9753 2027 3461 5108 2897
4 2974 8944 6457 317
5 1717 7409 2972 5191 2992
9 807 794 1113 232 4526 1956 296 6148 3897
7 4038 936 7727 785 7860 9458 8396
7 8659 7451 4759 6861 4986 8532 5663
8 8785 8141 6484 3836 7171 9434 9589 6173
5 5171 4535 5121 2307 913
5 3318 5792 2009 8102 1932
10 2041 932 8133 6383 5848 9069 1114 240 9856 9620
5 4512 6889 6322 1283 4416
7 9034 3506 3395 9227 1847 8146 7635
6 4447 5728 7276 6216 8119 3741
5 7941 7848 8177 2173 3346
6 1693 4286 1021 5787 8294 181
4 8574 1848 2015 3143
7 6521 1629 6901 8363 1742 1316 5570
5 9946 486 1620 2535 2003
12 7809 5050 2938 2658 7035 3641 7884 9966 47 3192 156 9615
5 7374 1442 7845 391 5092
5 1527 550 5397 7389 7454
6 6000 7090 9292 8485 2251 7315
6 4452 5783 5643 6940 9671 8616
8 6919 6573 4467 7335 7468 69 5542 1213
3 3194 2565 3719
6 857 355 95 5286 834 5510
3 3046 454 9654
7 7639 1689 7568 3204 6438 4378 49
5 9767 2789 2448 1500 2001
7 9681 6958 2202 6086 4391 5772 121
5 5620 4081 2262 3694 6059
5 4990 3753 4414 1805 6144
5 5798 4781 6199 5538 5365
6 3284 5316 5706 6081 6970 4400
7 525 1631 9967 3150 898 4068 9380
7 8059 5946 3155 4558 8049 9096 9257
4 1946 4426 5080 887
4 2421 5141 6843 7537
8 6757 8748 8687 2641 4554 4263 9884 106
1 6630
6 9484 4735 5205 5785 1358 9443
2 1999 6698
7 1025 566 2153 4581 2370 9853 2229
5 7155 9235 161 1103 1538
7 7613 495 7867 4464 1944 2051 1614
5 8123 6397 5295 1465 8611
9 4123 5285 8693 1711 1188 9739 4159 3121 724
6 4271 6588 5335 7354 4458 7266
2 3167 7017
10 4272 253 2346 8577 9645 7019 5833 7104 3749 7094
6 72 4834 9236 1861 6948 9963
8 9975 232 5916 6738 8941 2772 9005 6188
3 3531 9793 3728
4 3666 9413 8372 3369
8 9810 4178 9724 6383 4419 6471 2820 7994
6 3602 5061 8770 6249 7963 3812
5 3500 5525 1296 2452 9419
4 3101 2290 6801 5136
3 5633 4410 9514
6 1891 9366 8552 6864 9698 6820
8 8011 1215 8814 4590 2622 532 6276 8151
5 4778 2239 480 1245 8726
4 6656 9524 1045 5665
3 1856 5087 7794
7 750 5610 9755 7982 5471 8690 302
10 3989 2689 5959 9500 3459 6999 5340 3375 6258 1284
3 3810 1907 2302
6 9685 9829 7792 8733 5083 2589
5 3119 929 2824 4556 1418
6 6359 3060 4286 3016 2102 7477
2 6805 4270
4 8878 5174 1442 6820
10 8459 7130 4895 1730 7115 837 2168 1541 7960 9882
5 297 1663 490 8608 3564
5 517 3733 716 5091 4004
8 9266 9424 9823 2676 9196 1570 2872 9742
6 5878 2019 5028 6208 7034 2797
5 4256 2663 7840 3919 5345
6 3121 9815 8475 1268 6271 5013
3 3619 715 4790
9 1667 8827 8757 1178 8591 8567 6151 3823 7208
14 4123 6280 8834 1395 993 3446 3443 2105 5613 2357 2710 2027 9800 2562
3 1042 3197 1445
5 5923 6460 7240 8904 2698
4 9000 5373 3405 7757
9 4494 8029 7331 2734 8360 7609 6292 157 2406
5 8336 685 3615 5838 1055
6 328 6783 1623 7932 3182 177
5 1154 4451 8592 4086 6241
2 6149 5831
8 8870 9461 9783 7614 836 1570 7768 3550
8 3511 225 4662 5107 5054 4895 7412 743
6 1968 2109 9094 7937 1508 718
4 7385 3035 2297 4143
7 3960 3915 2754 4775 3809 976 8720
5 9779 8348 7575 9637 634
4 3432 4944 5693 6213
8 8846 5658 2069 8097 4740 7860 333 891
5 5318 6179 5722 7778 1289
8 7397 7710 4326 5950 7201 3751 5609 938
10 2870 8967 3473 1818 3802 2750 7063 8201 142 3330
5 5901 4377 2245 7642 356
10 7273 1409 8191 4374 9562 2733 5692 6058 6620 8935
7 7553 5580 201 8798 5980 9547 2440
7 5502 5281 591 1097 7505 9647 2985
6 7535 6087 7481 3052 7924 2451
9 7696 779 6250 1738 4194 3153 1260 2941 1590
6 6609 4417 2060 4444 5096 2683
3 6291 8519 5451
8 5573 1617 4468 7972 5003 8341 2003 8679
5 822 6934 2121 9634 3246
12 3627 8499 7047 5060 8853 3497 5330 2966 2277 9926 9457 3389
11 6437 7504 7961 7555 4221 3329 7692 5627 7771 7639 6877
6 6343 3630 6894 1761 4373 2401
5 4710 2219 8419 6553 6969
8 269 6583 8095 6280 6983 4685 3487 8672
12 8980 5778 4202 7991 401 703 2089 1799 8003 1006 7185 5078
4 4447 4270 8639 3947
3 8914 9057 4367
9 3031 9939 3076 3921 4922 8055 7163 818 9796
11 1793 8226 1028 5681 4789 5644 7062 4307 3912 8818 258
3 3810 3421 164
4 4265 3114 183 460
9 6802 4915 5016 3438 4414 6036 254 2710 1426
9 3442 653 1563 6444 8201 1821 554 5855 3148
7 9104 7386 8560 4333 9581 4569 9391
6 9161 585 466 3373 5460 5429
6 6643 1417 3349 4267 1643 1763
6 4676 5736 4813 7289 9783 4169
8 7673 9079 453 3841 4775 9447 389 5901
4 9748 8842 424 4737
5 3368 1248 2495 3730 1198
4 3521 4119 6753 9262
5 4326 3084 9772 9195 7313
5 3493 4703 73 9297 8209
10 3473 4067 5597 9045 7315 8543 6640 3733 8231 1332
8 2203 2783 6682 2579 4837 6741 7757 6310
5 63 8921 4090 8630 8580
8 2932 1405 3862 3445 7134 3678 9376 7460
7 8966 899 387 2042 8259 8163 7551
7 2101 8318 2376 3805 7908 7667 4125
4 1924 2073 207 949
4 6714 2882 9813 5608
5 5408 3700 9019 1323 2396
5 5603 2185 5932 51 1352
9 3942 7618 4676 4617 859 230 6043 1237 4955
8 9656 6450 2854 7078 9949 2606 2424 4397
7 8560 5646 554 6998 5238 5465 8888
4 132 9380 3338 618
3 5370 2702 7140
3 6500 531 8250
9 6381 1434 5180 4638 6725 2235 2518 3106 3072
9 7035 7898 3910 9136 3694 5359 6859 4028 5159
9 6236 7516 3432 4559 3273 5837 9883 6094 806
4 2105 4673 2761 8575
5 1722 5075 4903 6859 4399
4 606 2100 5394 8257
7 9233 6404 9517 6651 1061 9614 6349
8 5498 7086 9742 6635 9483 3941 6836 1481
8 8391 1267 6419 5113 8763 5061 149 2336
8 4635 8447 823 8958 5643 2285 2875 5640
8 5179 3347 2393 493 9212 6850 7270 5685
7 1864 5867 743 2182 4135 7810 7391
7 1274 1881 8002 4554 5477 9342 3354
8 4216 928 9509 7046 40 946 5621 5842
3 7054 6775 2221
2 4500 2519
7 7150 975 5639 4718 7366 7822 3921
11 3793 3980 4794 5596 3784 991 5717 4959 2907 8437 7486
6 8829 5696 7606 5114 7343 9653
6 7508 1385 2369 9133 258 2562
4 5572 3195 3683 5753
2 1055 7114
8 8874 1308 2432 9011 3918 4430 6663 9038
7 8334 91 105 3679 6991 6833 4635
4 1691 2250 2120 4097
2 8005 8044
8 5129 1189 5613 272 4225 1287 1571 3803
3 8754 4403 6586
8 7251 4148 3598 1865 8245 3838 4261 3512
8 753 443 6366 7563 9153 786 9299 4374
7 344 6311 9561 8844 4216 5389 173
5 5167 9009 2183 7507 7113
7 1381 7939 1212 1363 1755 2983 8442
7 5232 7496 8057 3621 9619 4831 4877
2 9012 7905
5 7426 4012 4212 4293 2801
2 2815 1529
6 9517 4086 6474 3391 6551 5095
6 3253 4955 6856 8183 7423 7496
3 8934 1228 9713
6 8595 9991 101 9011 2979 9189
7 6041 7130 2728 5818 6515 5976 1745
4 7308 8984 4536 1705
8 5944 1445 5774 8008 7801 1463 1040 9798
4 4533 3906 2973 2699
7 1886 2813 324 7584 4659 5245 188
6 1919 535 7326 5924 5012 8193
7 1117 9413 6508 6020 1915 2814 7859
6 43 4973 2538 6308 4135 749
9 4315 4760 8234 170 1653 3724 2497 2142 3739
5 4791 9239 5181 6100 8461
6 5342 1920 6792 9143 5705 3769
8 6374 9344 7224 9869 4088 151 7080 9995
4 6060 2978 5435 279
5 3971 7085 5488 5937 9111
7 6645 9498 5993 5199 6898 8357 740
6 4609 3233 6535 8264 1524 2549
8 5336 7094 6883 764 4909 3239 9746 1516
8 5626 4415 5925 612 9044 9801 1804 2254
5 3431 6592 5486 443 4520
5 3920 1084 494 5211 2797
3 2572 5616 4279
9 5039 71 9231 901 1358 9527 7354 4960 485
3 6702 3710 309
5 5416 858 6937 2625 2663
4 2341 404 1253 4668
11 2205 8107 565 1341 8722 9006 2163 760 6612 7318 3449
7 9440 3484 6948 162 4294 6807 7433
11 8973 4148 1761 7717 100 8533 1061 6731 4642 6401 7340
6 4955 590 8231 4079 8745 4937
8 5529 8033 8100 8719 76 3420 9685 7140
6 9905 3319 6997 7488 241 2177
4 6861 8673 9368 6341
4 8261 1504 3207 7473
11 9621 9917 4957 477 8118 2236 4639 9723 1218 5286 4761
4 7204 6747 9286 9206
6 4249 7123 50 8491 4801 2572
8 5575 5090 9923 1406 6622 7996 6352 7114
12 2894 9767 1567 2273 2742 5084 320 6211 7501 2307 814 9457
9 2616 2453 1102 6755 3709 6208 5398 6378 2338
4 6518 7391 4513 5166
6 1075 6345 348 3850 483 1103
4 1897 8758 9716 934
10 127 4049 4211 4701 6282 5908 8230 8472 4258 7816
6 9278 4260 2655 4671 4867 4643
9 5283 9233 9551 2430 3314 8650 8043 4405 7755
6 9868 9570 3057 8455 4017 8461
5 1421 4843 1883 7540 5722
4 2861 5218 6659 2157
3 9995 1979 9597
8 8078 7739 2695 131 1965 4587 8765 1347
6 7398 235 7789 8336 734 3957
6 3905 8200 9630 875 7475 2930
5 6528 4313 8050 1377 53
4 6454 589 4969 7383
4 3246 4895 2029 208
7 2093 5085 9822 6028 7398 2202 4271
5 7542 6563 3860 2331 8987
9 4647 1063 1526 4665 1315 3817 9187 8032 7915
9 425 2892 2658 2793 1522 8583 4933 3885 3615
6 5657 1056 7141 1620 3982 2199
5 9752 4023 1353 9681 1103
8 5058 24 9787 8748 6875 8104 1779 2036
2 178 8615
5 6318 8848 3184 1618 5315
0
2 7459 7059
1 4953
3 1556 4496 2911
7 2694 897 4096 3880 5290 3396 5806
9 9438 4950 8390 9282 8107 9573 6218 7359 6392
6 3767 8400 8304 4674 1457 9301
7 3857 718 5154 8632 4570 4713 7998
8 1619 8072 5364 2479 3088 6273 9794 9546
5 6490 6162 5092 7212 1709
8 9202 7725 4104 2607 8963 6547 8486 4374
5 4349 1807 8320 7910 1079
10 7186 9825 3526 4126 3545 9084 546 4245 8254 2486
5 7015 8956 6411 6280 6744
5 4711 3214 674 6826 2523
5 2001 9857 9669 5606 2082
6 3786 5775 8642 2896 2227 1527
4 1591 7343 9838 7422
4 3433 6362 5277 6395
12 7206 1637 3499 6574 2217 173 1920 6274 1146 5633 5005 4636
9 1854 4188 1641 519 1245 6793 0 1090 9309
7 9867 7739 1074 5801 7162 1295 6145
6 7201 3004 3766 9262 5088 7838
6 2493 1160 2130 4288 6023 8109
5 1113 3263 6367 9033 7137
9 3178 1685 7640 8179 1484 2635 9392 4991 8261
7 3842 5349 8052 3489 192 464 4209
6 849 7710 7378 7440 2662 9473
5 7306 439 3688 6747 9443
6 2469 5764 2852 3118 4880 3938
8 5472 4895 1815 7750 9678 5968 8181 5851
10 2242 7549 6678 1808 3535 7485 619 782 3946 369
4 2623 5966 9024 990
6 3760 5603 7021 7513 5041 1947
9 1230 5437 1659 8454 4889 9580 2496 4038 9457
7 8850 2749 1274 9476 8785 754 2812
9 5715 5653 517 1805 9282 9631 1109 2134 732
8 7433 5615 9049 9896 4842 7020 1795 9270
7 997 7644 7300 8414 6672 6089 7663
9 320 1296 5636 2250 9247 6991 90 5260 2661
3 3169 8355 9162
10 864 842 3719 4667 2915 6484 6158 6773 3668 9403
7 7052 4512 423 2007 7439 2200 6887
2 2093 9440
4 620 5793 550 4523
9 8542 8856 6225 9453 3865 7846 491 5338 11
5 7203 8515 1957 4780 3084
7 5424 3772 2273 6241 3424 1047 5487
3 9052 9586 4476
4 9669 1756 5791 7445
6 1642 8993 5019 7161 7245 2177
7 1179 1931 1305 8529 2794 3549 6116
5 846 7 3069 6745 4721
4 9874 6224 8262 6099
7 416 6160 2830 4224 6652 3246 9015
3 1373 9671 9409
8 438 1723 5089 8216 7832 7506 359 9042
7 6771 9533 8301 5924 7483 9219 2421
3 3849 4256 4985
5 6033 7988 4087 9355 4661
4 984 273 4017 937
4 6767 6920 5242 787
6 508 4238 5515 5876 3666 794
8 7190 5598 7023 8786 853 2835 1048 9780
14 1511 1314 7493 3863 4009 524 5473 1682 2829 8452 1264 3876 8698 1983
5 517 9513 7997 4967 6838
9 5934 9805 7761 9082 489 3630 2016 5696 7439
5 9012 8826 7137 1570 7448
5 2501 5015 2128 254 1803
4 2238 1380 9369 3452
10 4641 4408 1426 8861 3379 5260 7200 3672 1478 5592
6 2463 7392 9804 600 2386 6446
2 4530 8079
5 9737 5880 1377 4078 2264
9 3990 8528 2237 2143 1752 5944 8607 8248 2402
5 8027 9535 5281 3676 8514
6 355 1315 8046 558 1179 1725
8 870 8484 2638 1939 8316 5017 1445 5000
13 384 5131 1456 1099 4328 1417 3221 5728 2174 3769 501 6462 3259
7 7737 1799 1396 129 4027 2168 9541
1 116
6 3443 2309 7458 52 5198 3380
4 5420 4146 9890 6609
10 2445 4137 7011 9217 7602 5454 9211 2758 2322 6255
2 7706 745
5 2575 9697 6804 2961 4860
6 1148 8392 4986 7528 4115 8231
9 1408 1741 8656 1553 7689 5297 4102 7424 7077
3 7482 916 6931
5 756 2834 3587 3609 8274
7 2931 7479 8805 5047 4324 4198 862
7 9633 6799 1979 9577 973 8074 2427
8 1509 5907 4213 4422 2863 857 5959 942
9 3003 3051 7422 6343 7370 1338 7343 5516 3188
6 7055 2401 8772 9179 3065 3300
2 8490 8716
8 1735 2976 3167 5832 9210 5344 9824 8014
7 1754 3909 8646 4084 3664 2001 5437
7 8481 480 5339 157 3720 6686 4429
6 5131 2256 8765 243 4662 7669
7 6700 3499 5492 289 8908 2792 8797
7 9265 3570 6738 8445 4505 160 7896
5 4975 5490 3873 7018 1245
8 6863 4031 3213 2392 394 6666 7179 1576
5 2033 4523 5827 4067 8374
5 9490 8090 6446 8606 1259
6 3264 459 2841 2066 6847 3266
4 6745 5774 3568 142
6 5292 5918 4253 9563 532 5117
9 1894 3136 3772 6146 4990 132 2999 9742 9274
5 6840 1453 898 9043 7117
3 4727 4420 1859
4 5238 8571 6992 6083
6 8513 6145 2084 3184 3778 6833
5 6779 8176 855 5973 8138
4 5836 2188 4947 1208
3 2701 1743 459
6 2165 6624 3633 5563 750 4301
8 4589 7616 2802 6658 5826 6002 1868 9973
8 6539 166 2141 6726 4529 1423 7811 7679
5 6824 6380 9344 4706 5159
7 9420 2580 5988 6209 5972 8392 8311
3 8955 9440 9226
2 6860 5545
8 1196 3588 9444 1674 3061 4944 6963 6074
7 7431 3053 2504 6444 5452 3168 5518
4 1681 215 5483 7743
7 8199 618 8334 2612 9576 4826 2473
12 1467 2380 9772 1137 1852 3627 3803 8876 5014 4478 9363 5515
4 8542 9914 1716 2037
3 9040 3608 4788
5 7172 1317 9498 7753 4752
3 1490 6089 324
8 238 4588 4833 2303 2739 8165 113 3569
6 4580 8774 6136 5127 6111 3675
4 3052 5190 6251 3515
9 2629 2186 449 3240 1099 6230 7274 2912 4581
14 266 9541 6115 4009 2745 6223 9613 9247 971 2480 9799 6983 8429 7449
8 3043 8246 2947 545 3913 9951 6974 6427
6 662 8268 3893 8061 5355 6221
10 1989 4846 3458 5726 44 3690 7313 4216 6653 1806
7 8539 9914 2781 9194 6655 3706 1825
7 8541 4494 8685 6852 3115 9038 490
5 701 9989 7055 5606 4646
3 7411 5956 4947
11 4660 4396 7347 8733 6635 8359 7906 8587 4965 3563 5102
9 9732 1765 1222 9962 3049 9166 9826 2438 7849
5 4092 9290 6543 3419 4600
8 6730 6904 7353 3822 1674 5166 1897 5103
4 80 1049 2365 8223
3 8764 1329 146
4 352 6352 5953 1122
5 3999 3965 5157 3669 3411
8 6403 9795 2454 3129 6305 9575 3097 4034
10 1497 6562 1818 8895 5103 8639 9281 6381 6781 8886
5 5115 5513 8444 8226 3750
8 4351 4783 9069 2386 62 2255 6512 2868
4 1692 7783 2285 5089
2 2667 3261
10 8856 3992 6808 7895 1840 6420 1635 1886 0 7145
2 7779 9628
3 7948 9170 3190
5 8347 9758 5133 9256 3613
8 7846 3868 7616 4635 7430 861 4297 3995
7 2149 8188 3261 3060 8863 2232 1263
5 7305 3375 6114 9034 6171
6 8602 9628 6147 7542 1710 4710
3 7669 5642 8275
3 918 7528 7884
1 6596
3 6282 3081 110
6 7182 3521 1702 8470 3735 3905
6 8869 5083 2430 4344 7722 926
5 5507 4047 8197 6292 8237
7 7627 8695 4077 425 9156 3473 1590
4 7517 7516 3872 7401
7 2345 5633 604 1052 5829 8919 8354
11 5751 2325 4417 9424 5095 1417 747 8861 7211 3694 9085
10 4714 5935 5927 3251 1216 8318 8473 216 3967 9009
10 6750 5794 1242 7160 412 615 8904 269 7259 7872
6 1040 3345 957 1917 3957 5150
5 1318 2128 3660 8536 9370
4 8049 5305 3116 7901
9 5243 3327 1689 8729 4371 9603 488 1639 9939
6 699 4488 8179 9702 8332 4552
11 5362 355 4390 7655 4224 8322 3550 9078 4407 6750 1905
7 140 2682 4581 4072 4108 8621 3969
3 6362 1066 1712
8 9291 6160 9592 305 3018 7700 4297 9241
5 4246 5829 3471 9785 4084
5 8445 5237 2408 8104 9915
5 1400 7559 8867 1325 4020
12 3036 2313 3411 7089 9093 1962 8541 8902 3661 4805 2907 7216
3 891 3878 1766
4 3445 9830 6460 5953
6 4743 6910 2815 4087 4901 2578
5 4182 3872 9028 8444 7111
5 76 4125 2647 2779 3124
8 7171 9730 4413 6117 2983 791 8563 9944
2 4510 1153
4 2501 821 207 575
4 6408 9305 3626 6235
8 4698 35 2502 1613 4342 7113 5460 3380
11 3446 7808 971 2078 7331 7501 1153 6853 6662 2397 4088
9 2418 3535 862 5787 7639 7610 4789 8674 1453
5 1120 242 6673 2285 6769
9 9531 2480 3150 4700 5302 3493 21 8213 9755
6 4789 7257 5269 8481 231 9810
8 5453 3056 6030 3776 9672 7967 7117 3037
3 6899 7594 6436
3 159 1215 7070
3 8801 7342 6885
2 5996 4030
8 5278 2288 9057 5423 6536 1231 4864 8158
5 2821 4402 7473 947 2388
6 3735 486 6967 852 8429 2168
7 7431 8253 1314 5405 5533 8921 6717
4 8194 247 2531 2706
6 8734 2360 777 8501 5276 8131
5 1060 8504 28 825 5233
6 5198 7261 176 4259 6128 8022
5 9387 3476 9344 6762 9451
1 6840
14 6571 7936 1398 5311 4429 3236 7884 5215 2050 6789 4889 1757 2882 2898
7 4047 4297 7429 919 6704 3627 2852
10 3773 6105 8031 5427 7530 996 993 6016 3482 4507
6 5346 8436 2220 5681 3043 2761
6 3173 6997 542 3335 7041 4819
9 2066 2228 2670 205 9884 432 4939 7003 6913
1 5910
4 5164 370 5110 8581
7 7722 7702 6621 3172 76 9951 5298
4 6352 5093 3643 4214
7 1059 8698 2901 6312 6227 7158 9311
9 2269 8520 1823 3548 2292 1408 8264 6227 1041
6 8167 2900 6317 6374 3641 3379
6 3436 5343 4000 7872 2879 1695
3 379 5246 700
6 341 3620 9089 7478 864 7179
8 3602 8856 4926 6760 2466 1975 3739 1709
4 3128 6542 8774 3972
4 948 8645 7951 2347
7 8698 5112 2138 2675 6829 1404 6691
7 7688 5192 3201 3441 6732 5566 5409
3 4698 7078 3076
5 9891 858 4032 375 3001
8 3520 5856 7962 5773 9267 5429 4359 8504
2 2134 6173
9 8192 6478 8226 9417 6668 324 129 3558 4447
4 5301 2553 6195 989
9 1462 2882 7810 2679 4172 8610 1488 5294 2231
6 5674 8154 1221 8535 6522 5113
6 6244 9023 4149 9381 5557 4114
8 1519 7889 5156 4858 941 3641 5294 1974
6 4042 8476 1290 5254 6941 4572
8 3299 4638 2896 3236 1118 3767 2247 7165
6 5281 6752 9842 2987 9082 4530
8 6198 8583 9657 6676 1636 5899 1961 6031
5 3319 9950 4111 3098 1439
4 4834 6401 4900 1106
2 4700 2748
10 1902 6160 3703 5756 6395 402 6403 4429 8 8102
5 7780 4651 7785 396 2628
9 5426 8754 890 5064 1082 9987 5781 258 3242
5 7454 7935 5855 7251 2399
6 2000 2763 7548 8711 5890 7043
9 6627 6108 9317 9542 717 2100 349 3577 2447
7 735 5385 2815 7992 2173 736 1361
12 4401 7815 939 5231 4500 3198 3400 4417 6191 9376 9728 2822
4 5944 6730 3614 1744
2 2451 3227
5 969 3734 9626 3547 7765
5 2765 7841 1400 560 2594
2 4609 5139
5 1130 8803 6305 7046 4234
6 7066 848 9990 7793 5196 3448
6 6194 2134 879 1072 1030 579
2 5944 1709
3 7301 9248 6948
4 9581 8501 418 7544
5 2522 5884 8671 6932 7515
4 934 2541 3427 8115
6 2787 4285 9663 2244 6024 5073
4 2292 1105 1353 9746
9 5934 7280 5641 7247 4413 6883 9240 4740 903
7 2255 4901 8872 5754 8140 513 9312
2 4144 9757
6 4036 3106 3195 992 2479 7472
6 7550 916 8011 2997 8848 4811
10 8313 8205 884 7235 738 3861 9737 4653 6616 5772
6 8366 8133 7764 9624 1895 9273
9 3284 2859 5254 7476 4645 7434 301 8106 5616
7 416 8627 2088 734 3899 6437 436
3 2670 1174 7108
4 6033 9336 4166 7541
6 9965 4725 4034 2999 5852 5295
3 4478 3199 6937
4 3805 5948 1285 8951
6 7891 8728 2948 6649 7980 3314
1 6450
9 1611 8545 1530 9148 1256 9180 4666 9095 653
3 6921 9993 2672
7 3651 4791 4029 9393 5236 6064 22
7 5874 61 41 957 7602 5230 4530
6 1860 6240 1870 2956 6318 7328
8 9203 6815 9875 942 971 2069 3335 8645
7 5303 3468 9902 1637 5456 8010 1602
6 9729 5111 3529 2178 8496 6913
6 3768 9498 3222 425 1752 5986
8 4934 9222 6378 1816 8080 7396 4967 484
6 6690 511 5766 7115 181 1256
6 1325 478 3513 2434 2012 4875
4 6094 1722 3088 3640
3 9550 9576 3436
3 7133 2327 9831
12 5882 7459 3231 4279 5336 4176 7795 7856 2005 393 4545 7435
7 3120 5167 6835 8293 6412 7801 9139
8 4544 7010 2321 4702 4652 4094 9077 9363
3 8260 1110 4338
3 6866 2570 566
10 8413 6575 1506 4793 1134 3133 6646 3961 3942 9355
6 1425 4182 9903 5850 6207 1786
10 1106 1211 4615 8289 2183 8350 3648 3100 6575 233
2 7933 6168
8 8805 2643 849 9697 9372 9104 7861 3161
9 5426 3453 6003 5957 6839 8077 5793 8986 8657
8 9617 8925 341 1531 1571 9374 2977 3042
6 6374 1695 3153 8618 6997 5302
6 8220 2955 8695 1127 529 601
6 1926 8828 3577 6511 7967 1846
3 2232 2536 917
3 217 393 1851
6 6543 5232 3657 6866 1286 5372
5 9883 3450 3666 1169 5912
5 1320 1506 7224 3176 6021
4 9321 6670 3861 2178
4 5530 9055 2206 8065
8 7522 8448 1452 2025 1986 7586 6939 7391
7 1017 9995 8201 9492 5468 5000 5146
5 7245 3050 3848 1788 9433
3 6029 3381 9033
5 2560 3850 924 2317 7545
3 6084 2782 6533
6 9943 6008 7736 3194 8150 853
4 1368 4121 9460 569
10 7641 387 5095 2960 4997 9076 8584 2820 8041 7887
6 3219 5262 9813 7569 217 1773
4 6382 260 4641 6177
4 6207 400 7069 8588
4 2216 8888 3831 2274
6 8673 2765 6319 3007 5889 2115
5 9161 2857 6518 1026 1155
4 749 4205 6246 7116
1 870
9 9632 7387 1827 2453 418 7953 7601 1833 6210
5 7766 2369 9740 1928 4696
4 8848 4333 3272 9807
4 8940 8720 3616 7611
4 942 1467 3353 7960
4 2748 4527 537 6495
5 2791 7297 9000 3731 8262
8 2525 5567 81 9619 4596 7289 1488 4819
8 9453 9955 1301 9921 2419 6556 4750 4236
8 7210 4573 5128 1994 9286 1256 9160 5305
5 1336 2074 5675 8946 1284
3 7576 728 6749
5 655 5651 6843 2952 1373
6 7842 9215 6737 6388 3485 7395
5 584 1606 9629 1849 508
6 3027 3011 8109 6291 7306 7325
3 9431 1825 8500
8 2354 7207 1841 9215 1697 9300 9255 4390
7 1730 4434 518 8065 5770 735 3453
7 8810 2306 9199 1431 6024 96 8818
5 1087 4489 5419 9226 7824
5 7792 6002 5822 4543 1714
8 688 1034 7416 9354 5700 385 9182 920
3 6693 6688 1244
3 6016 1636 8205
4 6854 2419 9931 9732
4 2773 9822 5762 2630
10 1890 3493 9338 8759 8285 3116 3805 8691 6049 7050
10 4279 3794 7384 8945 9722 3118 1451 5679 5163 9946
8 2833 9273 5636 3149 7350 3886 9035 3223
3 1930 5328 5497
5 7558 5406 9670 1696 1110
4 9438 886 8592 693
7 6308 4933 9232 2534 1119 1012 4337
4 9058 5250 4068 6647
4 1086 8504 4844 4660
5 3475 25 2059 2069 8033
7 6945 699 9250 5653 2898 4183 797
7 278 9920 3409 4095 6897 6126 4082
6 2299 2022 949 5156 1356 9445
2 4344 4785
7 4761 6474 7863 2681 8462 5174 4659
7 7591 9673 4747 8482 6376 7010 3746
11 6589 8641 1293 5594 8630 1922 2890 3424 9603 5148 6226
5 3769 834 1030 9634 2414
5 5952 264 979 9849 2453
3 753 807 4846
2 8330 5439
4 5142 3872 4462 8761
9 7834 1807 5434 5715 6929 206 379 6475 2292
7 3839 4122 5569 1132 9173 6385 3795
7 2926 7110 7129 6062 591 1908 6202
6 7629 820 195 7825 8690 6500
5 576 8704 811 9423 1028
12 8950 9751 5166 8423 3352 9920 8903 4888 1468 9825 9416 8611
7 7191 169 7946 7111 1109 6836 3517
5 1641 5805 6183 9147 3694
6 6247 1260 1968 6536 7967 5411
4 9283 1180 8374 3117
6 1634 9609 3245 324 1421 7006
5 9934 7045 7062 532 8950
8 6919 5800 342 9356 7912 7308 4986 1801
7 7069 8044 7303 1797 5394 1044 6566
4 8314 3679 7202 4135
2 6587 1380
5 9900 7146 897 9668 1843
7 8188 9411 4075 9568 9647 162 9306
6 2282 7655 7156 6122 5904 1361
6 8509 8397 4325 1219 6438 834
3 4232 2963 6363
4 8596 3642 7083 4732
7 1208 2919 4849 783 8729 9673 2067
5 6888 1613 4067 3691 5107
6 6028 9101 3423 1479 7537 1950
9 6032 2431 9481 7117 3231 5326 4783 9487 5098
2 5909 8712
4 31 3659 6065 764
5 7320 4402 6303 3559 8423
7 4418 8801 307 6897 6523 5765 9730
5 2911 4151 7444 9354 7377
10 8054 9918 6941 2514 2803 7277 2332 2521 3592 368
6 975 2618 2621 1573 2520 9036
5 9713 5119 6656 5508 9093
6 2420 6754 1673 5494 2557 2348
6 1747 96 9597 6492 9242 8721
5 2122 5579 9060 5566 1246
6 6400 6951 3330 6588 7368 7530
6 8892 3365 9586 8466 2457 5223
5 5486 4449 471 6873 268
8 2555 6850 6029 3811 518 5183 937 8551
6 997 8656 9183 7795 2973 570
4 7906 781 4002 2543
8 8663 1507 6631 1166 9488 5505 1759 7153
5 8697 1385 7216 5287 9905
6 5938 8594 9791 2813 5220 5991
3 7415 9512 8077
5 5990 9568 5917 3226 9153
7 6054 9628 7249 6463 8832 7233 2965
3 9557 3519 5298
6 3454 4626 7327 4116 1411 9338
3 8925 3326 6248
3 8549 1644 7221
6 6611 3657 575 4185 9441 3859
8 2680 3361 7723 4859 1734 7411 6833 9240
9 1501 4408 377 783 5143 9451 4257 7795 3609
1 2598
8 759 1262 3046 8294 2498 266 5711 5903
5 9563 9795 315 5420 4374
5 8156 5034 9668 5685 1874
9 8803 9371 9131 6030 4702 3522 4330 9852 1829
5 7552 9777 9271 1249 3697
9 3025 1168 3287 2219 1515 9080 8422 5654 5258
5 1775 5636 536 283 9568
6 6912 548 4008 7171 8617 2544
5 1520 3905 549 7673 3637
4 7776 9837 6237 4287
7 1189 1896 3928 3603 5996 8042 8087
7 2593 7831 5098 763 3046 4067 3028
3 4987 4606 3441
4 3937 1208 1113 2805
9 1560 7795 6336 3155 3025 1663 3304 7515 8129
3 5918 4278 5018
4 7219 1194 264 8262
10 2154 5296 1059 9264 7433 2514 2541 2266 2577 7871
6 8060 1853 7140 1013 9352 2207
7 243 34 481 9885 6546 1819 1037
5 8780 6646 3804 124 681
6 7275 867 1458 9909 4262 3937
4 9549 4846 1523 9483
11 8086 6862 2869 292 8311 4267 6141 3725 8207 3655 7071
3 5693 7809 8521
4 4922 4153 3181 472
6 992 529 99 9293 881 5452
5 7867 8337 4173 9674 7296
7 9266 5210 662 4273 2590 474 4175
4 1516 743 1713 4769
7 7265 6978 5463 1017 8778 2711 8968
7 701 1584 8009 440 4553 6334 9417
5 5705 1574 878 4544 6944
5 4757 7859 4815 9573 1350
7 3944 775 5670 8388 9542 9822 2083
5 1634 7731 1797 3087 95
9 1749 505 1302 238 4883 9351 6596 8639 5053
1 7100
5 3380 1578 8017 7928 1291
6 6796 7941 4167 4533 5740 3928
4 602 4285 829 5655
5 1310 2267 8000 85 753
3 7136 202 4285
4 590 7774 8187 1132
3 3989 7743 6329
1 7831
9 9887 719 9498 9100 8731 2180 9458 7361 4419
7 3730 9449 2891 9727 4538 6037 3495
5 7412 708 3336 1550 9633
7 7356 2099 7243 400 2095 5647 476
5 3667 6710 3929 9604 908
8 5235 3994 272 9485 1767 5123 1366 5263
7 2542 7738 7258 8224 9944 6301 627
7 7073 9112 6170 4765 5850 2712 9180
8 3713 6074 6392 9359 5811 828 3220 30
7 6474 1529 3255 9234 4948 3233 4149
8 9052 1389 9049 2106 2905 4498 3930 6479
11 8995 4603 5482 7668 7051 9903 3009 5920 2229 8988 7997
4 2367 1108 4021 5368
9 5819 543 3909 2562 3470 4739 1770 1745 785
12 8225 4961 7336 8370 3652 7298 6217 1195 9015 1344 8377 5619
2 893 4809
6 4875 3727 633 9077 3434 5723
4 9278 4970 2417 994
10 7243 178 195 4256 4451 5100 8500 6678 7526 9120
2 918 8447
7 7067 1619 8694 5185 6651 4123 9759
6 522 4521 4467 5840 8300 8230
10 5498 1086 7304 5865 4723 3925 4504 6358 3750 3583
6 7443 9502 6399 6656 7050 7827
5 6355 5907 9311 7080 2013
7 2685 220 9971 9051 3407 9345 462
12 1582 8474 3112 9636 2852 8452 1022 9150 3909 2608 8919 6519
5 8288 5217 3531 2124 1391
8 2034 2183 6149 8766 246 5447 5331 7709
10 2572 8117 5343 5931 4803 2007 6904 3823 8663 2769
6 4403 3281 540 2699 3692 46
10 7553 4979 5568 8653 665 3997 9812 8167 7723 487
6 298 7538 348 2653 8408 6658
8 1305 8478 7273 6166 4979 1915 8842 7646
9 7842 4540 3782 8392 6543 4306 1769 7121 9382
12 8408 2468 2316 7365 7808 5925 4396 6395 9065 4118 7624 4611
6 5278 7350 4132 2731 460 8773
4 458 6001 7992 5102
8 9431 5674 8975 8594 5456 2656 7532 9863
8 2256 5568 6795 9296 7932 1746 4253 1491
4 9491 7411 2077 3025
8 3964 3388 9148 2006 5339 4999 1814 9603
1 5838
5 8940 1570 3189 6837 1640
9 1680 1963 7541 5060 6024 9814 3719 5104 6377
3 8735 9295 3345
6 9233 6411 9882 714 9601 1627
2 3426 7503
9 6761 5328 5667 5659 2559 5464 162 4491 2487
5 6221 290 3531 1999 2967
3 607 7362 5169
7 6760 2959 602 2781 5038 2374 3333
6 7683 6239 5964 5960 5687 4577
2 3098 6891
7 5233 581 6644 8535 9616 8554 9208
4 7319 8592 7495 5054
10 7540 5789 9510 6655 3802 3869 2276 7751 7143 451
8 4466 6544 1951 4356 5541 8112 4252 5584
7 6423 6668 6099 7591 2677 300 6662
4 8578 4239 7392 648
7 3318 2895 4891 7129 8049 5534 4411
6 4707 2356 5715 2974 6317 625
4 4385 4006 6595 8781
6 5199 1016 1060 7420 5482 7693
8 1231 1628 1230 2705 5948 265 759 2344
6 647 8338 4589 7031 8227 9162
5 8146 4905 2600 4154 3350
7 4870 3237 7729 8433 7223 4318 9425
6 9603 4694 5948 5990 4232 1696
5 306 1190 8501 3645 9761
8 2563 1833 5422 8332 7495 9415 8028 885
7 2564 4073 6379 3443 7159 1311 7066
8 7348 7577 4153 5420 3891 6506 5002 8131
2 4659 3902
6 9455 7172 6829 697 8555 7526
9 4833 3408 7711 795 7763 8816 9287 5978 7017
5 385 8420 3845 5511 6223
8 6249 1740 7938 3096 5504 6379 9245 3207
8 6327 8814 653 9471 7447 943 8789 154
2 9012 3922
8 9103 3657 9485 3108 6163 5326 9799 9186
9 7140 895 2664 1829 2153 7934 2216 9128 2396
5 8593 3543 1188 6809 5971
3 725 888 3074
7 6437 3406 5237 4047 1647 8255 4060
4 253 9496 1792 6099
5 445 494 9474 7651 2162
7 2208 7475 4140 1305 1144 3133 9185
4 6939 2314 96 7672
8 6665 6201 8854 3066 8759 1707 1232 9988
6 7758 3502 8659 2765 8951 5698
8 6924 8275 1277 6589 6988 6426 8820 4240
5 9188 279 5511 1368 3279
4 4363 8847 6003 6274
7 5840 9139 3058 5964 4514 66 9150
7 6866 228 197 3407 5838 2316 7636
5 6606 5044 4794 4077 1479
7 420 8667 9963 5340 2435 1748 8122
2 8697 713
5 3013 741 8679 112 8962
6 5602 8257 7347 5860 1916 4287
4 70 7422 4262 6444
5 2842 3773 9305 8239 3298
4 1431 5081 9490 9664
9 6496 5155 756 3340 8335 4734 9614 5016 1596
5 5933 1848 7850 7303 2125
5 1894 5765 1522 804 5508
6 8432 5715 6488 5989 1717 4330
3 1250 7777 6764
2 7552 4449
4 4257 768 612 1626
10 2420 6910 4908 9820 7044 286 4024 8841 9788 6886
8 856 7000 4089 5733 6109 7222 4782 6265
2 8398 4774
4 8898 8295 348 7462
4 3632 9034 7749 6649
6 8674 6637 2349 9442 4918 839
7 8040 2794 7707 1230 7267 8211 2696
4 9538 7540 7439 1222
4 6879 2069 4602 9634
8 718 9977 5768 7597 3332 4561 9864 5615
4 9202 9212 5009 7475
6 8507 7292 8810 8226 8920 8076
3 1886 2264 5005
6 9790 2937 2108 975 8399 5332
6 4833 6700 9827 1481 2901 5724
5 2980 2732 4902 1971 9113
6 906 6735 8398 5413 8341 8019
5 2734 9457 5940 5763 5672
6 4864 2950 7786 9385 108 3695
5 416 3178 119 8016 1854
5 3167 7042 4234 6418 1509
7 2787 5817 3399 834 1423 5381 9642
6 5730 5833 2039 4714 7134 8704
7 3527 5598 5853 2001 343 3260 7069
6 9275 1075 6318 1922 9528 5647
5 5818 3294 945 9483 9040
10 8313 5684 5449 9631 8656 8015 7600 6390 607 6922
7 7896 1167 1102 8904 4985 4307 2626
7 8994 3353 7605 824 4757 3955 272
5 4070 7404 7738 5257 8423
4 8240 4337 5897 8357
9 4295 6208 1233 7396 2280 6091 1854 9128 4968
9 8495 7515 6174 7617 2302 3606 296 7652 7109
4 6261 1634 6392 849
4 1986 5326 932 983
4 4717 3609 4768 2322
7 2181 3131 5279 1541 2749 9383 2415
5 9376 3287 9067 2695 8450
6 661 3592 4562 8733 2132 8497
6 955 3753 3920 9528 7449 4587
9 1425 3852 1711 4209 42 8179 371 9115 9914
5 4981 6283 6599 4806 5000
7 9647 9543 1022 501 6558 5771 6409
5 2379 9950 4134 1279 780
8 9159 9097 9126 1067 3782 9364 6482 2106
6 7089 4529 4331 3352 3056 6481
4 2677 7745 7178 7012
11 3454 5841 6906 2099 4606 4228 472 4002 802 422 4544
8 4285 4045 4956 7283 3260 1980 8326 6485
8 9550 7006 7503 4122 6100 4266 2919 9036
7 2063 7195 7344 4518 3692 6078 2583
7 2890 1602 3158 5236 4375 7317 7129
5 7811 971 1302 7442 5164
5 5338 9067 463 9716 1025
7 9408 2947 1392 3036 4678 2662 4356
7 5105 6591 7324 3432 5795 1674 370
4 6566 1382 8095 57
4 4188 7560 5692 4081
6 2928 7066 4554 6922 2165 5820
4 1490 235 7470 1207
1 1122
9 6524 769 1937 629 586 1188 8836 711 3030
7 8187 9718 6869 3161 215 9796 152
7 6763 9879 536 9317 8437 3855 325
9 1454 4466 7211 208 1678 7018 4864 1203 2826
5 8484 1054 1632 312 8341
4 7153 1182 3328 9549
7 9546 7204 3289 5904 7062 6515 5514
4 732 8552 2375 1311
8 2609 2166 3579 3621 1063 9339 7142 5023
10 1679 3554 4900 3830 721 7163 6623 9192 811 6095
11 7537 8029 327 501 3079 9783 1140 787 8850 6249 6057
5 2637 7369 7234 7175 8476
2 9973 1149
5 7326 4639 7873 5167 9432
9 3349 4435 8537 2256 4478 71 7263 9027 9333
4 6099 1325 5502 8266
5 2539 7597 6815 381 5732
4 4903 1683 1222 8774
6 1775 5163 4995 895 6300 4459
8 1416 774 5239 4055 6823 4847 7621 937
6 9907 807 7404 6208 9237 3218
8 4691 4801 1862 886 5428 5522 3525 4552
6 7555 8912 6755 2157 2365 4583
4 3741 210 6038 16
7 7542 2711 3190 2079 6601 577 183
4 4720 8488 601 151
5 5702 8670 8899 2376 5287
3 6425 6077 7349
7 7659 9220 1249 9411 9172 8077 7682
4 3156 7107 8046 8854
4 1376 8426 8964 787
10 6083 374 4313 5954 3518 9236 6262 5443 9383 5981
3 6056 5335 7007
6 2325 3803 6799 9822 862 1107
10 331 9385 3963 7763 7686 2618 1845 6767 6713 773
4 3761 280 3686 8247
3 6527 1120 7500
5 5615 3102 4147 2131 6769
4 8955 1191 350 825
3 4153 627 8479
14 7758 4643 1956 5656 3550 6158 1246 9526 4586 3704 4634 6334 7964 6326
6 6240 259 2423 6008 2247 981
6 3177 6577 3366 7705 4255 3075
5 7252 7924 5524 3738 7944
5 1294 203 3903 3267 7355
12 6292 1564 1326 8884 7590 7436 1377 4883 1774 9691 2898 2085
10 4344 42 9845 7756 6470 990 5555 9974 1280 1959
9 1313 5527 8116 2685 6453 7539 1855 570 4551
8 2038 2316 4155 8854 958 8944 5441 8985
2 2901 5588
5 7227 882 49 1013 6537
11 4829 7103 6346 6501 2094 908 7345 8392 591 3435 3938
4 6458 1904 9833 6481
6 9924 6908 9414 4907 8981 383
10 9339 7451 4503 4782 592 5811 3697 1367 3155 1465
1 1132
8 3648 7900 3271 3991 9017 8304 3911 4165
6 3204 458 4234 8609 2644 1741
11 8224 1559 2646 3521 3803 1989 7680 8462 1448 2789 5782
3 9388 7965 8225
6 3385 6698 5610 9599 6862 4840
5 8352 7661 6237 6408 4170
5 3525 169 6855 2932 9825
13 8168 81 8051 8948 8380 8203 6196 188 9393 2522 2700 113 612
7 3829 9937 8776 4176 4903 8370 8826
6 8123 7939 6192 9261 2078 9401
3 8502 1034 6526
5 1163 4968 17 6887 2600
8 6170 5524 575 3176 6933 2253 4396 7542
4 1675 1809 3761 9767
7 3053 4091 4177 8123 7917 124 9835
6 3965 2276 7711 7991 1719 1850
8 5028 428 530 6914 4015 6891 2963 1517
5 9920 392 1882 5873 9230
5 274 1337 3397 3415 4778
7 8426 7855 6162 2269 603 3686 4024
6 4488 9602 1247 3365 4395 5165
6 9416 5503 4057 3504 416 5411
4 6491 6786 5499 4640
4 5556 4190 1600 1084
5 3845 9334 984 1555 5137
8 1661 6498 3848 5924 5223 3408 686 4808
3 7075 4328 2826
6 9387 5214 4453 9972 793 2787
4 1981 8772 3276 6288
5 4697 9248 341 9648 6321
3 7187 6184 118
4 2085 8412 8118 1851
8 7419 5034 407 7396 3348 3471 1449 2302
5 2953 9938 2592 4683 8398
4 6108 9383 5431 3506
8 6268 1492 1132 995 9274 9706 7158 45
5 6930 5578 5651 5444 7856
8 4592 9727 6365 3646 4209 9158 3628 7779
5 1161 5399 6143 1637 36
7 7584 5976 7558 3607 6932 3157 3524
4 1250 2364 3694 23
8 7250 3651 4805 7738 9515 8539 7745 9991
7 503 5929 9851 2825 1051 2535 7846
4 3012 3649 156 9618
4 7729 9426 4102 5713
5 6997 4600 2038 4342 7723
4 6136 5903 7993 9551
6 2848 6575 9157 963 4542 5555
9 718 7354 2527 4586 4581 8043 897 5133 1887
4 2395 5637 1812 5140
6 6039 1357 3810 2886 4115 4745
6 2295 410 3176 9904 4441 4074
10 9924 7511 6932 9998 286 7069 6252 3020 377 4157
10 1732 1349 2265 7803 8838 9266 2998 382 80 5737
7 4556 2950 5131 6963 7412 9226 817
9 2320 5232 3640 6213 6557 6240 7501 132 4398
5 3389 7619 6342 1955 8903
8 7786 5041 1092 8459 6442 4004 9954 8531
6 9078 1627 3423 6447 3114 9848
9 546 4362 9030 4156 3305 1768 5800 2226 489
4 5097 2344 6154 7089
10 9793 4470 4387 5076 9826 8314 4297 8544 1803 3541
7 8779 2568 8076 1353 352 7674 433
11 9984 9846 7361 42 2291 6712 7364 8063 8514 7358 1166
7 241 3798 1346 2042 9224 6524 5185
7 1768 9008 9051 349 9683 8013 2291
7 9502 2025 1958 2322 9273 9429 9756
9 2512 8266 1536 1633 9469 9640 5658 8184 8753
3 8156 6133 1371
4 3476 2866 6576 3989
8 2733 323 5666 212 83 3176 7761 4018
4 4891 3663 4461 5639
5 6715 6315 6131 1375 1037
1 4501
2 5647 518
9 6869 5026 4487 6536 6633 5166 2494 7814 3614
10 6649 789 7657 9947 951 2578 3723 9938 6528 566
6 1628 4982 2241 5985 8207 2045
9 7644 2261 3893 6957 1642 5068 7438 5795 9198
3 9019 2059 1720
3 8078 476 2619
3 6735 8694 575
6 9546 8470 1259 9278 9298 244
7 5738 5037 5711 725 2500 3005 2663
12 3300 7123 6038 2248 2000 7108 424 6088 5364 9770 5210 2222
5 5511 225 845 2697 914
7 9558 3039 8509 369 5125 9490 5744
8 4558 3371 2793 5363 9780 1548 6587 6888
3 9639 345 189
5 1081 6179 5084 1121 5230
6 9782 4797 3021 3762 8742 873
6 7595 9457 7813 9963 7430 2260
6 1877 3782 7259 7573 5146 3452
3 5910 3481 2780
4 2143 7024 1907 5395
5 6948 2101 1788 4231 1686
5 8071 7129 5092 7917 6464
8 9875 5945 8284 5529 2197 9727 2969 8021
5 3828 3770 4043 4963 4694
12 8820 233 1845 6752 3768 5527 970 6399 3358 1659 5972 4755
6 1519 6674 7847 5443 1574 3440
6 6227 5435 633 2527 4164 3645
6 1193 6363 6881 6411 8742 5787
6 6225 1404 1654 5623 719 5624
7 377 3342 3060 8126 2496 4110 3649
5 2116 8589 9452 7841 4224
12 7619 2498 1247 9231 6296 7112 5526 4319 2024 4310 8956 9848
5 7061 9266 834 7400 728
7 7814 438 4022 9960 806 8892 7381
5 1855 4503 2700 7596 1768
7 1081 3369 9871 6265 3081 2681 318
4 2509 8042 5591 9016
8 5287 4637 785 323 9279 2526 4959 9620
6 1056 6129 2777 5859 8331 9904
2 790 1127
3 5948 1750 4598
8 1268 6109 7081 5694 9787 2381 7565 6179
7 335 5437 7746 4990 8266 2648 5222
6 1657 9441 2793 4214 9577 9361
6 4694 9037 1285 1906 6589 642
8 632 6606 5642 7567 2767 2387 4215 9293
6 56 3953 8831 1566 7029 3388
9 577 6626 7090 5742 6405 7749 8631 8588 1168
10 3345 5801 7656 264 6505 7181 4139 7772 3140 8312
6 3556 1516 2300 5844 1857 9370
13 7002 6581 8985 5973 4617 4215 9544 5189 9313 6078 7291 6473 438
12 741 9962 2403 8042 4185 5240 3812 1050 4574 1625 3012 4036
10 7857 7141 2775 6349 5525 1285 6652 3436 4097 1350
5 6262 6304 9123 8568 6176
3 3847 8680 6581
4 1543 4763 2794 3047
8 5112 119 7007 4034 2675 2289 5473 1338
3 8239 7308 3970
4 5011 1656 7336 6643
7 78 4130 6731 1743 5199 7353 4262
4 85 9097 3503 2133
3 4509 1483 7814
5 6040 962 9109 8830 3799
7 4349 6252 1502 8072 6792 8531 6099
3 94 1834 8237
2 4473 7354
13 9073 282 9386 7004 6234 7840 9870 9368 6907 2778 2941 1876 6008
6 9684 6653 319 187 3129 7348
6 805 8481 3881 540 9985 634
10 6794 6159 1123 8502 2419 6449 4881 1846 5004 6302
9 2756 909 1351 9326 2382 2934 6792 2836 1106
4 2810 483 2246 3050
7 130 399 6366 9602 5212 9427 997
5 3873 1737 2467 412 9293
4 1507 573 5398 8670
6 9368 5989 2458 5409 1103 7877
8 9854 8978 4327 2108 4583 1016 3788 7033
10 8746 7100 6714 5031 6321 3751 1685 7432 8125 5194
2 3898 3831
6 2853 1138 4028 1665 1397 7536
3 2815 4786 2100
10 3720 5215 9505 3202 5249 5403 9523 917 76 816
2 3514 6551
3 5368 5560 8711
4 6048 6935 4593 3155
8 8246 3122 4225 1735 508 8820 4272 7444
4 8995 250 1951 2909
6 2188 8802 1522 4362 9109 6931
7 4868 8831 8958 9004 977 9606 4439
5 4520 1082 2292 6152 181
4 9347 1526 3691 7077
9 2752 2823 7605 9200 2967 9990 40 4632 243
8 339 5242 3185 7403 1448 9991 5759 7449
8 2850 1749 6113 8383 1352 1429 5219 5563
6 4688 4754 8344 9318 2430 4844
8 8857 9635 5024 9977 2852 9637 1370 3129
4 7847 4318 4307 4789
5 2567 7715 6564 6230 605
6 8051 9415 2643 2624 1207 1512
7 608 54 623 4131 256 1034 810
12 3066 2798 1593 1512 2463 6982 7768 8879 8473 8307 9119 5071
2 7961 6086
5 3585 3770 8686 5902 1393
7 7916 5067 3005 7273 6268 6859 7410
5 6622 1841 5821 5017 6811
11 4078 9875 4701 2039 6252 1484 4798 6748 2368 2975 4646
12 9013 1805 910 9176 2955 5543 1158 7094 4814 5664 3560 7767
7 6442 1541 4525 2624 2830 3970 3084
3 6735 8338 4783
12 7670 5777 9209 5333 1357 8657 4248 2514 2382 8264 8277 560
3 9939 9145 4862
5 9152 9374 3097 4513 5270
5 5315 1456 2179 9446 9141
4 70 5623 1564 3068
14 3104 8551 9984 8231 7400 2531 6947 7703 4394 2767 7082 3209 4032 3600
5 1414 7463 9213 6998 7185
4 6196 2227 7986 2596
8 4172 1257 3637 7773 9144 570 2934 232
6 6874 1085 4051 5625 5957 2362
6 5389 9361 8077 6031 5694 9588
5 7835 7759 8298 4578 5740
4 605 8627 3159 6357
5 734 4745 6276 6153 1758
8 4203 1138 1877 1829 5144 1847 9645 3553
6 2332 8552 6733 9296 4786 788
3 4391 4764 8828
5 9659 4272 2001 9363 2492
7 4846 8993 3862 1036 9647 1991 6108
2 5974 6656
8 2988 2743 6923 2523 1228 4306 1232 1993
6 7505 9822 21 2137 1204 5894
3 7828 782 91
4 2613 4667 8757 8581
3 9311 7931 3787
7 9430 4655 4997 7620 2187 9338 813
8 7180 9269 543 7204 2292 5881 7856 6108
4 9479 9742 9825 5028
6 4627 2193 4767 5864 8568 3932
7 2162 9677 3158 985 5096 2787 872
10 253 8607 2219 7977 7162 713 1301 9218 7196 9385
6 9299 334 3023 473 6393 9546
3 320 8568 8482
4 4045 637 3770 5357
7 4872 7650 4284 6180 3787 8561 1095
5 5483 1913 5247 7008 482
7 4394 594 9404 7281 764 9301 6711
4 5366 7933 2893 7501
5 6119 9126 1374 6769 5028
10 8456 2726 4808 6677 4796 2207 6697 4723 6853 1696
8 3110 6771 6687 1748 7795 3014 3550 9718
8 4263 9288 3029 3227 1791 6251 5291 1349
9 299 3917 2358 1569 6835 7526 1931 854 9310
4 7598 5065 1337 7429
6 5541 4527 5362 5622 2152 4147
4 6779 8064 4584 9552
7 496 3807 7254 6 9060 9498 1343
10 1538 6497 8315 5920 9566 8555 3101 2298 1552 2608
1 2549
7 2131 6582 7850 3915 6765 6320 6678
8 7298 1425 623 7307 4709 5918 8672 8342
7 5203 4542 8625 9257 4764 2226 6941
5 8272 6751 9935 145 7573
11 8469 697 8845 997 9969 2871 6628 4100 8471 8091 9311
7 9697 8574 5577 5408 3706 6652 3161
10 1191 3978 2619 4052 6226 9943 4430 2606 5813 1221
6 7594 8369 3153 7248 2856 2776
8 2669 2928 4728 4227 794 6161 1088 4758
7 5314 6271 9652 2694 1989 8185 9355
8 914 6544 5414 9229 6431 7432 3859 4445
3 3356 9381 701
5 8015 1928 4171 6990 2820
9 8164 3197 476 1265 8978 5011 4973 72 8222
7 475 6822 9195 527 3798 9366 3491
5 1536 2254 4420 4189 326
6 3634 2078 3291 3382 3847 7155
12 5337 1437 5717 8871 5119 3070 5625 392 884 3559 7779 6793
5 7746 9879 9284 2633 9344
6 5786 2231 196 9445 7048 3392
5 7084 8453 1871 8706 5940
5 9044 5699 6400 7630 5364
7 4106 9479 859 5967 5973 2408 463
6 9244 2122 3546 5510 878 958
8 5285 9613 9915 2992 9569 1187 5544 276
7 7364 4131 1631 5737 3070 2960 9500
6 6656 3162 3968 5143 5188 1760
3 7722 2229 8607
6 3196 2675 7008 5794 3610 6622
5 2014 8548 2072 2474 2379
8 1381 8120 1210 2512 968 2566 2646 4537
10 309 4594 5757 3423 7091 4882 9409 8256 2900 3865
4 4011 2064 9468 4892
7 3524 3290 4189 6033 753 7775 9874
3 7994 9655 4896
7 454 2223 4365 5904 4777 6040 5395
2 9215 6339
5 9845 554 9344 2258 1419
8 6829 595 5651 5931 7031 5408 7756 2262
9 4118 2589 7863 4739 1733 2111 9904 35 7649
8 3339 5179 619 2744 6853 1024 7333 7702
4 7214 7556 4334 9909
9 7812 2421 5919 6223 2511 8689 2746 8602 1684
4 1043 5830 2929 6378
12 4612 5649 4604 1537 9585 8697 4680 2182 4079 911 6874 5353
9 2468 7369 3137 1649 6670 9860 351 8488 1865
8 9553 5543 2294 5651 4563 4064 2759 2784
6 9402 5291 4610 6784 6480 6923
6 1335 8644 6246 3654 7141 4886
8 8941 483 6606 4998 9689 9652 6625 1787
10 8344 2572 7823 2305 1176 4873 7382 1309 1684 7623
8 5591 813 9636 6129 2130 7554 721 1581
6 1592 4508 8538 3111 6049 8574
5 7737 8537 7611 3972 3082
9 8700 9128 5942 6945 5403 2297 6226 4459 4660
7 3156 6838 4411 5706 913 401 6737
5 7178 591 7659 1542 6980
3 1797 7471 7069
4 2741 550 9385 4740
4 9746 1821 7113 7935
3 2005 6756 8812
9 4899 9928 3090 1595 1643 2483 6027 834 3038
4 5293 9594 7987 8385
6 7965 2657 1670 5549 84 492
6 6987 6654 877 4275 6437 5082
3 8345 4263 9322
3 5954 8626 7122
5 7060 4253 9479 2663 880
8 8031 8724 7871 2813 6095 9735 4151 5024
5 4217 7242 5987 7040 2593
10 1986 3586 3532 3744 3401 7128 5074 3221 6801 5528
3 3574 7254 1578
6 1169 789 4014 4444 682 1679
8 3658 8523 4116 3603 111 7216 869 7225
3 8914 6367 9201
5 2264 4265 7275 8040 2923
5 159 9330 7677 2063 9051
2 4466 4055
5 7667 8003 8011 5129 3589
7 1685 827 3498 803 3027 5085 5599
12 7011 3135 5246 3532 697 5980 813 3429 585 1609 6421 5682
8 2985 7586 213 128 2662 5812 5161 2527
5 3303 2853 6460 8802 4437
4 2783 4748 2216 9022
5 3747 7347 8578 4308 160
8 8281 6306 6181 6906 2865 273 6568 401
7 607 6843 7856 9965 5006 4601 1659
11 61 8792 4289 5258 5997 3874 5515 2096 6593 4889 845
4 524 9688 708 2572
6 2989 5495 821 1328 1004 5461
8 2059 7902 715 8746 6834 6182 1560 8340
3 4803 8166 7295
7 1663 2449 9157 6268 7167 8143 3562
5 5280 8390 9752 4322 5689
9 3459 3590 6911 8594 883 2674 9110 8978 7335
5 2211 8750 8084 4882 4436
8 1584 1976 1010 6115 4115 4882 3169 6840
2 5379 4963
3 3786 2506 441
7 3481 3213 6985 9775 7075 9652 7875
7 4035 2494 2180 5135 5126 2119 3686
4 2911 6120 8745 8951
4 9669 2037 3002 292
6 997 5217 2425 7852 6439 5584
6 5133 1936 4081 4518 1927 1226
5 2789 4252 4988 5468 8385
4 5039 8433 3026 5841
8 228 4611 4125 2073 6898 9148 4773 6220
6 1398 6812 7853 453 9356 8866
6 4956 6972 7412 1049 2227 2661
5 2178 3635 4094 6832 9190
8 1179 4347 2348 568 8502 7539 6869 8598
3 3393 7891 9389
4 95 6114 8751 3311
8 8027 3970 8128 1955 5188 4958 8141 8570
5 4742 2584 7010 1987 7570
10 7414 6705 7696 3378 4820 945 6653 6249 6513 778
6 5322 3821 5785 4235 5905 9328
6 2744 3051 8447 9406 5793 9819
5 7993 6501 2014 150 7155
2 7711 3665
5 5638 9382 3814 41 3229
6 170 8067 9918 9395 2550 5906
6 8776 2916 3429 6404 7312 1987
7 8812 4817 6120 478 6052 8028 2158
7 2769 7732 5016 7517 4769 8699 6051
2 110 3576
12 315 5140 6765 7260 1288 1960 5431 359 2144 3910 2773 7151
4 9531 8408 4152 6055
5 9956 3840 9320 7658 2092
6 2708 2894 6821 356 8961 9344
8 6003 9321 5091 8912 3439 7810 1806 7714
3 7883 4762 1817
5 5399 2270 613 2232 191
6 4073 6146 3625 3144 680 8752
6 3803 2184 5828 8264 1465 8170
12 9640 3372 7217 443 3577 4005 848 7936 4620 7001 7058 856
5 178 1723 3202 6808 9999
7 8426 1205 2555 8386 872 5749 8514
6 6000 2645 2600 7940 1776 2211
5 8875 3955 6355 8390 7415
4 8005 1278 6149 3921
7 1461 1199 3185 7746 9758 813 6557
6 5284 9457 1483 2415 8714 5796
5 6119 6476 6701 4449 1239
8 6786 3013 4379 1942 6507 1479 9678 8918
7 3562 8227 2480 7096 8275 682 3694
8 8116 3915 4399 4203 9271 7204 3790 8584
8 7331 6247 1687 693 2612 9293 1402 531
8 2222 9576 9776 7692 8926 5968 2348 5090
5 2941 620 8492 6502 3486
4 2496 7512 5332 6998
6 7908 8948 1994 372 252 7820
3 9115 7162 407
6 3424 4905 9131 5719 3337 9836
8 3728 7715 7594 5546 3116 4401 8859 9707
10 2991 1067 1874 3208 7973 9257 491 3476 2423 6473
3 6694 2219 4709
5 9603 2900 5326 6074 7554
6 8756 2615 1726 8108 8466 637
9 2901 984 8892 314 2633 9930 8040 6965 2378
12 5365 5741 9952 9577 8708 1603 4591 7222 8466 9825 4031 4482
8 8216 8763 9303 410 1645 1782 5922 4360
9 3565 990 3432 1776 2269 8195 1928 2914 6656
5 4989 5150 8837 1726 2061
7 8748 1681 4550 7843 5641 7075 2098
11 1361 7182 6831 9816 6654 8195 5822 4520 9519 708 7842
11 6068 8204 8444 4202 4677 8476 907 2910 8279 6188 774
3 1260 490 719
7 4040 7081 7707 1094 768 6134 8588
6 1144 653 6583 6104 7735 1621
7 9209 2286 5378 3685 538 7846 6200
3 4 8552 8221
5 1382 7847 10 8564 3714
8 9527 4271 7361 1351 9906 8871 4126 4733
4 6815 8012 2142 610
3 515 7602 5732
5 9425 4180 37 1647 937
6 7641 295 5341 8559 1461 4254
7 6199 5603 1510 8956 3868 5801 7563
4 4260 3601 7133 6118
5 1359 9248 752 9763 9692
9 5509 3918 7391 1607 1782 2465 8634 3948 8992
4 4563 5115 8980 3254
5 8746 9341 7640 1048 4971
10 3917 7759 5092 5630 9000 3597 3948 9087 4888 4699
9 5722 8595 7362 4485 3172 6850 5537 7350 5930
7 9691 6367 2447 5953 261 4520 3439
4 4839 3241 7641 7374
1 5869
6 9428 8026 8099 9227 7877 5400
7 9982 4528 362 1051 7841 8346 7964
8 789 4677 8201 8009 2405 8241 9840 271
4 6735 394 9323 7822
5 9331 6869 5322 2187 6281
3 3163 1390 9794
5 4301 5248 7600 7159 4424
5 3178 2318 7472 4725 6735
3 4456 8759 4403
6 1333 3326 5752 2326 8649 7999
14 2610 9625 420 4472 6179 1018 6566 7973 9122 4603 4849 351 7962 6499
8 7267 632 1639 6049 4000 939 3363 7044
7 4287 3216 8428 1306 9890 9591 8152
5 9714 917 382 9273 8584
6 9012 9558 1141 6857 351 170
5 5544 1864 7395 8931 2047
10 4961 5382 272 2866 4581 3246 838 9675 3251 1546
7 8053 6296 9153 171 4952 1876 50
8 9716 8056 4878 5072 2149 7564 4098 6922
9 6063 1140 2800 9539 6557 2098 9675 5806 2169
7 4123 8592 9948 4857 9152 2749 1562
10 4878 7306 8986 7593 4696 6591 6941 6571 1129 6442
3 9522 4146 9823
6 2594 2255 7027 9074 960 2402
6 5613 6815 9012 2733 6568 6848
6 2807 451 949 4386 4918 3107
4 2200 4596 5157 9828
9 9178 5409 793 4170 3934 2167 1365 33 2859
9 8308 4926 5710 1861 6171 2204 2395 5712 1781
7 7430 4059 4268 7579 6193 4005 8193
11 9007 9416 8930 2300 834 8133 6110 3368 8126 2526 8183
7 56 8059 376 7534 3268 9853 974
4 1443 3719 9010 3492
4 6984 2692 8912 406
6 6921 6249 635 4616 6253 3297
3 9506 6357 6985
12 4689 4516 7600 5249 8798 8443 2275 3929 7293 9904 6527 6953
7 6912 2902 5080 3997 3758 3411 9421
5 3268 485 733 4666 8866
6 9070 9240 3700 5312 4060 7513
4 1035 5808 9083 6211
7 4658 5181 2610 4261 8189 5830 1916
8 664 5787 5987 2668 2667 8846 2132 6243
6 6939 4640 3071 9528 724 2048
9 3680 6062 2978 2088 6715 6568 7441 4951 4116
5 4142 7814 5344 4668 4283
10 6697 7231 161 7522 2186 607 2133 6627 3479 6444
6 8885 4982 5037 1642 3924 4647
6 6763 1730 5958 2565 4231 414
4 5559 9784 5886 7458
8 3623 1712 3044 9058 2894 7812 3871 8134
3 2653 5106 8622
6 4580 7023 6048 8652 2147 9702
7 9693 9795 3112 868 1525 7502 2978
5 7733 528 6092 2257 97
7 6796 173 7403 3340 4512 8334 3870
0
3 6985 2846 5087
3 344 6821 2315
10 5992 6244 9759 7596 6406 2970 8059 6744 3444 9681
14 529 3057 8324 4173 4779 1689 3633 3850 7218 1668 6698 603 8076 8700
3 8808 5094 9738
8 5241 7035 2759 1681 2701 2222 5472 8798
5 8384 4798 8648 4913 1209
7 2556 5846 1080 7581 9404 2232 9264
2 5351 1970
7 2008 5014 9362 2815 7455 1645 824
5 6698 7151 7510 5082 7495
5 497 7543 3808 1964 1107
3 1553 913 5679
5 3828 1148 8055 9778 8602
5 488 3688 9419 9398 2406
7 1118 2878 2758 8719 8471 7727 2434
4 9944 8901 92 5236
4 3831 5621 7214 9455
9 7043 5362 6303 1950 1899 8362 6385 7082 4790
8 200 3049 4015 7129 6077 2011 3085 2988
4 5507 6925 9529 423
4 2374 7408 3630 6406
10 7076 9912 6246 4656 6843 9882 1661 4121 735 7391
9 5656 4112 2816 3044 2023 6593 1540 9679 1593
10 8051 8971 7716 3710 408 6361 1704 7925 2856 513
3 9797 9514 8855
6 1753 2937 3513 5173 3992 840
5 5836 1168 7126 2417 108
5 4015 1682 9044 8585 9517
8 685 2693 6199 3102 3352 4736 7705 7832
3 9329 3948 2006
7 5292 5535 936 2114 4262 9010 1586
8 1227 3865 3022 963 9413 341 1338 8782
6 9484 4491 6012 972 5131 7539
7 4342 2456 4179 3686 6985 3964 9461
7 8027 2720 5105 2610 2893 1693 2811
5 1531 323 5269 4037 3506
4 2271 8593 8059 4613
5 7819 8233 1264 8464 9602
7 9916 2042 5261 3360 1936 2875 6257
4 1701 3198 5950 9678
6 5340 803 1259 1958 990 4656
8 8385 1752 8183 5870 9456 4028 5710 9746
5 9357 5778 4813 9501 507
7 5046 6899 687 4408 611 8559 4842
7 6200 8467 5688 3907 6702 8460 6011
3 2650 7137 2259
6 7255 7357 5291 5916 114 7436
8 1481 3356 1883 7901 6362 6251 5444 7520
12 1894 4930 6266 389 5530 4962 4012 3461 262 6473 1915 7727
4 6421 9350 6523 2719
8 2412 2753 5952 9812 5531 7895 7440 43
11 6383 9256 1830 6327 6776 5919 5196 5826 8329 6520 9635
5 7007 9191 4551 6658 8515
11 4300 4305 8004 1393 3985 2532 5508 4033 7956 6657 5928
3 5373 853 3925
7 8671 5123 8976 866 9809 1978 8348
4 2316 1891 1106 4343
6 133 203 5954 5593 569 4509
6 7698 4002 4849 2981 3406 5307
6 1080 900 7080 2262 7257 7306
1 5985
6 4489 2587 4912 8841 5493 3353
3 4458 1645 1192
7 7991 5954 2850 5638 4838 3599 7257
8 3173 9844 696 3119 1072 337 4012 8934
10 367 5725 6402 9251 8807 8322 770 9092 1245 2867
10 7567 7746 9852 8203 4005 3393 7937 8024 4759 6955
10 1425 3190 777 9924 5428 702 4761 110 7523 5026
6 9996 293 5595 4110 1330 8601
5 3351 6224 2581 5102 5107
4 3355 2236 3220 2167
6 638 745 3829 7924 4576 5647
4 971 3728 6347 1607
11 8246 1248 4013 5421 6 5038 8327 7728 5914 9131 6357
3 6935 2734 761
4 9511 8666 2981 9446
6 9775 2903 8845 8884 897 8267
5 4597 8035 5270 2015 3477
5 1551 7998 86 9991 2958
6 2297 1527 1743 546 2409 8127
6 8013 9310 1095 3097 8395 3556
5 5488 4583 1039 4595 7524
6 7302 6348 9838 1264 7772 2898
5 3178 5767 69 6821 8981
3 3863 7675 1911
7 2527 5700 2189 8374 3247 215 4166
9 5067 6987 7118 477 9501 1680 3749 2453 5632
5 3811 8487 7122 7349 1335
7 7381 2606 5767 4310 2391 9447 1343
8 528 959 6514 5009 268 2525 695 1807
4 4223 4433 5068 921
3 2845 744 2059
14 6593 1354 7240 2185 374 636 9031 4551 7281 906 6347 9529 104 4249
10 7769 6128 5175 6614 4022 4703 4278 6607 8790 7004
3 7354 9152 9970
4 6021 5490 3712 1292
5 996 6501 548 2113 1646
2 5348 6649
6 6747 1133 3869 9625 8056 258
7 1752 32 167 5614 9178 8950 9552
7 2691 6473 9078 1925 2833 4050 3220
3 6773 2026 7894
3 9617 8872 7213
4 2533 3753 108 9419
3 4408 8113 9092
4 4908 5900 8553 4030
1 6344
2 8721 6187
8 4839 7284 8976 7617 6941 3764 4101 6102
7 5276 343 2883 9615 3625 6276 8761
7 6196 3005 1035 6591 2008 8352 2201
5 4322 8487 7291 7997 4920
5 9104 3449 1448 2361 5606
3 104 2127 166
5 7388 3134 7644 3417 7434
5 3938 4050 4959 8921 9065
4 8647 7557 7133 6946
5 7788 3094 9732 2423 739
7 6783 2312 3340 4100 3247 7535 970
4 4843 8617 819 2386
4 5285 2915 9974 1971
6 509 2746 5509 1537 4757 8622
2 3548 1380
2 3495 427
9 6935 2518 1458 3789 2716 9775 3187 2896 7688
11 5538 2002 3826 3288 5659 9844 8612 3560 1952 4072 4695
9 3739 6258 7966 3011 715 8948 5353 8290 8564
5 2641 8667 5633 2251 6796
5 9778 9231 6323 7570 6817
5 3193 7178 6948 4306 3364
13 6205 670 6023 6307 8586 491 6550 1716 3580 1991 1570 6939 6554
6 4584 1146 2353 7350 9051 9073
10 5757 1600 3856 3418 4970 8200 995 7395 6412 243
7 7220 5491 1168 3213 5185 1698 9057
5 710 4594 7196 1251 194
1 2223
4 743 5270 4027 2149
4 9475 7703 4563 7292
5 971 5045 3156 2132 9560
7 2339 6606 3295 4298 1785 3349 5403
8 8548 7248 9481 4181 3089 9022 5442 5497
5 1986 8720 9426 1004 4526
5 6703 4253 5360 5418 4129
5 9260 3783 958 6304 7018
6 1044 8914 4967 3507 319 5755
10 7750 5569 4690 3919 8173 9548 338 9847 5575 2338
6 3159 9272 6360 6974 4333 1929
4 6223 5646 833 4788
5 7418 1881 1125 5266 4256
7 2557 9855 7057 5827 4811 4342 2310
9 587 2900 6090 4798 5364 9899 366 4772 3048
6 104 4359 9902 6417 4670 7652
7 3335 5172 2867 8029 2090 9589 2925
1 7347
6 9074 9823 4675 3884 8763 7998
4 5947 5629 3604 3469
3 5944 9214 3257
6 690 2263 3255 5611 4643 9279
7 6070 3328 598 6595 355 2334 8242
6 8018 9726 9504 6004 4550 4983
8 6484 8125 2481 7718 6357 4404 488 428
4 2445 1548 7268 8816
10 7915 5451 8283 8785 3448 5029 3646 1036 6102 7314
4 1397 4888 3079 8656
10 7954 1665 7673 9723 9106 8289 5595 1975 6346 6105
10 1898 738 8627 9747 9045 888 2952 1617 7517 3089
12 1641 9539 5447 6348 8819 7320 9479 1909 3318 5098 1632 4795
4 9036 7136 5071 1752
6 3908 1809 1443 6706 5431 2820
4 3410 4289 2835 4047
8 3621 2758 7580 5299 619 7707 9520 1922
9 7198 1734 8338 6656 1513 8779 1843 3813 2974
6 6813 8432 1392 8137 2619 9846
7 4437 1205 8679 272 75 2563 987
8 6353 3743 2486 5504 8635 6962 5071 8372
7 1083 6807 1416 8662 1075 8796 1422
6 8572 5126 7216 8707 1734 5544
9 9858 3829 7577 8871 2741 3702 4005 7120 569
11 6723 5221 2923 3082 9105 2037 9558 8649 2725 745 9302
8 1190 3820 3615 6404 9823 22 21 7657
7 2594 2871 9950 7242 1597 9337 1235
6 6502 7809 6146 3519 6944 7752
6 1284 7039 7634 1331 1829 266
6 306 679 3278 1624 8990 3932
7 7277 869 2916 7700 8840 3546 5613
6 9431 2735 3031 2451 761 2654
6 4478 3582 665 1382 7191 2970
9 68 9169 5336 7399 6262 6818 8893 6269 8243
7 3396 3590 9384 5410 6795 9015 6374
4 6268 3957 9382 3421
3 5935 2327 6793
5 6602 5889 9244 1584 6732
8 1052 436 2580 2531 6874 7074 1095 4726
8 9011 4526 3541 925 2957 8536 2403 9089
7 1796 5481 6101 2015 4580 6922 2318
9 2518 502 8385 1558 3708 2156 2973 2869 8793
4 5191 4584 6427 2753
7 3593 1179 5257 1940 2886 2088 9144
4 1209 8199 252 1575
6 3641 722 2323 5475 8801 8585
7 5204 9808 7070 1970 4184 8265 4009
5 8409 2579 8209 7885 9928
7 5352 8297 3936 6780 1961 1733 4479
6 9446 2651 5549 7436 7809 6494
9 7933 8379 9395 5978 3469 4200 7272 3090 7249
8 1861 1765 9686 9493 721 4291 9390 8121
8 1468 8451 7465 107 4450 4401 1054 6303
7 6465 2136 1020 4105 706 8274 8936
6 8979 6777 9814 6822 7471 8998
5 3490 8897 1 9142 9057
12 7941 5695 8089 6532 6571 6084 2076 8959 415 4238 4840 2108
5 7747 3934 3039 9325 1699
5 3060 1585 956 1166 6733
5 7052 9357 9143 6792 1270
7 9767 4876 7798 3931 1159 4650 4067
6 2223 15 3173 5193 7437 5205
7 3545 5114 6487 6605 3329 295 6688
4 2958 6371 6813 9293
7 2621 1233 4177 6087 9325 4917 7202
8 992 7157 9563 5510 1974 1900 4803 9130
7 2063 3966 4466 7022 3068 9373 5122
3 3674 5404 3480
3 4812 2096 432
4 7279 8954 9911 4256
6 186 6395 4465 5632 5970 8600
6 7121 4404 7786 7601 4413 2668
5 7151 902 1784 6523 9303
5 4032 7517 3493 6835 6467
8 3297 2689 2996 9949 5308 5847 5503 1152
8 8778 7160 4713 829 4388 8908 6447 6958
8 3700 6350 2305 5706 2527 4658 3708 6832
5 1526 7774 5799 5292 4526
4 5939 1086 3726 7544
4 8248 6412 832 5455
4 8661 7876 5715 8747
8 5500 5612 9920 4587 4879 1674 1581 6453
9 605 5002 732 9488 7796 2484 7717 9334 1573
4 9635 66 3427 9386
9 9560 6443 6626 7490 5756 3054 5171 2587 3433
4 2769 1078 7546 724
2 1144 2828
9 7328 2868 2839 1151 2957 2223 2627 4370 7363
5 7887 2959 8284 5496 2800
5 361 1816 738 9165 6571
5 8830 4172 4046 7715 2226
9 5833 2544 1717 3187 1373 6543 4067 5295 6852
5 635 383 7209 3567 3140
11 9771 2494 2804 9177 4076 5532 6850 2836 8616 9972 9477
6 2691 2955 6397 8907 5593 6347
8 5769 7498 3245 3437 1319 3186 8114 57
6 8549 6130 4383 9060 9637 8789
5 7132 5323 6989 209 9211
8 887 9683 1693 6561 4716 7366 2384 4250
5 1979 1341 2421 1742 8773
8 45 8641 5289 5286 1137 6302 4909 9000
5 5513 9185 3513 828 7671
7 6984 74 8648 5357 767 5139 2048
6 5873 2247 9685 8789 6128 7355
2 5493 3526
7 7205 1078 8581 5193 9495 1233 1339
6 3698 3256 3654 2612 8818 146
7 5709 5991 10 9622 3449 3936 5722
4 3464 5032 379 6974
6 256 9133 2824 9562 7330 2248
8 6199 6551 6069 9888 4758 4845 7897 6468
4 9058 3854 7671 1714
3 4634 1648 771
4 2824 7706 3513 9170
4 5832 5118 3611 2578
11 840 1843 5084 2981 6317 6797 4706 2093 9108 6401 1956
3 7179 5387 4092
7 3416 8982 2232 9074 8597 7769 2514
9 1315 9612 1941 7052 2138 2450 2008 3298 5246
6 7432 7489 7935 3902 2099 2200
9 766 2811 6015 3445 2198 1709 9135 1509 7428
3 4632 348 2829
7 7736 6226 7873 8034 9759 2286 4425
8 8031 72 9016 4717 8723 1054 4680 655
5 2102 5342 5674 3388 7272
6 1523 8947 518 4177 1134 9505
6 7429 8193 9589 9347 1123 5601
4 4498 4243 9920 6007
6 4679 8924 6135 2502 5432 1778
5 5816 9110 9762 6211 8100
10 9513 5031 7643 5144 7913 2129 4214 7505 9297 4306
2 3924 1221
7 8170 1707 3471 9529 5949 6140 3004
6 8741 9042 2992 8553 8682 322
6 9384 9672 7012 9632 7293 8041
5 9594 392 2376 7611 5247
8 8313 8403 9312 4933 2298 9865 3242 2855
3 432 3213 2754
12 8086 7485 7999 7823 5062 7480 8172 5822 8343 8619 5782 6977
5 8274 6464 5340 7916 9035
7 6648 4480 4911 4527 5599 9364 1946
3 4368 4590 4492
7 7961 5150 1953 7807 2163 7864 3055
4 3188 1362 8208 8416
5 3985 4966 9167 9564 1326
8 7790 1289 1128 5538 3465 5925 2742 1467
2 1081 3394
5 6054 4133 6442 4021 8185
3 2527 6265 3186
6 1454 9655 6121 457 4637 7085
9 3738 4276 1039 3588 2732 2615 9403 2070 4015
6 760 6007 5585 3166 7916 797
7 8633 6451 9147 1720 3865 9740 9365
9 5857 6584 7765 3971 2296 4252 520 3585 6945
6 4103 9913 9639 3414 5618 5697
8 4231 2105 7968 606 991 311 6140 6984
3 4401 894 69
4 4592 1170 5020 2621
6 2292 2200 1925 8944 3924 3557
5 380 9130 7077 1170 9816
7 5157 5805 992 2949 8765 484 2165
6 4684 1848 2885 7945 5451 8276
9 6581 5691 7756 2017 2727 3532 7551 1013 392
5 9354 6799 6065 6033 6565
8 3177 2271 6328 1273 4562 6404 1371 7464
5 5987 2615 8292 1026 3013
6 2926 8118 6624 1605 8375 7231
2 818 8278
7 38 5117 4230 7599 4590 2340 8132
5 7395 855 7335 3571 8747
6 4540 9587 1746 5793 4421 3093
5 4673 6160 982 9704 1041
10 499 1478 3638 8058 9670 5072 4552 1 5478 6286
10 2613 8736 5082 9938 6176 853 5670 6163 8474 4000
8 8613 8143 5050 3125 8087 6136 8199 4143
12 7000 2648 884 5244 6993 9423 1821 3912 7606 2751 3356 9608
6 6729 6283 9585 6679 1069 886
5 4421 699 2025 2214 7171
8 7238 8172 5349 5686 2008 1852 8331 9829
6 9828 2275 5106 8029 9518 7800
9 4533 6590 5984 2812 8302 9251 4490 5727 6735
7 8920 7443 7208 3439 5156 8786 4699
7 5824 5644 1476 6568 2569 6713 6359
4 8806 9770 7276 1518
5 8458 1219 4511 7307 7780
10 8490 7164 3085 7885 2686 9381 68 6786 5882 4784
8 5781 6411 9460 8171 9355 417 7225 6912
5 8875 9604 9146 175 6721
5 7259 3312 2930 4012 6313
10 6734 6219 5352 9356 2328 7796 8715 5668 5184 8346
6 7159 7296 8656 639 2743 8544
7 3190 545 3492 1828 9590 7078 2778
14 4901 8476 743 2675 603 5830 4940 2847 8073 9021 8383 4368 3355 4615
3 9440 9826 7847
6 8077 1541 1964 1464 7650 6583
3 702 9588 9197
7 4597 990 3488 7266 1293 818 6671
6 2864 9013 993 9875 9780 8115
2 3685 6202
8 5163 1270 431 4696 3815 2038 6834 1042
3 9905 4298 2483
11 1830 4115 7837 348 2427 3677 4374 8460 4053 4475 9479
7 8366 2820 1116 1018 1552 7619 4191
8 3785 6779 8813 4237 1376 4412 119 1097
5 9308 2204 6178 2688 5514
4 7086 1755 8452 7351
9 7082 9158 3585 3241 473 6517 4670 3580 8394
2 9179 7240
6 2971 7864 6981 5605 8231 4761
5 7661 9228 7366 7008 2346
5 8189 7728 4379 2732 5248
7 7462 1005 1964 8132 1023 7785 5167
4 150 1600 247 9017
6 1336 3893 7103 6466 9606 1641
6 8799 498 7285 8880 4435 2316
11 3343 1269 9374 9902 6751 8645 4432 8701 5528 2947 6867
4 1150 1746 217 1973
4 9468 8755 1067 1288
4 4420 8887 2617 6897
8 1609 5880 8200 9584 7036 9940 3603 1092
6 3831 8089 1554 4725 1898 1522
7 8072 7851 2219 1328 759 6413 2535
4 6967 3149 7391 9873
7 9733 9575 6299 4829 2900 9679 712
9 1626 682 1748 5249 7329 4865 171 1280 5527
6 6861 6580 6914 201 289 4799
12 9724 3284 6456 6604 9172 2702 2172 6638 6582 9479 3466 8394
4 8534 1180 7928 3343
9 6421 6691 9357 2502 8999 1824 3305 1169 4912
7 2424 3575 1536 2110 5987 9547 3381
10 553 3055 2749 8085 2071 1642 7937 6856 3987 318
5 806 4283 8326 6369 2831
7 8976 450 8010 2166 5308 730 5429
6 3892 8979 5120 9787 5502 3760
4 9003 2326 6934 2716
3 8962 9467 9327
3 7064 8635 4528
2 4705 4365
15 2684 1705 3436 6169 7715 5617 613 7805 1880 5356 136 1428 5717 849 846
10 7959 4625 5281 11 721 6314 453 6508 4273 2706
6 5199 8521 9107 1124 1971 2883
3 6934 6008 563
6 817 1108 1827 1616 6493 490
7 6249 1324 3977 2129 3462 9885 869
4 8873 9467 5618 7735
9 7965 7564 3400 935 6265 7190 1457 876 6698
5 7192 4043 2535 62 3350
3 6056 7556 5803
9 721 6657 8442 835 9189 6255 5093 6100 8570
8 8529 6385 8167 2576 2012 3937 6343 6968
6 9510 8329 8036 2339 3314 4699
11 5707 7101 629 6472 8248 208 4845 7916 5786 8174 1675
5 6437 9109 3093 5473 2435
7 6053 6893 7562 667 2736 1355 1732
0
11 1659 237 9217 1594 9971 9132 1359 1877 657 1416 3082
7 7837 8787 5403 9998 81 8081 760
2 8774 4450
4 5182 845 9534 5971
7 7517 5002 5492 6071 7271 6748 3853
6 3514 3243 7964 5107 9560 5183
8 665 3550 7182 4977 3990 9715 9358 5427
11 8714 645 1514 2563 5423 2032 8173 1138 7947 8653 8071
7 2223 8691 7667 5011 3601 6825 8730
5 7133 6599 5453 9871 4826
5 9688 6218 9488 8371 8745
6 4746 9218 3147 9642 3077 2260
2 8404 3774
7 1595 6570 1322 1353 3817 1437 2019
3 1996 8680 8962
4 7362 7821 3825 6245
5 9190 9467 2246 8994 1997
7 242 8195 4052 5961 8763 6395 975
8 4169 8882 1567 1295 9227 4772 8219 1494
8 419 9394 2316 54 4553 2110 6275 7336
7 9096 510 3064 3457 1646 4456 5210
7 5286 8155 6609 5152 7045 4205 7158
6 4656 1643 1041 6978 1305 9902
4 4771 9702 4006 7326
3 851 7309 9235
6 3519 9782 5028 6787 3568 2380
5 7104 2619 3457 6426 2051
6 1827 852 1286 2088 5617 3943
4 3236 2797 6027 522
7 8029 3443 6622 888 9875 3189 5655
4 9977 6007 3489 6558
8 2780 5804 3991 4292 7035 36 9707 9374
10 7398 7441 2723 7756 2215 3852 5298 1309 4635 5664
5 552 903 5245 7340 4280
5 9726 4337 1480 9919 6376
4 9099 2349 3634 1629
3 9549 5919 5771
6 5907 517 2559 8569 2906 704
7 5432 6818 6877 9092 149 546 2042
2 8505 5080
6 5299 2169 1247 285 1015 8228
8 9870 5484 7288 8621 5533 4327 2878 9782
4 9463 4873 2203 2385
7 954 9974 6754 8474 378 7778 1131
6 8061 8041 2705 3728 2899 6493
9 9864 8321 408 3504 9337 655 1650 1041 5391
6 6424 7379 4724 7704 4536 1761
3 6231 7353 1862
11 2296 8518 1339 1705 8724 5804 6074 3825 2935 5254 7292
8 2098 8560 8084 2468 9682 5234 81 744
3 1548 4357 6995
6 8256 7934 8183 3578 420 1398
9 7259 2703 5665 3385 6065 2679 1795 2551 5967
6 5916 8151 4252 711 1218 213
7 2756 3636 3153 679 547 392 2204
8 19 5806 9887 8367 6414 5738 6176 6030
6 2436 6805 1714 2931 2847 5600
7 787 9456 8605 8615 5873 9156 469
3 9832 3071 7573
4 5903 4912 3854 8228
9 8905 420 8478 2521 2609 4466 6797 4515 1682
8 6150 1582 9526 6456 977 3046 6522 4939
4 6626 4747 1962 3647
10 1087 570 4578 3881 7863 7985 6289 6918 7353 5477
7 1074 9879 3801 5280 5634 3223 6950
3 9658 7501 8490
9 1816 3053 4577 2697 284 6664 5337 2523 5920
12 2913 6526 2299 5001 6240 3714 7730 7089 1074 5075 2687 3778
7 6965 8132 2773 2995 6313 6622 8081
7 5080 2935 2968 2396 5814 3235 910
5 6377 227 351 4903 2881
6 7630 8009 5339 8925 9787 6908
9 8725 3019 6964 5292 7408 1259 9693 726 7660
3 3407 3890 4891
6 154 2114 9507 137 7512 7308
7 7707 6052 5582 3519 1417 6184 7081
6 5155 6246 905 1229 9553 8218
9 4987 3490 9586 9553 7128 6388 1560 1165 4141
3 7256 4913 230
4 2323 8281 3818 7355
5 5342 1850 6305 5183 5067
2 8219 247
7 7886 1479 6503 1614 9402 4490 9801
2 8513 2605
5 8981 3959 9672 364 1084
3 4504 50 3039
6 7987 5887 628 6276 2440 1279
9 7010 9349 2014 7309 3608 384 2553 8846 1907
3 1729 8704 8725
7 8201 6119 6972 3968 8750 1788 1352
4 416 7040 5183 8475
7 2192 9130 2120 7932 1870 9313 8783
5 9684 8728 7282 1071 1743
6 6097 276 859 2495 9722 1742
6 6208 8449 5683 3845 364 2206
9 4246 928 3303 8189 9592 9564 117 3032 6039
9 5012 7713 2839 2630 866 7558 5795 137 1480
5 1007 4060 5799 8659 5586
5 990 6230 7887 9818 3053
11 5109 4358 9950 4926 44 5316 8087 5592 6416 4761 1227
5 9836 3278 5362 5306 7554
4 1102 5206 5032 5700
7 131 4849 2830 2143 1200 7753 5742
8 3832 2853 7141 5818 2062 5500 5598 3034
7 1900 4750 2136 9992 6691 1838 3777
8 7576 7267 3526 1945 4091 1526 8704 9774
4 9155 2764 1776 6782
9 4311 6830 8309 4521 9191 9648 4118 1337 5930
7 6692 4989 1879 6423 8690 8077 4920
7 6208 2591 5361 3013 7474 142 2725
4 1917 1011 4686 4937
3 9121 478 7454
10 1020 4498 8576 7272 3222 468 9864 6631 9436 9428
1 8311
7 9259 8641 9880 8286 7091 6427 4740
10 6220 6623 5956 7544 5795 1057 7433 7613 6058 4470
12 8931 9496 7345 5326 3556 5206 8056 4185 8810 9640 7499 9975
3 1300 8133 1526
9 9793 7890 2118 6856 4044 9293 9227 1888 2031
10 5704 8299 7023 1283 4523 6537 1521 637 9834 6721
7 6029 8903 7193 8119 7835 5272 1926
5 2411 1277 1776 8950 2506
6 9707 7615 6772 5892 4264 7511
4 9285 5457 6650 5414
5 9648 83 3708 7473 7368
6 2703 9879 3961 7748 9602 2257
10 7956 5977 5868 8094 5283 3345 8407 5355 7507 8244
13 2320 7117 6251 3810 8056 4075 8313 5385 6405 2252 2374 807 754
4 1530 8526 2126 6076
4 52 3859 1125 5952
6 3482 8399 5008 727 7833 9266
9 1923 9172 2308 7805 4146 9193 7493 5549 3629
8 9065 5809 7248 735 9787 9683 7406 4168
3 3004 7345 307
4 3182 2601 4569 8043
5 3161 1728 1906 7589 9932
3 5301 1900 9816
7 6831 4800 3281 401 6614 8287 6484
4 949 3464 3331 5095
4 6073 8117 4497 5836
7 2281 125 7510 7656 2582 4977 8584
7 5177 2224 9139 1443 6373 1463 6476
7 683 5811 8725 7480 2439 879 7709
5 1060 6824 2580 9983 2624
9 9224 4502 2998 3775 1086 2676 5623 6159 7035
8 6949 7823 8154 5967 6553 8479 9206 7358
6 73 5569 6834 8353 8993 7688
7 9843 8218 1600 3597 4934 5440 9184
6 1404 6338 2716 6510 423 5411
5 525 6077 2341 5253 7805
2 6944 4055
7 1465 4562 4051 4628 4101 1297 5645
4 8545 420 670 2595
7 1954 2414 3045 5081 4669 6449 4487
8 439 175 1793 8046 7951 1221 3375 1723
6 1062 1862 486 9818 7647 2899
10 9172 9308 2712 15 8809 3789 4401 188 8669 4612
10 9059 1505 5588 5140 7622 4003 2883 3969 5857 6936
9 5521 4059 1317 4362 5970 2711 903 5043 1286
7 4840 9440 2160 1810 4420 826 4194
4 7378 8008 8145 9405
5 1734 3104 1933 6079 9936
4 2796 4615 4292 1335
6 8479 7811 8128 2338 8563 524
11 4719 6734 2187 9321 1599 1856 6413 8484 6053 4686 3802
5 6875 5628 5493 9954 8900
6 6334 3724 2681 1441 3804 3138
5 3780 6247 8286 577 681
7 5561 2751 8665 7020 6523 2020 9321
2 134 4773
3 1627 9829 7877
9 2958 8955 7320 2805 7198 6314 2585 3434 5250
3 5402 216 3590
6 6154 3161 112 7372 2703 2742
1 9237
5 9271 3558 8636 3951 9539
5 5453 2625 7004 3432 414
7 3839 5799 7973 8159 8114 1326 6791
9 7005 1970 225 175 7614 4774 4183 356 8831
7 3720 1680 1525 1923 8559 7134 7474
6 3799 3307 3544 1287 2018 8214
10 9920 4728 300 7309 8824 6057 7624 1157 2413 9728
3 1620 6739 6338
7 2315 2777 9730 8027 8798 2708 7947
4 6776 2901 7185 4536
3 1744 8586 2920
5 4165 1072 507 4498 5460
4 5412 4770 5233 1981
12 3849 9665 2589 5807 481 8729 2548 510 4334 6823 3872 9205
6 8642 5436 1758 98 2017 8383
5 6074 5360 6334 6504 4313
3 6864 4778 2473
7 5409 2291 4831 4499 2030 8943 899
6 1012 5761 2713 1655 145 8695
8 8557 4346 6940 871 7289 7486 5214 2887
7 9372 4611 5059 7914 6851 7533 8381
4 9734 5753 4488 8020
6 8952 6071 480 2740 5567 1144
5 1013 7548 9634 5399 693
5 7434 1644 1061 7271 6707
9 9003 9235 2189 6398 9356 8302 1344 6621 3538
4 2202 44 4760 2656
9 8520 182 6781 5837 6430 2389 8840 1049 5582
7 229 3608 1136 7538 6493 1299 5040
8 7978 8905 1853 3725 6607 9345 2915 435
6 5866 7549 611 403 8114 8911
8 7255 8773 6738 2908 2944 1789 8795 3728
1 5845
10 4602 1007 3460 2044 9573 5061 8510 6518 6008 3995
3 2072 5963 9117
10 8729 592 3813 5337 4148 5724 9900 9582 1109 3342
5 2705 8525 310 6945 6430
2 7356 4717
4 1960 6118 1170 1927
5 4206 7271 3679 1111 3358
2 2223 2641
5 1998 8377 4252 4466 2588
13 6593 1034 323 586 7608 4292 8730 2884 4937 2814 6925 8951 2381
3 4101 2705 282
6 7549 9471 4786 3648 5841 230
8 1740 4727 5023 1194 1667 6079 9952 7418
7 7948 2429 2182 5679 9183 1024 9108
2 3830 8380
4 1210 3965 7648 3463
3 6937 393 7244
6 1300 8525 2677 1467 9038 7904
9 6697 897 1366 8627 4868 2277 6966 48 5217
3 8942 500 7801
10 9781 3541 845 7517 4194 6785 3245 6426 4784 4879
3 9260 5914 5899
8 8919 4097 2843 1335 4290 9937 3614 7238
7 4961 5729 8592 5440 4557 3868 4579
7 4098 2483 9159 9422 7602 2696 4857
10 9730 1708 5674 375 2421 3007 9292 2209 1210 918
5 3831 2219 6745 6364 7146
6 7371 2213 8885 6809 5841 2998
9 943 6165 668 7276 7711 1483 2077 3029 3703
8 141 5313 8270 4155 1282 2385 1485 5654
6 3954 8244 6111 3568 7277 3191
7 9549 9984 4871 9811 7851 3716 9747
5 8363 4098 6354 6428 487
8 36 6651 7220 1304 9668 4948 9904 1603
7 3559 2685 7092 1854 3690 3024 8171
9 2851 2954 3133 5597 8437 4049 6664 463 6668
5 2652 9829 5902 4485 2385
13 6947 7688 7066 3327 1359 6216 1007 4923 7443 5569 9043 750 2374
7 1507 2071 5033 6484 528 1235 3750
2 5610 7698
2 8384 909
3 9543 6082 4140
9 9061 4922 729 651 2333 918 3559 2229 3302
5 2068 5880 3153 8526 3239
5 3614 3807 6955 4959 5181
6 7119 6558 1204 4565 9140 6013
7 3963 8658 8642 6766 9901 831 7772
4 3340 2301 2725 771
5 4216 8290 3039 9798 5295
12 7811 7228 2372 3662 7018 1854 2085 1040 8287 9043 7213 2929
6 3037 7126 2730 6809 6883 7410
13 5236 5111 8777 4015 3417 1259 8757 190 5929 2166 2080 6302 411
3 5051 5526 727
6 5871 708 4947 4056 3010 6432
6 1633 7250 5146 9244 6942 8647
6 4668 6789 9388 4062 5824 7252
9 1386 4039 7526 9608 9987 704 8892 4559 3533
8 942 6828 8154 3826 7485 1790 9221 4533
3 5674 7456 147
8 1132 6344 6697 9914 2683 1965 367 1357
8 430 2852 7106 698 4583 1176 8817 4834
5 3545 153 6055 713 661
6 1573 9915 7887 6713 1508 4105
6 963 3868 6973 3747 3019 4838
4 8351 2556 3646 5050
5 4032 60 9710 8751 2090
3 2213 7055 8534
11 8961 2728 1897 2291 4444 7208 5751 1590 1876 5262 4261
1 1482
8 3402 6716 4119 368 8510 3873 6249 4983
7 4574 1681 497 6018 6742 1438 7062
10 4055 1350 8585 2002 4832 6583 8637 9777 6893 507
4 2886 412 2187 7510
9 1726 91 192 7503 7947 1608 5040 6448 3491
9 6949 4519 2916 974 8901 8362 168 7822 5877
5 9738 3422 7546 5750 4847
6 8716 6358 911 5910 8881 1431
5 2217 869 7753 2114 9885
7 3138 5047 5428 9750 8335 1861 2798
3 644 5668 1351
4 6687 8493 2337 2037
8 2891 5806 3621 8284 1616 6001 731 182
4 4940 5918 9194 9711
7 3970 147 5555 5021 2607 4105 1446
8 5418 1157 3610 6568 196 3383 6664 5759
5 8311 4585 6358 6943 783
9 5327 2909 240 6256 5805 7773 7088 3796 3219
8 3496 7195 8524 3519 7101 2210 7531 7038
3 2299 1349 3360
7 545 785 3515 2693 1394 1895 4731
5 1871 8805 2307 6480 4654
6 5530 2165 3426 8810 5267 9365
6 5039 7327 7752 1567 6767 9794
5 2032 2513 5269 5155 522
4 8824 64 1020 8706
9 9559 3764 9284 1513 8684 186 7635 2499 6058
6 1989 7838 4949 2418 5351 4290
12 9495 1294 5951 8410 3858 8609 9023 8079 4317 8632 287 1686
7 5821 9889 7185 8557 6771 3353 3723
3 9633 4588 4363
3 828 1284 4372
6 3919 764 25 5037 7680 4155
10 4915 7779 6062 7920 8166 1103 8338 2365 2447 3351
2 3802 5759
4 6081 3205 7037 5331
10 4539 8566 5843 2819 1399 2750 7314 9088 4317 623
6 4984 6846 4142 9960 5694 8832
5 1802 325 6983 450 8426
8 968 2528 3179 3447 4034 6868 2346 8646
8 6505 7930 5593 5219 4677 1628 3575 5011
4 8660 9183 1231 3190
3 3869 6397 2120
4 8884 5054 171 4401
7 9020 1429 139 7632 6928 5157 6451
6 1759 5910 1856 1434 6257 7033
8 255 9378 252 3453 9906 9898 4533 9399
4 1906 2602 2551 3244
1 3847
6 4271 8468 2993 911 7047 5353
2 3704 1442
3 371 5601 282
7 5407 644 3916 8140 5483 5303 4232
5 4716 3299 7802 6057 1415
6 9205 7130 6119 7147 345 395
2 4471 9101
9 5535 5996 2968 6441 9158 8845 2976 6758 9252
4 5968 2606 3601 6266
7 7780 2401 86 6692 4506 3744 6095
10 5932 9951 6736 1376 6543 5773 4186 8786 8467 3162
3 3507 6964 748
5 759 4891 2043 89 3527
10 2906 3919 7061 5538 9529 2054 3094 7077 6258 7915
9 6699 6264 6172 1983 4855 5181 5347 3989 9248
8 4176 9913 1764 7386 3833 6862 7093 6112
6 4821 5899 7226 2289 7720 4694
10 4430 3532 8832 6651 2832 9349 2440 1251 1211 2277
5 684 1220 592 6187 7159
5 1049 9706 9937 9654 5395
7 874 3633 8632 1808 400 8349 3651
8 8410 6531 6187 8748 7652 9476 161 5896
8 7029 5946 1306 4844 4963 6543 3675 8073
4 4493 4690 6846 1052
9 3696 6382 926 4907 9492 6187 9588 228 388
8 2892 9705 2693 3860 5931 2605 3304 3232
9 2653 8299 9378 4382 6968 5301 3314 9777 6857
3 3893 641 8569
8 4715 5046 4407 4350 5830 9366 4305 7138
9 4642 6402 6079 8829 168 8605 9325 8845 4496
8 8044 9644 7506 5483 8489 1389 1549 9708
8 9056 9673 7249 7551 9900 2513 7454 3621
4 9650 7632 7187 61
5 4999 9044 9487 7945 7777
4 5153 4306 1528 6545
6 1813 3950 9779 9717 8456 3073
6 3496 7566 1822 4947 3359 946
7 3841 3247 8535 1950 2603 5823 8225
5 7174 9051 8261 5417 4035
5 7060 2989 8570 4906 631
6 4738 4665 4748 8312 7452 3744
6 4478 6693 2059 1013 7493 6232
3 1170 9358 6407
4 9291 1220 869 5379
5 2947 5772 1028 7852 8006
7 5227 7979 1390 3434 4569 7644 3800
2 5259 7355
10 1574 9475 9513 5744 290 3870 408 2639 2416 3062
5 426 6719 4068 3068 351
6 1511 1492 5154 9298 3435 2973
5 977 2300 3991 9599 3893
8 1703 6539 6981 5365 9948 5727 5296 6626
4 5461 8418 5955 9054
5 1970 1207 7630 3934 1857
4 9336 5066 8283 2594
8 6928 1315 6562 4783 9991 9394 5757 6737
8 2190 567 4887 6038 4175 5699 6156 1427
8 295 5233 686 419 7657 1982 9330 4327
3 5376 7046 5381
8 6792 1791 3199 1876 7669 472 2386 4624
7 6313 8900 1928 6231 2699 4465 7595
5 9095 4806 8165 5565 3356
2 175 381
9 6602 6291 7833 8940 3210 9968 4269 8197 1040
10 4877 616 4226 8732 6088 6036 3493 3500 2966 3401
8 4788 8526 107 1237 8137 429 4389 8254
9 878 1466 1682 3178 2828 3325 7146 4481 2002
6 8386 8270 3525 3519 2973 2128
6 6625 7724 7086 1006 176 7608
5 8607 358 2222 5136 1774
6 9227 1671 8082 4920 7272 6302
9 1182 4390 5936 3423 5534 5847 3826 8159 2542
9 5898 7966 8412 6466 1605 6178 5225 910 3442
3 2595 7744 7970
3 6473 5030 1868
9 1948 5839 6497 8039 1425 1040 2945 4289 1679
6 3711 9 8278 5766 2121 1908
3 4282 4455 873
8 6753 2443 4794 3371 9282 7460 7234 2033
3 6156 2185 471
5 2114 2139 7894 5959 596
3 1665 2444 7582
8 5483 1977 5997 4352 5407 3563 2484 62
7 3675 1193 4181 3567 1011 5323 4180
10 9484 3491 890 3243 85 7710 1010 8656 9111 5477
6 9067 4305 8443 956 1639 4524
4 5320 4433 448 4925
1 4665
7 1355 173 3125 8661 6879 4554 9975
10 3920 8402 5614 2161 6885 544 62 1240 6351 2520
11 1270 9419 2019 5553 6576 1370 2743 6215 4873 9131 3048
6 8371 5606 5011 4083 1949 5515
7 6878 2723 3699 8931 6276 6367 2740
13 5427 8282 5867 3749 4104 2930 2981 1190 53 5352 8808 7129 4811
10 7213 4438 4150 512 5681 9237 6719 9939 671 9877
3 2067 5705 7758
7 670 6113 695 3320 6808 2823 6651
7 9428 32 857 1119 8046 6820 7570
6 4632 2979 8144 7681 2523 6202
10 8646 7878 2947 5432 6014 954 8474 4412 5456 9161
8 4715 2807 4193 5417 6655 9952 5034 1527
7 7046 8789 6591 9376 8847 2671 1515
3 4268 1074 6059
10 165 5919 6940 8341 2196 7259 1717 9766 2828 3580
8 2978 8145 2064 2945 5823 8901 2517 6284
10 2121 2098 3377 285 3546 5439 671 2859 9608 810
4 8946 9954 3549 9328
6 2736 8814 627 5974 8552 8082
5 7695 5457 8353 1770 3651
9 941 9603 1477 3467 5527 6046 1540 6291 2358
5 9828 1501 9497 8110 3187
9 2024 4382 6122 5139 4837 601 8213 103 8573
5 2472 7380 7598 1716 3747
4 2869 645 4070 7598
12 2509 843 5654 4345 2917 895 9299 2843 8494 7125 7371 5154
6 8646 3820 9284 1439 6613 4018
3 7280 4173 4715
1 8368
5 4902 2323 3847 5471 6596
3 5705 2395 5391
8 1073 4939 9359 2906 8333 7418 3389 5272
7 8254 7755 741 7957 1193 961 3379
3 6970 9919 6010
3 6314 2433 634
3 8277 5085 6923
6 6811 3596 515 4061 1190 2556
4 849 9795 3514 8414
3 8189 2777 9628
3 9031 694 5157
6 7686 2725 4096 2485 4764 4252
3 7474 6066 4521
10 3163 8285 2899 6414 3436 877 7667 6813 8177 9027
13 8794 998 1059 9009 3741 3196 4654 8991 138 5677 6554 1271 1098
3 5604 5358 7138
8 4240 1594 3389 1468 3934 7470 7123 7193
9 5983 9649 5025 5377 3740 1458 1966 6017 1384
6 8294 9988 7739 5681 3561 1581
6 8307 7825 45 5203 4671 921
6 541 9725 729 5628 2633 1988
7 5480 4453 11 2333 380 1600 8230
5 9240 6897 4886 7156 8606
6 464 9325 2905 5239 1883 3784
4 5478 9734 4082 3666
8 130 9535 9784 3787 144 5447 3993 2157
6 4097 9239 9487 9883 3755 338
5 6897 694 7279 5421 4492
11 461 1834 7973 9836 50 4304 4128 251 7208 7894 5302
3 3003 4230 8508
9 3122 844 276 839 1173 161 5356 4590 1968
3 1817 543 6878
4 6843 1316 2863 1037
3 3042 4915 3944
2 9753 2755
5 5454 8805 7145 8361 7381
2 3721 2758
7 9423 9971 5079 3564 5966 5951 6614
9 2681 5318 1744 9329 2317 3133 5323 3228 99
2 2653 1121
5 315 6854 8170 3947 1033
9 3282 2234 2498 3656 2119 8077 2477 3235 7130
6 4934 2999 4874 2644 4820 6104
12 8315 2155 7079 3085 1752 5593 5363 2826 837 5054 6179 6345
6 4981 4237 8698 1706 6600 3702
8 9639 8202 6056 5943 4575 9708 7295 4201
7 3000 5246 7868 3051 510 3999 4908
8 3164 6329 4470 3173 11 5238 9856 6889
5 7370 1404 202 7669 5446
7 9947 5316 3881 8940 7140 1213 9480
3 5304 1419 152
4 9503 7666 8503 8791
8 966 2561 538 7154 665 2419 6614 7294
6 4849 6176 8119 1526 7136 1391
5 3650 6508 2923 7088 4616
7 3424 2598 3764 5423 2808 7627 6586
5 3127 217 2465 9157 200
6 640 6039 2206 1292 5864 5670
11 5287 8627 1612 8316 8456 5565 3485 8527 8589 222 3550
7 7018 6832 5565 7242 6482 6770 2067
5 4965 9683 3215 4490 4215
3 1246 4512 850
5 294 1368 4128 2966 6652
5 5043 8804 1291 7869 3221
6 9031 5727 6593 982 252 1817
3 389 7555 6672
4 9345 2490 6686 2715
1 8172
9 2812 7278 4900 7872 6350 2973 5914 5970 1732
6 3267 1476 8785 2587 2726 2279
4 5558 5476 9987 1072
6 1631 4161 8119 1327 4525 9321
7 4750 5615 8760 4253 945 3440 5830
9 1137 2526 2837 3941 7309 8023 589 2017 3154
3 2927 1275 5934
7 9626 732 4936 7209 3450 5073 7882
1 6578
6 458 5239 1138 6723 2532 3295
4 9167 1783 6278 15
5 2672 6078 5171 5817 3099
6 5928 4470 7217 1862 1275 9406
9 5036 7580 490 9292 130 6115 6637 2366 6468
13 5952 1753 871 1883 890 6014 1088 3814 9989 5372 2017 7861 7569
8 5940 1493 1633 3269 5684 4097 489 4436
9 6092 5382 618 5556 1934 9584 561 9544 6136
5 9244 6615 2227 1629 2361
5 664 1902 7129 5669 6837
2 1929 5731
8 2545 4055 7297 78 8819 13 3502 6844
5 1913 9983 4255 447 9725
9 2935 7212 9614 5655 1964 4328 8856 4407 7745
7 7233 7219 3730 1161 5421 9016 8665
7 3064 5678 419 1003 2060 1539 2756
8 4615 1763 7371 6921 229 5273 4745 1453
9 1193 5854 2357 2413 9687 6005 699 9502 8728
5 5927 5237 3384 8597 2013
5 3061 6408 3938 7114 6515
7 6090 7523 5246 9284 3804 4698 4509
6 7842 6398 4442 3574 9078 7006
7 1951 8825 3943 6721 9005 4701 4874
7 7110 4684 5775 2455 8413 1117 6163
8 7913 5581 7985 8108 1709 425 2897 2352
13 1898 2009 1256 9697 3542 6064 1924 3342 4225 1301 8084 9179 7752
2 3845 1463
2 7012 4598
6 3434 5314 1677 3387 2489 6536
8 2465 8060 7004 2977 9034 4616 1561 6565
4 4659 6240 5085 4114
8 9821 7376 7664 4344 1717 2575 2756 7617
5 6671 1448 4120 6244 2634
8 2253 4127 7591 5161 668 901 3755 2486
6 1258 2588 8889 5736 2928 7540
6 1669 3798 6733 887 7437 6472
5 9065 1342 9679 4675 9304
3 731 1144 2382
4 4588 6216 6360 7072
3 908 9931 3614
5 4133 176 5049 5229 1161
7 7119 1457 5755 4985 1571 4027 4375
9 5968 6782 9953 4798 9981 9725 3522 455 1581
4 1664 2033 4139 7676
5 4092 8295 8140 6576 2535
11 2044 4575 9872 6775 8935 4111 7539 9531 2936 8315 9525
7 9565 6611 282 4573 9508 8670 769
4 8487 2054 8424 7421
5 1923 2941 3450 3600 7863
5 2949 9137 6163 1890 5330
4 9276 8920 426 2974
10 2842 8078 3564 6438 9843 580 9643 944 5727 1009
6 4221 9117 3192 2014 2482 9161
4 8508 9056 8226 4501
9 605 770 4476 9671 7637 2322 7149 898 4293
8 3353 4379 6113 4003 3967 3516 2345 3820
8 5051 9754 5786 2464 7568 5954 9102 3057
3 2427 7763 2461
6 1383 9163 3977 6568 2179 1396
8 6364 4255 8761 6512 8995 5599 9973 9264
7 2404 6215 2598 4002 2577 9901 7400
7 1481 6606 6233 4722 2243 4880 1468
4 6084 2115 6016 2522
8 6351 890 9322 7452 11 2373 4817 7453
4 8192 6927 7645 2916
5 6583 7698 6033 6553 8107
7 9815 8095 1452 6830 4971 1118 5744
9 692 8873 8117 2281 5473 6533 7246 4318 5693
3 924 2624 250
4 2197 2528 7952 4826
5 3409 65 6290 6035 3065
11 9195 8501 820 7819 1296 4951 5303 7942 3522 7865 6934
4 70 4075 3830 22
4 3562 7231 9810 7408
4 7793 9330 5219 3342
3 3591 5594 466
6 316 6894 6410 822 5747 8633
8 7840 1809 9313 2184 4439 4739 3724 9856
9 194 4201 5178 3995 2193 1252 2330 7129 4026
8 638 795 9342 5224 7192 2544 3590 513
5 8820 7136 9062 1228 1552
8 5553 1491 8097 8767 7921 5508 7868 1932
10 4 8469 1743 4447 6039 542 6713 869 9181 7566
5 5279 298 7833 4452 4934
6 6230 2291 6180 4315 4198 6961
4 6333 4625 209 4096
3 1860 6087 3717
8 674 9518 7171 4712 323 2935 7800 8965
5 204 3669 3500 8368 6407
7 669 462 2290 1050 7195 3502 5931
3 587 1936 7709
4 3446 867 7679 8371
4 5564 8200 5121 7513
6 8497 400 8912 8224 9874 3224
4 5796 7634 9302 2199
3 7085 7393 6378
2 1055 9013
5 7372 7675 8360 2352 7335
4 2025 8624 8890 8827
3 7629 9724 6787
5 3308 9879 7317 5145 1615
3 290 647 5991
3 9919 7589 9551
7 2767 9545 4014 1961 4829 9000 225
5 8743 5161 272 5594 5246
5 3656 5415 2461 6541 9013
4 6535 5735 4263 6545
5 606 8621 5235 2007 4568
7 6889 1264 1848 3492 1065 8177 1722
9 9660 6202 5428 3396 6719 4781 7385 7813 8119
7 1287 317 9661 4667 7599 7999 8514
6 606 3575 3813 7916 3993 5929
3 9197 2429 7169
6 3497 212 2666 7237 8171 2753
7 4963 8010 596 7658 3031 755 6396
4 6342 3012 4826 6953
5 594 5982 887 8165 8122
9 2126 1319 7361 5103 4182 8123 9940 6756 6039
4 3120 365 4332 2679
6 1724 3249 8856 4672 3661 8924
6 5575 5811 2290 4890 3511 4606
9 198 1695 6247 475 430 7154 4389 657 3362
11 9038 466 2036 6200 802 2704 9826 7397 6784 439 8394
5 637 8785 6486 7649 748
5 6096 6413 4630 2897 9313
5 2227 5012 9560 5119 7086
3 6129 6968 4601
6 3850 9911 9429 3404 3861 3575
5 3903 58 8122 5428 2399
2 2574 7566
2 8941 3649
4 7690 7509 1303 1834
8 6435 9455 9809 3878 7022 7471 3856 5274
8 197 9763 5907 907 1310 4470 55 9616
8 5557 1320 1544 7506 1799 5489 7399 9889
2 6308 4720
5 4762 3110 6870 1223 6860
6 3589 4862 1593 5984 8798 4045
5 5263 6769 1233 5858 2222
8 669 7821 4510 9910 3725 2783 6186 9654
5 7632 9864 6689 9994 9211
4 9763 255 64 7578
2 6433 4025
3 8228 9389 3132
12 805 4769 9054 614 1479 509 2037 9431 9739 7626 5509 9948
9 2876 1566 8411 6126 4073 7323 2610 9180 821
5 1002 9352 9633 7438 4926
6 4388 4767 1118 169 661 6096
5 584 5948 8814 839 9338
6 5070 2337 4849 259 3239 7869
7 5094 8505 2583 971 2554 4475 2273
5 7469 6102 9591 2524 4730
7 9417 8825 4719 1225 696 8399 8767
9 8123 7259 5633 112 562 4105 7160 6729 3206
5 3312 1689 2248 5477 1650
4 7666 2022 402 7843
1 687
6 4342 4208 6506 5246 5057 4717
5 2038 9179 3919 9049 5959
3 1281 3413 1539
8 2402 1212 9837 7448 6 334 7812 9670
5 2295 868 5240 6473 9229
6 3577 9422 9375 2297 9903 1386
10 7600 6663 241 8572 8345 9714 7261 1137 1654 2684
10 5048 686 631 953 2384 4787 9632 1218 8925 9729
7 1494 1819 9374 6789 9359 5578 4562
2 7933 8905
10 8201 9619 5621 2481 2142 4490 8899 6397 3270 1354
4 1259 6742 6313 2010
8 2315 4263 1860 3614 7060 8977 66 1671
9 16 1341 2138 142 3578 9191 6633 6110 4445
7 5020 5474 114 4602 6872 9670 9013
8 7089 6526 2630 1120 6013 2743 6775 3376
9 8502 8691 8122 466 4184 1098 9870 3207 3535
6 5022 9378 1929 5924 7625 7156
6 4681 4707 5233 5417 8731 7424
11 5971 6477 8261 7250 4210 1516 6139 1062 656 9374 3644
8 2667 2819 826 8798 2748 2844 8154 3362
10 1400 7110 9008 2096 2561 4797 498 121 8211 2297
5 8806 2775 3887 1576 6488
8 4214 6296 6997 6512 1928 6849 9522 3847
8 6628 9586 2727 4309 4289 74 4534 108
5 5353 6841 1475 2830 3210
5 1989 6765 2311 4579 9804
5 8126 8680 4680 3402 372
7 5006 2359 750 2909 9065 558 7356
4 3709 9668 19 898
5 5621 487 6384 5562 37
4 5847 7891 5927 6169
5 7408 8224 5115 3830 321
5 965 3931 5400 9391 3758
4 4411 8221 4375 8132
7 2254 2045 1181 2381 5138 6619 6653
5 8674 644 6969 6678 8368
4 6168 5963 376 4601
4 948 7081 2200 3215
8 8690 5885 8376 3801 72 9327 3029 9245
6 4974 6482 605 9271 43 5007
2 6601 194
6 4674 8842 519 8696 2469 235
5 9782 4116 7003 6527 7887
9 3165 3187 6881 1893 5733 9245 2870 7905 9178
6 5469 6410 812 2809 4729 9111
6 8592 5902 6036 6165 4851 3880
6 2404 7476 157 5375 5411 2525
5 4832 4017 1311 4043 4700
3 8922 8611 1938
7 2034 8840 2989 336 8800 370 4055
7 2322 1238 5134 5894 3419 5516 260
5 9439 7413 858 3853 9440
3 6053 6165 7548
5 6375 8059 6499 6241 6671
2 8580 6816
3 3525 7139 615
7 2450 2539 6246 1827 9403 6011 3981
9 9563 6750 310 5420 7939 4152 9977 941 4416
3 8776 3648 5952
7 8985 526 1006 7314 2780 7560 6786
11 1982 4226 3828 9070 7299 5521 2139 554 9068 7116 225
4 2548 1535 4807 2215
5 9880 7461 8066 1915 5370
11 7046 8099 6921 8938 6114 3879 202 3791 3429 6395 8897
5 8256 7967 9692 5270 5218
12 6108 8537 1342 9262 8575 2678 5986 2716 8857 8813 1874 7435
6 6319 3905 6542 4190 2713 5109
7 2302 1301 4019 8195 3638 549 8166
6 967 5456 9344 4291 403 6194
6 2050 4396 3510 2646 3605 9752
10 160 2943 9554 8051 2306 6102 7592 310 5971 7824
8 8308 9460 3250 5680 4748 3055 2188 825
10 4267 1343 5089 27 6912 1120 504 1656 3411 5661
4 7853 5745 7835 899
3 3325 145 6305
5 847 6299 8276 5224 3312
5 3309 6698 6876 605 4600
5 9911 3862 2500 7838 2372
3 5036 1536 5246
5 2508 6687 6247 2444 7268
6 8404 1287 2953 6316 3829 7308
5 582 6836 9345 5893 970
12 208 8502 8572 172 9779 3140 2483 4659 9615 6390 2197 1775
7 2136 3289 4968 931 5859 1272 9142
5 3627 6004 1470 8011 7373
10 1192 2601 1774 5232 3879 7836 8507 3085 7057 4692
14 2251 3324 7876 7324 5550 3125 4743 1561 81 9383 1913 1203 6374 6161
10 7349 2278 5652 4370 4911 196 9196 4131 6943 4652
1 9418
1 2264
2 3831 5547
5 8761 4011 7926 1080 3495
8 3054 8901 5652 4392 9951 4400 6970 8436
6 9768 6181 9004 6025 6830 8700
4 1070 2103 4610 4992
4 1404 6722 9430 2735
3 5376 3039 2167
5 1750 4441 6904 7890 4
1 9404
9 5765 5201 4040 9912 2680 9951 1145 9148 9136
7 1346 7609 7822 4153 1140 226 5665
6 8240 8759 5197 3102 8771 9647
11 3492 9269 1825 3835 9910 6348 8203 5705 5864 5834 5848
9 4458 6841 682 8593 6948 2688 2906 1352 3103
1 9211
5 723 1874 6819 1385 9055
4 4225 7821 3234 3156
5 3118 7622 8041 6938 1645
7 7871 4596 1512 5328 5706 7241 737
11 3483 7997 3932 7344 5102 2676 8698 2130 981 3529 4937
7 8113 9386 2016 6177 8724 3860 847
4 2132 1770 553 4090
9 3201 6997 4398 7145 8182 4073 369 7163 324
1 682
8 8301 6901 1807 497 70 9469 1577 2924
7 2196 5593 5931 9632 1338 299 3239
10 6786 5152 4987 9995 5874 1090 6808 1350 8165 2422
6 6488 8990 5640 7919 5296 9353
11 7271 2377 6059 8238 8245 783 7177 5509 8969 4705 2662
10 6399 3441 3496 310 1208 8489 620 6597 2357 7695
6 3889 8069 6215 1706 7644 8656
8 8743 6232 2791 8603 1750 6592 6260 6199
2 5658 9919
8 1397 9053 4317 4908 4667 9037 4739 5368
5 942 986 3809 2813 819
4 2325 1093 3361 3735
3 6642 7606 3029
7 8681 4897 3001 1734 6509 5083 2610
4 7799 1229 7674 7029
7 7793 4111 2745 8447 6550 7296 5301
6 4305 7159 9882 6897 6407 807
6 4971 9187 1329 378 7763 5764
5 5796 4921 7477 233 3211
6 1114 8388 3858 2243 1160 1659
4 565 4136 5069 5919
5 6330 2211 1579 8597 564
6 8174 7949 9676 1094 3736 9894
1 9468
8 5895 5861 1956 8625 110 1196 3257 2766
4 9264 5446 6633 3967
5 7403 7618 4894 7144 650
5 5793 9235 3668 4423 2188
11 6319 1126 3141 176 7766 2229 876 7134 2356 4661 155
9 3534 1907 556 7778 1570 8859 17 1000 2213
7 7015 9880 9122 2187 6960 8609 9988
9 8766 8598 7318 3996 7770 4625 5412 2690 9661
4 1166 8963 3281 9504
5 2590 7612 9896 6265 5211
3 5662 6548 6229
6 5757 5930 7556 1407 3694 6523
10 8771 6522 313 8765 3748 3508 2005 7690 1886 4504
4 1791 4008 9034 7848
6 4813 1584 1982 8711 5153 9685
13 5553 1610 1408 3974 5435 710 4994 1395 9485 6528 8509 8694 6166
9 996 6295 6530 6224 8207 920 656 4182 6952
6 5147 9891 9022 2430 8583 7844
3 4201 5536 4955
7 9458 4760 6357 6001 2557 2509 3321
9 7903 6980 3026 8727 3978 445 9796 4362 7253
4 2268 4354 6460 7384
6 7766 6465 4803 2086 1714 3781
4 8471 3422 363 3780
7 6143 663 9470 2714 3548 1694 3573
9 6443 3254 6160 2811 4484 5705 6334 2479 645
6 6251 4116 9533 4456 9672 4354
6 8156 9456 7938 3626 9128 3584
6 2776 4929 1036 3733 5883 5332
3 260 5231 5138
4 8235 4600 5714 7540
3 2852 7946 338
6 5785 6396 112 7077 8903 7583
6 6967 2815 8108 195 1383 6901
6 1561 4154 7606 9534 434 4799
6 4976 7988 1423 2201 4554 8236
5 9188 5877 5178 4742 8212
4 7504 3962 929 7616
9 9 3416 7521 9649 2505 7684 9833 3976 72
9 407 8349 2859 3613 8193 9212 600 5034 3992
13 2793 7801 2281 493 9186 6425 3170 3984 960 9774 875 4006 5867
8 4553 5131 7526 8970 9520 5626 9735 5569
5 8931 1620 6081 560 6881
1 2704
5 570 3402 8709 6456 1991
7 2101 7779 564 6839 3916 4785 2703
7 4316 4488 7927 1609 6547 6274 7184
5 990 8266 1178 7439 9144
2 2209 2625
3 1080 8903 1863
6 2404 1773 23 3798 4497 725
4 2378 4117 2304 7533
7 3766 1086 9389 6489 3906 4454 3964
8 2000 5152 1854 5613 9692 2970 5558 4895
6 1818 8758 6944 6806 656 1151
4 7096 3502 362 4328
9 6847 1505 322 7284 7112 307 2143 5735 7735
5 9264 102 2224 3751 2734
4 1856 5643 9507 4471
8 7790 7132 3942 681 1636 9977 3264 8252
6 5688 7723 2718 8125 6469 3404
5 9186 9356 9695 1045 4389
1 1698
7 881 7420 3800 7486 4562 6706 4835
5 9204 5549 6655 1673 4072
6 6034 9652 9074 448 9882 5491
6 8605 533 324 1369 73 6869
7 2224 5286 9965 7976 4388 3964 1985
10 1106 3759 7966 3181 854 2412 9859 8858 8681 3017
8 749 9277 3674 9416 6124 3436 9197 985
6 6652 2135 2053 3758 5572 692
3 6447 8109 1163
9 8343 7851 8049 2605 661 795 1743 2583 648
5 9135 9653 8006 4999 7239
5 9767 9216 4468 5319 7736
9 5835 9438 1806 3982 9623 5535 1045 776 944
4 1082 8386 408 2185
5 6509 5274 9678 2197 5071
4 2622 507 1076 1712
3 5401 8209 1109
4 4200 8143 2115 757
6 4949 697 5805 8537 8737 8328
7 127 7559 396 6889 9817 8991 1164
7 3562 2140 7209 8364 9367 9347 947
6 6767 4809 4258 5383 7353 8071
6 6302 7993 7010 7646 6910 6898
5 9308 340 6220 6138 148
7 1471 2914 1370 8106 8871 8311 4147
7 4459 5055 9267 7810 4563 9982 3494
5 1085 3083 3544 7324 9606
6 8579 609 1340 7616 8531 2395
2 745 531
2 134 3985
8 1758 8782 6111 6676 7926 5239 9908 2657
9 2170 1117 8435 2187 6628 1684 4157 2078 8014
6 9236 1322 7784 3024 7924 4800
7 75 4254 4352 7877 580 8037 2490
6 9830 3488 639 5888 6986 3248
4 4493 2873 102 3309
6 8420 7331 9230 1866 7951 8593
5 9988 839 325 6332 4084
6 473 7105 5935 2894 5221 3150
10 6809 5713 7701 6345 3715 9814 844 3545 1576 1260
5 7065 3168 8471 1133 5977
8 2653 9760 5654 1496 6878 2193 6416 3987
9 5613 2566 4119 2623 9350 6493 4732 890 9877
4 3757 6989 5226 6671
10 8551 4379 8379 3065 5038 5973 628 7858 9941 4070
8 157 2853 6133 5317 7750 47 3919 1230
4 9430 8921 6496 9782
12 6815 5147 1989 5889 4773 5037 8811 1909 1030 4883 9944 4772
6 1765 2082 8304 4699 7606 9771
0
8 8979 7990 692 2907 2603 3869 6111 4754
6 3208 760 6920 3543 105 7373
4 5070 7862 5799 2751
5 4786 476 7295 7197 7021
6 2111 7235 5551 8302 2148 9858
3 9915 7829 9189
5 2770 9664 8761 5089 7952
7 4001 7168 5631 449 670 8669 7930
5 2914 7604 4841 3139 7950
6 9830 4053 9432 1236 4562 5744
7 4208 6769 125 1457 3170 8388 3587
4 8412 103 9372 1656
7 566 8373 7140 9375 1857 9642 6658
5 9748 9946 1575 3220 7461
1 8863
3 6998 9828 3639
9 1643 242 326 1683 3661 5748 39 5206 610
10 6300 4355 439 4597 5246 4512 6901 4816 4623 465
7 1133 5636 3774 2569 6557 2993 80
2 5189 8165
7 9067 189 7019 8137 4566 6108 6548
8 6420 7004 2977 4977 9721 1316 280 6127
4 7899 7412 6731 4419
9 7757 3635 8468 9949 5719 5598 9901 5801 3250
6 9633 6914 3484 786 4105 3671
2 1492 3602
6 9740 1390 4216 7413 2555 2981
8 1250 253 8375 4636 8058 9196 3112 649
7 9717 5243 9932 2338 1873 4915 1836
10 7486 9105 3043 1600 7191 370 6513 2139 6557 2543
3 2359 9861 3199
8 2196 9715 718 3760 4143 3409 3934 9625
10 880 8969 217 4974 0 7898 3332 229 4025 8230
3 9328 6338 1527
6 7218 1322 5004 1823 9434 1737
4 4386 7385 4093 9345
3 1649 5688 665
0
10 1767 9512 2375 3255 8594 5198 2718 1388 9802 2295
5 8166 1226 4567 1469 2759
8 4412 9307 2558 8993 16 2618 9624 1007
6 4029 9148 7559 8099 7077 2029
6 9337 1422 1792 1470 6315 9008
10 1801 8363 7100 495 606 8015 3574 4654 6419 5052
7 7866 1470 106 1748 5449 3475 954
10 8075 2352 2795 8635 2852 3078 3585 33 8049 378
1 7944
5 6668 5250 8379 6139 1875
8 2999 2061 5933 5657 3372 5062 4014 8637
7 7916 6476 807 6170 3799 1812 9186
4 6391 2200 2908 5188
1 3570
2 5362 9815
8 9647 3691 7802 1850 5455 6716 2150 5907
7 9919 6683 3104 3080 1299 5397 6759
13 3613 2565 6897 1731 2260 8840 2832 9094 249 942 7645 9318 6556
9 9608 5891 3015 9292 2945 16 3650 5063 3790
4 9919 1601 871 109
4 115 5297 8442 4644
2 6435 5250
11 4114 1089 6658 1047 2072 3810 4498 4797 9157 3454 1923
6 8037 6498 5310 4081 439 8349
3 7904 2740 7384
4 3471 8938 4992 478
9 9554 3467 4614 5328 7174 638 1678 34 9732
8 9385 4990 7085 5881 6549 3548 8896 8245
6 8026 9938 6991 7649 312 5696
9 5194 3593 5678 4078 6435 9017 9569 7777 2652
7 946 702 6532 9013 8523 8975 2790
9 1971 6685 1340 6189 4919 4341 1347 2001 4680
6 8360 9664 5486 7925 8880 3745
10 1999 6369 6033 7987 9882 2933 8954 9053 3546 9635
4 2780 191 6026 3250
4 8147 1622 5888 8647
2 6764 9899
8 2329 8646 4732 185 8697 4947 4461 6023
7 9752 3544 7210 5043 3614 4299 9101
9 8901 3274 9647 384 1663 4035 1991 1442 6221
5 8244 8502 5610 2434 4732
3 23 9302 7531
4 3495 2765 4932 6671
3 9222 9722 1722
5 1514 6547 8010 8615 3240
5 6471 6639 5465 7197 9683
5 2324 4117 212 5966 6481
16 9177 1077 8892 8406 5219 4104 7043 6078 4596 3809 6757 4012 4883 6938 1851 688
0
6 6882 1365 6425 5615 3206 8124
4 8270 1768 5383 9115
8 2035 4315 2847 447 5355 9296 2775 5780
9 1761 1976 282 3506 4366 8740 6881 1528 4702
6 8223 390 6682 621 9454 3185
7 2955 1997 7009 212 3814 3363 1966
10 8005 8413 4096 691 4934 9320 8283 9211 7927 3685
6 3737 9178 8449 4232 9608 3289
4 8444 7415 4777 9137
9 4094 5035 3923 6013 9116 6517 8794 6432 8653
8 8436 4501 7058 3232 2417 5735 6893 7800
8 461 4185 2068 6250 9072 6235 5860 4891
13 2134 8757 8992 2516 8670 9326 5370 8122 6172 4067 2224 2567 7148
6 7370 1156 5310 5806 1739 9435
7 9793 359 4726 708 4183 8153 4435
8 4474 7168 2849 6097 8556 3782 7437 5466
3 4678 608 1361
4 1709 8802 612 1063
8 7903 5572 5956 5079 5169 4149 7989 9194
6 2042 5378 516 1260 806 2134
10 6628 4224 1654 6131 7763 6297 3881 4985 1174 3419
4 381 5416 2689 117
5 4009 8921 6564 3360 9650
3 5824 1609 8940
10 2707 8099 209 2431 8827 8257 1312 6617 5253 1146
7 2759 290 1137 6565 7141 7130 6703
9 9286 5064 5318 4518 8805 2778 1977 585 1134
4 4259 6931 2934 7971
9 5169 4928 6578 7746 2938 6606 6641 136 8320
7 7564 5868 2195 970 1281 1481 4458
7 1104 7058 981 1776 5529 8827 4514
2 3555 1508
5 4592 9993 9156 1653 6187
7 2938 6353 1048 8882 4518 8518 385
3 4836 5762 5726
4 9412 7755 1636 1415
3 2301 6479 8514
5 8507 1139 1258 4661 8719
5 8154 7813 1261 1083 5075
8 4435 8745 3399 2202 2228 3243 1311 53
7 8971 1668 6220 1285 1902 7021 7915
9 5398 6980 2264 6262 8763 3209 8709 4169 9808
6 9293 4210 7362 6951 1637 9709
9 4988 3664 8253 375 9359 5481 8841 9079 4599
3 9957 7989 9466
6 1334 3412 6186 8333 6607 6018
11 8302 6953 6318 1789 7499 5715 4982 9734 6096 5839 7122
8 7586 455 5375 9803 6204 3204 2019 1093
7 2390 8370 4448 9759 5462 1771 7319
3 5699 49 2177
5 2952 362 1194 7015 7082
6 7410 8550 8110 4871 2110 7447
5 696 4509 4438 9694 9561
10 278 9961 7063 9219 6452 8317 8310 997 965 7560
4 2713 6989 3559 8348
7 1546 5873 6897 9190 3919 3558 1194
4 8497 6933 7113 5860
4 307 152 3084 1895
4 6979 6815 9018 4176
7 2045 9870 8847 5495 4238 771 3838
2 9949 6361
5 3213 2302 1028 8590 8169
4 3333 8197 2442 1792
4 7140 430 4221 357
7 9406 435 7601 5249 6063 8902 4979
3 3245 4717 1941
6 4876 2882 1267 7616 5231 8499
5 548 470 479 4564 1007
11 8055 9041 7756 6547 2694 9092 7985 9177 9133 2871 8122
6 4489 1417 3399 5355 3908 6888
5 5084 431 5094 3302 1262
8 3536 3090 2551 3953 9155 5142 2418 5651
2 4287 1231
6 2573 1527 4864 5580 5387 2654
6 9587 9876 4315 3231 3470 927
3 8764 7918 5681
6 5351 9134 7600 8969 5395 2272
12 3987 2084 4322 6516 7559 3372 668 2572 9789 7864 3921 2727
7 483 3627 8281 5759 3968 7902 5413
6 9881 4775 2224 8082 8723 7450
3 8670 3342 4894
6 4395 9129 3949 2779 4902 5953
4 1766 7803 6709 2797
10 3940 537 3953 1058 7219 7191 6854 3387 8340 8643
14 8322 606 9267 308 8638 8329 2234 2340 5671 8966 6956 3232 2494 9894
6 6504 761 6115 2277 52 8501
9 9763 4722 8972 5925 7602 7153 1268 9502 1965
5 6925 2346 5359 1415 6155
9 7529 2369 7511 1733 7134 2087 4191 5146 7644
6 2515 6387 54 3241 8890 768
4 1998 9419 4769 6810
10 8215 7708 7663 2228 8043 4383 9070 8099 7651 5993
10 6133 7688 5179 2192 4600 2226 6138 2715 7652 4040
3 3660 4341 8031
8 9823 586 691 6765 7891 950 6276 1535
11 9934 7719 50 1832 4891 6577 2105 6228 8611 798 569
3 2167 6684 1540
5 6471 1165 4637 7177 1262
11 836 8151 8632 2304 9176 8653 1274 3369 486 849 5864
3 1767 3636 9492
5 8153 5608 1200 2424 5968
11 8514 9097 9247 7082 8980 6927 1620 6970 4174 7726 194
12 5680 5143 1448 7131 9936 6577 3886 4172 8924 289 1691 1478
6 8375 8642 625 17 3980 6597
9 4439 2454 1019 2904 1435 3189 3812 4946 9559
4 838 583 4294 3888
8 8964 1315 8272 7964 3927 6777 7405 1046
4 1118 4630 9935 5504
5 2858 3277 9072 8923 2420
7 5109 1147 2180 7579 7343 5675 3653
7 5014 5140 5080 0 3304 6471 9179
4 8203 2999 3305 3650
6 6933 8656 3893 7911 6449 3325
5 746 8826 7438 4456 378
4 7444 1870 7174 4712
8 5962 5126 3178 3322 4402 2521 4922 5145
4 8017 8401 4206 3589
7 2917 291 4323 5055 8234 355 4843
2 126 608
4 351 8254 5733 1960
9 7067 8129 1379 8586 3343 2888 4472 9288 5194
4 4925 3056 4705 6559
6 3945 9916 3164 8131 8169 8045
13 4673 3254 7279 307 4983 8069 5641 1105 2047 7159 8634 137 7712
2 7035 8301
9 8232 7858 6192 9945 4212 5852 1701 1204 9947
2 5056 4809
7 2748 2796 3289 5603 986 1372 1426
8 3562 5029 1587 496 7191 1488 7411 8662
4 3077 4375 2727 1713
6 8569 3878 438 2081 1545 9463
5 9811 3088 9574 9540 4070
4 8433 5052 2252 5273
3 6370 452 5020
8 8288 5104 7401 2522 5523 7651 7809 7963
5 7983 7324 6448 4891 7760
4 5625 223 7008 5927
3 6131 8245 716
6 9482 8175 3582 887 8153 8092
7 6891 7498 575 9105 1932 6492 2810
9 4012 4859 1405 6945 7648 4462 2585 8472 7256
8 4817 6937 7525 9318 8266 2205 6897 5075
6 6750 2954 7021 2861 9806 4924
7 7829 4237 2410 4173 553 1541 7010
6 3199 8169 9225 3115 3451 1536
6 925 9143 5504 817 339 3048
9 4563 4622 5147 2514 9942 7471 4660 7643 8332
1 3489
11 2095 1218 5415 907 6047 3483 5574 1371 3358 8832 9298
4 3551 614 9021 2280
2 1487 5420
4 2381 7805 4114 2416
6 6646 5323 7065 9402 6577 5039
5 4710 1674 9328 4155 6191
13 9287 1320 1259 4608 2227 3949 842 1668 4999 6366 106 2360 6906
9 9206 9673 5041 9401 9589 454 2503 4128 8411
6 6069 8243 1773 598 5893 108
6 5810 3981 5554 4686 5128 223
9 9776 6969 7467 2818 7109 6588 4325 1522 3792
2 1442 2583
5 825 5236 1270 2262 9006
5 5638 8482 7599 528 2524
7 1364 6885 7870 739 3434 6576 5331
3 8420 137 5607
11 7031 1821 8610 6523 4316 4805 401 7760 6520 2350 9745
2 9154 1976
4 9626 8093 7403 5563
3 4767 1921 3391
10 348 1374 4710 5517 8758 6803 1963 6933 4460 2469
6 5377 127 6978 7627 1183 6737
10 7103 7702 5728 6549 4315 9723 5258 5234 2730 4969
7 7503 8861 1481 8735 3962 8244 8676
4 8142 6131 7795 6671
4 3638 5107 1284 6524
6 8592 1109 5679 8290 5768 2675
4 8552 3721 4913 339
5 9110 7847 4380 5873 6201
4 1687 1905 6902 3217
7 9619 915 1895 5268 6806 7910 3452
2 9768 8362
5 417 9381 7713 6013 8623
6 4519 1296 2318 4792 7867 9147
4 9335 7451 5596 2515
6 2471 9407 9303 2696 7194 1833
6 8122 8629 26 1642 4922 695
5 8795 6519 1823 5446 3161
3 1580 749 1601
4 7161 3388 7090 8459
3 7095 3272 7032
6 4825 5718 8933 267 8712 4411
8 4465 7726 1553 5033 6529 8727 4250 4289
6 9301 9372 3345 6370 9975 2276
3 8035 4224 5539
8 6126 9495 7724 9187 5902 7628 2789 1729
7 5910 2622 862 2969 2111 7377 6127
8 5254 5638 7588 9358 6018 2043 1132 5545
8 2460 8735 2765 2624 5961 6503 2509 455
9 9821 7678 8496 1323 7073 2271 4299 3070 7054
6 8775 2068 3299 973 4923 1655
9 2022 1688 5368 1717 4292 9907 5917 7479 7976
10 6313 5354 3572 4205 3391 5476 6967 3523 5269 302
8 8156 533 8843 3182 3325 672 1224 3339
4 6642 2680 2104 9402
6 1806 5334 2762 8148 8478 9490
6 7861 3676 1366 305 3392 8453
4 491 2928 1149 7866
9 903 2772 2074 2494 4157 1270 8653 6263 5563
5 7811 1738 907 1705 3296
3 6256 4057 5998
6 6037 7794 3522 1445 4972 2599
3 2372 9426 6549
3 2910 9195 6763
12 421 8606 8187 2935 1836 4821 9180 338 1813 9901 2898 6792
6 5086 8022 7252 8982 8202 7140
7 7811 2627 3666 5313 9496 8009 8168
10 6678 5528 6284 4848 9204 1532 1011 8706 8611 9988
8 3622 1080 4787 8879 9522 6103 1319 664
13 6838 474 1339 1710 3810 7010 2862 877 2776 8288 3482 5464 9625
5 4883 3042 3684 9263 456
3 4380 1654 5284
3 4003 8806 672
3 4816 7890 9549
8 799 2562 5606 8074 9571 3905 416 1849
8 7461 4754 9974 8150 5132 5402 7405 3174
8 3310 9677 2913 8766 4783 358 4739 5980
4 7065 7757 503 6388
8 5996 3076 3314 8055 218 1501 1886 5290
1 9965
3 8648 8577 5273
8 3506 5708 9404 4104 2029 8578 9655 640
9 5358 2069 7378 7711 4099 2198 228 550 5415
5 9083 5443 1243 5750 5866
3 1150 8564 318
6 3852 5341 6492 537 5624 6308
6 9 3662 6805 1731 931 9579
6 7878 8172 6191 6083 6241 1381
8 9661 4270 8839 4445 5129 1001 6681 9369
5 3791 9169 5529 4945 9717
4 9424 1359 1795 2508
5 7251 7407 8032 3454 2269
3 9947 4853 3950
7 9342 9917 8137 1907 6360 8940 1318
4 1577 4940 4480 4670
6 9575 9675 6812 6898 2805 5479
6 3770 2597 5987 1872 6503 5557
5 688 3222 6920 7768 2611
4 7464 368 9562 6308
7 9984 1828 3145 7416 2870 6926 2530
5 9820 3972 9441 6524 9863
3 4325 1268 2187
8 3078 6442 1114 7093 8972 8109 3255 3206
5 4878 7433 3442 2646 1815
9 6767 1259 1042 697 7394 8037 9148 2601 2571
10 6847 8947 1796 6221 1364 7303 1979 2836 4296 1252
3 7471 5771 2362
5 7128 1050 7181 2364 4754
8 9862 8883 4615 2540 7271 2237 7151 103
7 8165 5923 1397 3492 4066 2725 8248
8 1102 1557 9758 9438 5712 11 6769 1129
7 1414 8764 7270 8205 9747 6731 3412
5 3397 846 9809 9078 3471
5 3371 6924 2043 5087 1356
6 3256 8950 9658 9901 5706 1886
8 7476 5850 9928 3305 1744 2675 5148 553
5 7579 462 1696 6010 4275
1 2376
6 8504 2715 6807 9971 9453 9348
3 6319 8624 747
8 7133 7366 4185 4473 8570 8576 9121 843
5 4007 8334 8755 5917 4693
9 9474 7807 8155 4919 2560 4625 5447 4676 3248
6 8077 6939 7948 7214 5084 5105
4 1127 2043 5097 4648
4 196 5396 7942 6124
7 3678 4850 2684 3648 4652 1269 1487
6 9231 1767 9458 9415 9437 2493
5 8324 2567 7477 5008 6299
8 9184 7764 6575 2629 2415 2870 9166 4920
7 3093 1045 7121 305 1402 8862 1461
5 3379 875 3007 8084 9718
8 7127 513 5873 7307 687 7918 1427 5511
8 4233 7380 8316 1187 2438 1215 4108 6247
8 6895 6033 5679 9468 1100 7141 3871 8948
8 5807 9975 2321 9937 3524 6185 8743 1583
6 7501 3592 6355 3668 9114 7580
10 7516 8312 9466 672 3641 8753 5467 3690 4735 103
9 9493 2927 2947 1657 4172 8084 3898 3599 9977
3 5274 5568 610
2 2197 1918
5 4123 5401 931 8059 2846
5 7059 9779 507 9977 294
7 8115 2808 5575 1424 6670 1686 8882
3 4785 9761 1434
5 8307 8856 6607 2195 1150
4 26 2728 3712 2394
7 500 8335 9527 6055 6990 2150 1054
5 9657 2071 9820 6678 618
9 4509 2571 4306 276 9213 3127 3513 8368 7912
6 7009 8115 9943 6656 3202 8584
4 8833 5791 9543 1442
5 1102 2532 6237 6937 8702
4 914 5966 5574 8177
5 8697 769 7460 8076 2743
10 2895 5308 2766 8300 4688 2235 5517 6602 2476 939
10 4182 4134 8326 3033 6000 9592 2921 7300 3673 2757
5 5220 9945 42 5376 1162
6 4781 23 4198 5877 8749 8970
8 4267 5961 2905 6776 273 6307 7324 9380
3 884 4454 779
5 9015 2824 6447 3170 8114
8 8457 9870 7443 1678 5243 6072 2689 6023
3 9720 9701 6358
4 7903 4382 6897 2649
5 6407 6293 8926 4101 675
3 6422 7698 9659
6 9081 1565 3572 4901 6548 6948
3 5552 375 3583
5 9454 5229 6660 8085 9943
3 7870 7360 8005
3 5712 2370 3909
4 3685 7286 2950 8721
3 6129 2733 6715
6 4129 9798 2382 7160 7448 1005
7 2463 8941 1392 9970 4025 5566 4161
6 2987 8693 5430 8425 8526 1593
3 8958 1552 9017
4 1438 1587 5340 6037
5 9570 363 9856 9058 5077
5 9111 5535 8626 982 4745
8 704 3583 8014 7632 8447 1386 1783 5219
6 4413 1489 9587 9660 7493 1758
6 4149 8210 6622 7296 15 498
4 7987 7254 5150 1868
9 8754 4487 2068 2620 1637 7914 4191 8728 8451
1 8818
5 5680 6961 3637 4416 2207
4 3986 583 1523 7069
10 3510 3313 2434 7623 1610 7457 9234 7728 5129 8328
5 6364 9006 868 2979 8751
9 5910 8079 6132 2585 4035 1550 2380 3892 3192
5 7431 1566 7024 1615 7626
8 1268 2325 4031 8717 5187 3808 6779 9114
2 7956 390
10 4767 4462 4539 6690 1941 5802 1735 2996 4950 5494
9 8134 387 299 7971 2036 916 3501 6925 4827
8 2632 2773 9114 2282 7731 229 9913 3061
6 3329 7230 480 3514 3162 5910
5 4850 4541 4503 4146 3715
11 524 6809 3932 746 7938 5115 1894 7991 4474 9039 9234
6 2797 7236 6131 4811 2714 738
6 1718 9913 929 1680 4752 7209
6 779 3531 9019 1527 474 2205
9 5118 4923 4414 6292 1229 1520 6951 645 7203
8 7262 6610 2496 3947 3541 377 9261 8974
4 6646 6800 6462 6419
5 7407 7907 6495 9249 405
2 9291 663
8 9562 4989 2500 5884 7826 7954 9052 9110
3 1404 9769 335
6 257 6497 6450 5395 3233 8646
5 9508 5293 1761 9069 2726
5 5476 6119 4974 5930 5511
6 4939 9645 1965 9871 1581 3215
6 1864 2911 6985 6965 7657 9075
3 1696 3272 6685
8 4185 3816 9083 157 4898 1764 5138 9473
6 5812 9425 1718 2333 278 327
6 4553 6009 6023 1290 9377 6157
10 1123 2233 3476 7144 6020 2445 7687 3162 1221 642
3 5396 875 2011
5 8147 3932 8956 145 424
3 7429 79 564
3 6895 401 8960
4 7026 7773 9756 4761
3 1028 3143 2832
4 8029 8436 9488 2621
4 8837 2524 7140 3819
8 8669 5931 6485 8949 9550 8432 3142 5928
9 6806 4461 328 1486 1881 2030 3898 1370 4222
6 7361 7319 2384 662 9683 2649
10 1763 1052 4946 1656 1189 7680 2505 3958 3146 8186
7 7955 1228 7412 1092 6155 802 9718
7 5710 8037 8529 7558 2592 3732 687
4 5428 2547 2570 7466
5 126 412 4676 1032 1260
5 2635 3063 470 2184 6902
3 780 3908 822
4 3183 7392 3688 2847
6 1889 106 1572 5248 2119 1258
6 5972 7930 592 8194 8644 2198
2 4372 127
5 8833 2864 946 5855 9168
8 5798 3899 329 713 5821 2717 6036 233
5 4695 4929 7582 4649 1941
5 1397 8630 4134 3510 8355
6 6143 6495 6098 2057 8668 7329
3 9929 4246 4527
4 4380 8503 6559 9089
3 8645 5605 5527
1 4600
5 681 2795 18 8804 8465
9 6003 9490 2314 4524 6777 8408 8471 1132 2652
8 9109 8435 3593 8163 6463 5963 1933 9306
3 3613 4645 535
5 8433 1574 7925 9349 9122
9 8041 1901 8406 2845 3237 5616 7785 4334 2168
7 8690 6070 7257 8722 1037 2090 5302
5 1950 2848 3559 2771 4543
4 5044 4967 4191 8631
1 9991
3 4649 2262 4491
9 2903 4705 2747 3223 7007 8002 920 173 5317
4 7425 9421 6583 766
8 2476 8039 6524 4585 3455 9498 5586 5545
5 5580 3016 5491 3621 9519
6 3939 8769 2290 571 4994 8604
12 8360 567 4558 5294 6475 7822 3701 5915 3072 835 4652 3660
6 847 3248 5727 4079 3531 1698
7 4656 7108 8038 3429 4965 1152 2784
5 62 1070 752 3658 6044
9 2810 4457 6811 9194 886 3678 9752 9617 8364
5 2042 5922 5454 6964 1529
6 1313 6377 349 1221 4082 8235
3 5424 2415 3996
2 4929 5371
7 6347 7516 2174 9450 8577 7375 8537
6 3563 8341 9612 4919 304 3487
7 9647 6943 3359 1534 2870 3250 1442
10 5206 9539 232 914 8532 6181 2413 8218 4792 1453
5 1463 6960 6649 2131 4188
2 5335 5371
7 1993 1731 5785 6126 3775 1676 4453
5 4486 3344 9667 3733 2719
4 4454 6642 3826 3130
3 8522 4121 8431
11 3730 8989 9735 5831 8736 9330 1927 1136 6516 6518 9109
7 6649 4885 4542 9363 4660 1117 7350
5 404 7340 215 7967 8518
2 7617 6361
10 2203 6206 8728 9594 8574 5561 181 2330 1713 5128
9 8864 7854 9270 8617 7934 1889 6361 8432 6619
3 8936 5368 8171
3 9592 5568 6299
6 5922 8568 7057 2083 7439 6932
4 4085 3937 5212 7104
8 6951 8827 5644 162 6524 6079 1009 4006
1 808
5 3806 7074 8234 5929 1276
5 7177 4166 6107 9109 7159
3 4910 267 515
7 5488 6267 9433 9242 4884 5597 132
7 8192 4425 6340 5786 4298 3366 3281
3 4075 931 4289
5 6072 7178 5467 495 3566
4 3387 676 2301 5155
6 865 802 1464 2881 377 5400
4 7582 6692 6716 5033
5 6093 1714 2034 6402 592
5 8604 4610 7370 3304 7812
8 6944 1972 2610 7079 683 5485 2082 4868
4 2400 2325 5361 1994
5 1821 2108 1893 6507 3216
2 7302 3961
5 3073 9668 4134 7454 2326
6 704 1316 6039 9791 4994 2601
8 9517 2032 8228 2861 3691 911 5697 8527
8 7628 3162 1520 3448 8087 2551 4078 6045
4 3397 1426 2489 4025
7 2132 9142 5245 2778 2923 8097 1098
5 9566 4385 5914 5760 2779
12 96 5669 7606 2296 5965 4506 5608 330 9311 9580 1046 8116
7 7708 7775 8022 6268 9147 6134 6468
4 8987 8428 7509 4964
7 5779 4812 160 5609 8297 5636 8570
6 7685 747 7053 5068 422 457
2 3360 4924
3 6018 8068 7778
6 339 7588 759 3928 7487 2304
10 5812 9904 2166 6210 2704 8990 1046 8802 7846 2612
7 4502 756 7222 7291 1427 2404 4277
2 3537 3951
3 1700 2915 1472
4 1875 5503 7097 3782
10 8132 4525 8067 5465 6187 8783 3490 158 7645 6495
11 5436 4772 1627 3047 939 9912 1807 3792 2069 117 6657
9 522 2510 3406 4102 947 1983 8598 95 1118
3 1490 222 8863
12 4020 7062 1094 8548 1056 27 2071 4162 8064 8468 3193 1990
4 2913 1713 3737 5242
7 7216 5624 9879 9662 9269 2345 5100
4 2841 3300 5874 6999
3 8465 4391 995
8 4936 6430 4360 1789 2269 2303 8012 3328
5 7309 9770 2186 9480 1654
3 7225 3280 7239
5 7405 7142 7265 8355 4591
4 8532 7516 8860 8496
4 9742 5464 1887 1094
9 8413 8613 7008 5441 1843 1117 1689 1630 5098
7 4255 8615 630 9797 4950 371 3056
5 9265 6262 7921 60 6181
6 9103 8527 8459 1792 277 5139
7 3461 648 1842 5069 5353 8799 4493
5 1770 9004 6986 4875 7288
6 3777 4103 1697 7377 5950 5641
8 1859 9615 4761 1867 4693 6798 11 5571
9 6082 7758 6410 7912 1295 2778 83 917 8456
6 2859 9866 3926 3415 6409 1747
6 5531 8886 296 6165 2901 9889
6 9813 2347 4543 2358 1645 9760
4 3308 5532 1393 5582
3 5435 5519 4480
4 2666 5269 4941 4936
5 3262 1907 2412 6949 6185
2 5690 7166
0
5 9362 9750 8597 1077 8715
10 6745 2004 553 9342 6386 8518 2885 9740 2425 2595
3 6855 5845 3209
5 9922 8082 9297 9966 1083
6 7938 6313 684 597 9509 5833
8 6323 6075 6529 5193 3530 8973 8206 7447
5 3224 6892 2627 6710 2088
1 5950
4 4842 6355 5970 3114
6 2883 4276 8950 8046 2039 3287
6 9831 7208 7320 3458 9622 1003
6 1482 8672 4339 1897 8735 2348
6 7193 3128 1986 430 6648 6535
5 5281 4945 7063 5259 9459
8 1075 1930 4960 4291 6342 1496 9626 3697
6 9642 68 8586 1189 2881 56
9 8936 760 5127 2604 7177 8735 5588 3613 1645
10 9393 1711 8938 8263 9991 209 6530 1257 1065 6731
5 659 2676 9260 9889 246
6 2854 782 7327 1688 3048 470
2 4062 5214
7 4477 8474 6340 1947 6336 6252 1865
7 3299 74 8161 2556 9165 7051 7367
9 9791 3468 3734 8299 2619 7379 8504 6471 7007
4 4308 371 5502 4747
8 1092 9808 4952 7775 6781 7698 725 4754
5 8852 4237 4120 9973 7451
9 6362 1281 3443 5149 2233 8470 9122 3028 6409
4 7758 1574 5288 8753
5 7126 4119 8299 1402 1053
7 8259 5183 590 2445 2761 8456 9323
6 991 6441 5955 3520 8260 2708
3 7921 1626 1108
6 7747 341 3115 4751 3127 5271
6 5055 2284 6864 5620 9706 6331
5 1046 2170 5062 828 1397
8 9440 5647 7848 5384 1037 214 1540 3551
8 554 8741 3619 5735 6560 8329 7154 6504
8 3964 2885 7293 248 3842 6632 6804 8823
5 7199 8151 6735 8562 3251
6 9588 2354 3741 4387 5535 278
5 3936 5738 6246 6526 1299
6 9317 9194 6229 7516 1681 4694
3 2068 8092 9689
5 2690 674 5214 1578 1146
9 8205 7245 6567 7738 5951 9909 5222 5776 9052
9 5978 9418 977 6641 4321 7796 4333 4751 7930
6 5934 4356 6451 5838 7982 1163
8 5325 3560 3438 6543 3765 54 9777 3941
9 1375 5814 1018 233 2651 996 9430 1216 1060
6 8547 9925 6876 7553 7828 1212
7 9895 7838 202 9721 9375 8516 6468
5 702 1311 8954 825 1797
3 4352 2251 6829
3 129 119 6673
5 5556 4240 769 6399 6617
3 7814 4953 374
7 9499 4942 8489 336 9805 4174 8446
8 7897 1298 3760 1702 4125 7071 7369 8784
7 8243 1123 9682 5495 4724 861 7480
6 7409 6338 1 6384 5115 5464
4 4254 9615 4247 5207
7 2447 4195 7319 9350 6125 7837 883
5 9666 8195 2602 5640 4305
9 4983 7741 2816 5052 5798 8126 5179 8246 3582
5 8717 1968 6730 9868 5045
4 6933 4219 8529 3578
3 8821 1037 3267
10 278 9089 8530 3578 231 5388 281 8946 8026 7071
3 2780 5156 6852
8 8996 2018 8471 6724 9924 5857 1633 1298
5 2548 8914 5717 9351 3193
3 4774 6897 1111
6 8875 4075 434 9111 32 139
7 7642 3183 7055 3803 2529 3164 5576
7 1337 5069 1817 6598 1104 6726 3878
7 858 5062 3643 2559 8951 9342 8211
7 4578 8298 7633 1531 348 9889 382
8 9558 6359 5010 7831 1485 964 3144 5022
4 8843 8359 6423 713
8 2809 1679 7516 6320 4901 6770 5682 7240
3 52 215 4674
3 8215 2549 2842
6 8425 2249 5787 2150 1110 5271
5 8439 4383 1581 6246 712
6 2793 8129 7360 5397 9132 7319
7 6911 2807 4254 5053 3577 7611 4270
4 8154 3252 3209 6539
6 4650 6779 7989 6995 9503 3449
3 8662 9933 7189
4 9737 7293 1129 7992
5 3058 8115 3476 3042 3441
5 2712 5251 5544 4743 5886
4 2962 2848 395 4628
5 7128 6859 9889 4907 5787
5 8134 7203 7268 5406 640
2 903 8114
4 6405 3940 43 8420
6 8429 5631 4342 6974 5695 4507
8 8019 7439 2006 7455 1986 5487 7330 8390
9 81 4583 4795 917 9975 6721 2440 8017 7276
7 8259 4637 6861 6610 5061 5094 3106
3 6783 394 6556
5 2341 3835 5370 4567 1773
2 349 4419
5 4001 6599 1098 8711 9667
9 9119 5927 1780 1562 8129 8237 2389 7021 8040
2 1061 4868
6 8929 9293 197 3870 994 3512
13 3075 6033 8143 9172 5477 5834 6949 4930 848 646 7424 7813 6768
4 987 6308 4114 5715
1 7268
6 3152 5139 4715 5051 5986 7111
5 7332 9015 4142 2026 4229
5 6839 9722 3568 7428 5024
8 8963 8636 2508 9674 6780 8159 2461 4378
4 5836 1407 4116 5925
5 4902 2086 1901 3555 9648
3 7182 348 7549
6 4956 6680 4262 1436 3783 1565
10 3454 2639 3608 1660 3569 5993 6732 4135 4355 2917
9 105 1422 772 3171 578 3745 8426 1633 9359
8 8408 4119 7951 4937 7170 9512 206 3524
9 8111 6094 9930 8043 4299 1776 4874 7581 6273
5 6660 4626 5670 3271 81
5 9516 8558 6358 5249 3060
8 5740 5357 2345 988 4995 2681 274 9811
6 7728 6012 4002 2292 1681 5594
3 1725 773 5014
5 1069 3400 5061 9952 8202
10 2814 2031 1511 9781 4618 3405 9204 2188 4778 2483
1 3771
6 9960 4618 5995 6778 9452 5243
7 3361 7028 4787 7719 3916 4512 6253
5 7820 3567 4867 7899 2605
8 93 2180 325 2997 2084 948 6892 4539
1 2196
7 8788 3739 7317 3361 8827 3655 4506
2 9278 5532
5 1015 78 8986 1567 6301
2 5172 9424
2 3672 1176
9 8837 3755 2186 647 9432 71 6399 2172 4894
9 9449 8437 7731 3147 9629 5796 7122 5198 2731
9 7708 1503 2950 7022 4621 3579 5771 1120 9949
4 9222 9594 4831 3944
10 8355 9110 9346 5180 1972 232 1104 983 2013 2698
9 1281 1127 4871 5916 6205 3534 2557 7846 4625
8 4333 2185 5564 5718 4217 70 4110 7207
3 2052 7734 1552
11 5994 9901 5837 8333 6401 551 2732 4963 1797 8019 9093
11 5632 4405 2412 7502 9815 5623 3574 4300 7802 2117 5454
5 253 2175 1218 6482 10
12 3122 6411 4774 3697 3754 9692 4088 9104 7786 562 6607 1753
5 2844 9616 967 6974 2579
8 4000 2539 9157 9410 9034 741 3475 8331
4 438 3106 1315 398
7 3833 599 7102 6029 5797 4775 7119
1 2614
4 7316 6377 8246 3483
3 4903 2041 6781
6 2292 4389 6518 4620 4527 898
4 908 7875 8072 1442
4 2695 3864 3784 4949
8 734 2676 1284 5655 6282 8652 7845 3444
3 5819 8220 1840
4 2395 1970 9709 2254
7 136 7021 8730 278 2150 3554 6500
6 9282 1445 6948 9456 4664 8547
3 7298 4409 5485
4 8612 151 8372 3537
4 996 625 2991 1078
6 4079 6619 9038 403 5355 8068
8 698 5747 6746 3631 9757 2785 2105 5228
7 1598 6712 564 787 3461 8351 5828
4 861 8437 4333 5351
3 6882 8110 2011
7 3951 8785 7062 6425 7803 9370 2704
7 7086 3848 3770 7156 2855 7102 3140
4 4073 2561 5195 2679
6 2060 9438 54 7851 9007 8221
6 7106 5688 8470 1232 8364 7552
4 7224 5573 7202 5815
5 8714 3212 9294 7231 7022
5 5896 7710 2054 378 3742
4 517 7404 4118 1939
8 2868 1376 5535 6045 761 5201 2594 2304
2 5608 451
5 8227 5941 8202 8558 8563
6 120 6932 4659 4046 8788 8466
4 9190 3004 9757 7912
3 3404 3449 707
7 43 812 811 429 9681 2958 4115
9 606 1644 1530 2561 8034 2175 1286 471 4054
6 2517 6892 8584 9942 3764 747
5 2798 845 6226 6214 2171
11 7639 7814 916 3255 2444 2663 9981 4712 8314 3060 1222
2 458 4685
9 618 2791 3569 8070 5354 6458 5073 643 7024
5 6541 6276 6447 1744 9872
4 2591 2307 6928 6839
10 6522 7361 2928 5172 4509 5387 4451 2176 4427 2157
5 9086 214 1111 8337 3918
7 1766 4807 2644 9049 6452 7103 4085
11 491 1955 4294 388 231 6470 8369 508 7287 2803 2091
5 1160 4194 6491 1774 3214
10 4211 9676 458 1733 2719 8316 9196 8575 286 6191
3 8364 5653 5312
7 1520 293 1225 6976 8300 3690 9503
3 6516 1236 9402
6 8043 5214 7273 1671 6331 2224
6 7885 3570 8199 1444 1903 5367
9 5771 7794 6555 4934 5985 4139 9843 1274 2034
3 2990 7530 8856
9 1749 796 7784 9281 7950 7594 6714 5792 8810
5 3183 3181 3241 1938 3040
9 8072 6519 791 7031 5293 3872 2768 9773 6759
6 8290 8106 5540 4080 2232 813
9 1523 7843 5489 1189 3879 176 5375 1549 6919
4 7838 8255 5924 3797
8 4470 9764 611 7616 4982 812 7687 950
5 4882 2978 109 5127 125
7 2378 4483 4464 9667 8446 4147 4397
5 4972 776 5189 9293 2634
2 7843 7794
7 5484 8871 3151 6152 3175 1739 8960
8 3243 7220 3098 1693 362 2632 6858 5932
6 5524 3840 5630 7016 2316 6085
5 8229 3110 121 1514 4687
6 6480 2611 6132 7751 159 798
5 3259 7273 4501 1207 8929
5 5880 6834 3278 1386 3848
5 1958 6776 6186 1234 306
4 3746 5870 3338 1636
3 484 1274 5958
10 8938 4550 269 9041 7924 3307 8885 3378 4807 6636
4 5064 4281 7105 8514
3 3414 8605 9325
9 2988 5140 8724 6767 2294 7527 7658 2494 5425
8 2221 5453 187 6940 2626 7350 4666 9908
4 7015 1759 4274 1869
6 8684 8736 3324 2368 2545 2984
7 1127 6862 7441 4440 1433 6855 5974
5 4485 2699 2617 4299 6698
7 1350 2163 4558 4332 7509 5087 3741
4 6444 2409 2088 2455
5 8916 4890 133 6800 1930
3 7472 8040 1944
4 8216 380 245 7220
8 9729 97 3063 3960 428 641 3951 6780
5 3728 1876 3004 1610 5490
11 3853 2961 6583 1221 7712 7197 5237 9936 6609 7672 1393
4 6973 9630 4578 8533
5 8970 2814 7742 4516 1617
5 5822 5601 6804 1719 9751
9 9113 4174 3987 8048 1344 1572 6286 8509 6439
4 5853 5664 4310 4260
9 3428 118 7521 8431 2838 9556 859 917 807
7 9262 5714 5480 8057 7312 7493 9140
8 9001 7714 6942 8251 979 3029 3985 478
7 1532 4054 6670 2157 80 2222 635
6 1200 6608 2052 2501 7433 4729
2 7170 3487
14 9981 1994 955 5763 3074 4679 4973 6018 543 1537 7130 7313 8761 4485
3 2282 7941 9097
7 9250 6481 3619 4522 3358 6417 9750
7 3197 2551 3894 6962 9419 9730 7758
6 2742 5194 5974 3471 7447 7683
5 4320 9630 2519 3367 73
4 4551 6766 1329 5971
3 1843 4425 7282
12 9173 507 9717 8365 2077 9741 102 2979 6865 2864 5763 5254
6 9046 662 2517 7546 4045 6771
7 3512 6223 7615 4059 9245 6284 5987
9 8614 1369 322 9435 4079 5093 5076 3228 2410
5 338 1496 3480 9514 2178
4 4564 1859 1679 8585
7 7195 7316 2992 1301 2293 4442 3127
4 7687 9263 7557 1270
6 2910 3970 5457 8144 6132 5071
10 8476 8055 5214 9981 4754 8061 2758 8684 7633 2081
4 3865 5719 4144 6324
6 5303 9492 3345 9094 9924 7369
5 9197 6849 2033 6261 1037
6 6287 2945 3956 6245 3381 7192
7 7357 2827 1500 1931 8179 5841 7328
6 8330 2038 2016 8422 3152 2690
8 1279 5215 3510 2691 2642 2002 1783 4759
6 3059 1314 766 9887 3470 2900
5 1737 6068 3795 4400 885
9 8689 317 4762 6521 8407 2165 4385 3644 9073
2 6177 3775
3 479 8267 9201
6 1920 7742 6789 7999 24 7216
11 13 9390 1860 913 395 6666 3721 8074 6007 3019 2363
5 9164 7734 5264 9634 5929
5 326 8232 8626 1458 3559
6 35 651 5315 804 2340 9975
6 6361 4798 7347 6681 9054 7369
8 5231 456 4431 2158 6589 7101 3642 5133
6 9443 2083 5989 8090 7441 9290
6 3978 5389 4251 5746 5678 2086
5 1320 4346 2246 9690 3700
9 5425 777 2201 9463 2081 4106 6078 2045 2612
6 459 859 2726 4617 4633 3733
8 791 8573 4036 9996 8945 9739 4407 9924
4 2458 271 5245 9101
9 3072 6116 5985 3448 732 6097 281 9801 1745
5 203 1612 1436 3384 6629
13 5549 422 5435 8324 5629 7654 1032 3345 9854 828 8760 7548 185
5 6294 2353 9545 7758 2357
2 2891 7899
4 2387 6512 4448 7836
4 4988 651 9988 8527
10 514 8202 4622 3798 5460 277 5567 799 9028 5094
3 113 8309 1425
6 2825 92 7958 5554 8517 1622
8 4539 8471 46 2608 2448 588 4897 9193
4 4817 4701 9140 1234
7 4727 3342 2431 9562 6465 1044 6585
3 5581 4520 9994
4 1305 4559 245 4451
5 5562 1976 9519 5112 4820
7 5224 6 1918 2163 1161 9511 1325
13 6374 9016 8772 9822 6782 4454 6531 7918 2814 108 4600 4515 3718
4 6707 5675 512 4147
6 7003 3955 2666 7602 4314 3725
6 5307 3367 9127 2556 3610 9409
9 8620 6497 6946 329 9910 3393 3328 2768 2316
8 1395 1071 2755 9661 5072 5518 4580 9502
7 9034 4797 4731 3152 9889 9711 3309
2 5205 2994
8 1551 1751 8247 2815 2185 3 3428 6299
9 3342 9023 1990 681 1039 2357 6973 2780 8014
3 7298 1453 386
6 7032 4757 8322 8064 4468 962
5 8287 2158 1349 998 9378
6 7334 6113 1376 3765 1880 6681
4 6594 8782 7249 5070
5 8539 1636 2550 1024 5544
4 4287 9424 6977 2406
3 5739 5281 678
1 7569
5 7633 8120 3103 9423 8957
1 3551
13 5831 8029 9058 6517 876 4956 9996 1371 7278 4378 1179 6232 2664
7 1780 9564 2840 1254 6792 4094 4602
3 3090 4748 995
1 5544
3 830 8009 4878
8 6814 4593 2466 9117 703 519 7756 4475
4 6010 3334 2258 2998
7 9660 2354 6094 7702 2680 9395 2701
7 9569 9957 7400 3194 25 9266 7179
8 8021 7785 416 6620 7296 7444 4918 9807
5 2002 3869 2832 8095 5582
9 5798 7880 3804 813 7134 6180 7863 3791 4941
7 3886 5569 4269 3618 94 6034 5217
5 7218 7074 915 7701 3365
5 3057 1859 4382 234 3961
6 4099 1290 4082 1215 6853 3810
10 2738 1508 9802 4062 9558 421 5490 6834 2020 1214
2 1763 2146
1 9044
3 3202 123 7219
8 388 6090 2476 6488 1457 7628 687 6580
3 1847 5038 995
7 8618 5252 478 6749 6431 1597 1493
4 142 3997 4639 1544
2 8793 649
4 540 1636 2815 2355
7 9341 738 4643 72 4716 296 6502
9 698 7244 4993 2027 2811 5566 4113 4878 5922
10 7585 6940 9160 4056 3204 3526 9560 6018 9034 453
7 8053 7940 5271 6720 2402 9112 5606
7 7741 1295 2852 2806 1880 9643 9969
3 1268 4861 8139
5 6887 2595 8133 4558 7654
5 5844 5716 5065 7085 7699
2 8344 6506
1 4487
2 3257 3052
4 9629 8655 3546 8777
4 6577 2551 9935 2903
6 7130 7873 757 7432 6562 556
4 1217 2168 9801 556
2 8220 3781
5 5324 9604 3311 4100 6669
3 7580 1679 5236
7 771 2855 8563 8472 2456 1937 6812
5 1647 2956 3590 9229 4325
9 760 590 8782 8564 4745 7756 4817 1211 8007
5 4619 2947 9226 167 4091
8 5939 5747 7403 8054 7507 8272 4943 4472
8 6406 521 2509 1557 8354 7665 1393 5185
3 7241 9129 3004
2 2250 7206
8 4416 928 5135 6116 6917 2451 1230 737
4 5772 8852 3059 2241
8 4869 2936 7446 71 3281 5754 8615 1116
8 6884 8284 9380 9883 2758 4230 9395 340
8 2446 6131 6509 9655 9381 3938 6731 8313
3 8408 1391 9369
8 5798 4042 8293 7135 9542 8556 5804 6704
11 1264 3824 3598 5986 6458 8623 3611 414 4876 5687 7231
3 7211 3339 9591
3 82 4242 684
7 2293 3201 1173 8599 6828 2104 8015
12 6106 5512 7185 9391 9640 9383 1179 1226 289 501 1156 2588
6 4857 5403 6536 8401 3282 6230
8 1313 685 4264 822 264 9018 1207 8890
6 9184 6287 3050 8356 5294 4415
5 3894 8965 6815 1424 9178
2 8772 8403
4 7289 2231 2905 6487
8 1819 2092 4698 6994 3219 1525 7028 5995
4 8662 7839 5400 2291
11 8137 1428 9867 3198 2739 9682 1930 6098 2348 11 5099
3 8959 4399 7622
3 5273 8115 4140
4 5234 9468 1406 4556
2 5087 5880
5 7976 4182 2907 8107 7811
9 8800 58 2380 963 3970 2004 7872 1100 8337
8 8071 6628 2522 2412 9895 3151 2958 3544
6 5132 8117 8281 1346 1421 4129
5 5353 2496 4405 8552 384
4 183 4771 1502 8384
3 5934 4897 8012
4 6991 3566 6660 6713
10 1113 3349 3588 3992 37 9486 7704 9151 6 353
9 9752 9279 1970 6275 4028 6370 4329 6451 889
7 6813 6992 1670 7944 9596 1603 9651
5 5250 8132 2539 1059 6540
8 7098 1471 9882 3099 3280 6121 9600 6688
4 3661 9411 6876 8244
1 9220
6 5327 873 3367 3148 1802 9740
5 27 1352 6249 7752 6116
8 4668 8686 6568 3070 1271 739 1760 5715
5 8503 4463 4306 1681 5382
3 9954 9223 5907
4 8466 4425 1123 1024
4 8509 7810 4937 6788
9 1201 2449 7913 4112 7472 327 297 3663 2792
6 8043 1183 870 3348 891 6539
7 7984 5440 9459 6326 1672 4296 7160
3 1903 6035 7030
6 6285 5907 7594 2273 244 3079
6 8617 2999 9020 933 9128 3933
0
4 2618 490 2146 6813
6 3330 9326 9745 6987 4326 9471
7 5218 6542 5750 7638 2976 4972 6859
3 8806 3387 2313
3 2041 3990 9
5 7214 6993 326 797 1571
7 7786 321 8534 1477 6287 9316 4376
6 9367 3872 7557 1522 2533 5185
7 8369 873 2558 8191 5351 2535 1835
3 6577 2705 8727
7 7713 2005 3849 6189 1218 7986 4582
3 5316 7472 5568
5 4033 1486 6635 6579 4695
5 6798 1063 5307 5325 1130
7 6561 5457 5319 6571 5975 440 102
13 2186 720 6305 6956 8012 9382 7706 417 9385 7631 9108 4476 7640
2 5103 516
8 8340 2398 8660 5910 5444 6793 9985 4162
9 1377 9866 2265 8871 6882 7549 84 6235 1604
5 368 8011 8356 6124 6971
5 4173 1063 8089 8957 4844
8 9408 6203 4137 4318 5277 8382 2234 959
6 9603 7335 1388 8996 852 5049
10 36 2677 2111 9561 9062 8180 1531 2013 6951 1336
5 4845 7848 6745 4551 6440
7 5642 100 8880 9747 7319 9557 9820
7 5422 5091 3935 4496 9207 3487 225
1 3377
3 1308 9517 2284
6 9235 781 2707 2141 7471 6082
3 38 5586 8861
3 3623 1867 9569
3 2383 6183 2910
8 7468 7522 9114 6697 1272 2369 3172 443
4 3775 4362 514 2102
5 5730 1694 3522 5414 2441
11 8877 5145 9361 6011 7844 7564 8702 8920 4386 5555 9547
4 4822 5773 6898 2525
5 729 6772 4620 5825 6056
10 9069 4316 4874 4406 6243 1257 3907 7816 9518 600
12 2100 7657 635 4617 2285 3075 8719 1783 9742 7239 5532 5307
4 106 8379 3586 3444
11 5520 1656 5115 2793 1492 9249 3868 223 3493 6032 3669
6 3100 3214 8099 8782 3226 9629
6 2858 6892 935 3444 1909 5446
6 1229 4546 5500 7271 7259 5089
8 6378 7373 2396 6632 1291 8910 3157 5343
4 5269 9865 9628 6770
9 1180 8819 535 1951 2545 3388 4992 9498 881
6 9914 3463 2426 3148 4596 1600
3 224 3395 1369
7 2021 4874 5906 8750 5427 1522 7693
3 3160 9222 4719
8 7378 959 4578 6189 4394 6433 6736 5921
9 5906 5438 645 296 8388 481 8592 3065 2426
3 440 7816 8015
7 4889 7679 3012 7392 4370 8845 9941
5 5726 2181 4144 4856 7798
7 9471 7371 4899 7588 4858 9746 5063
7 5603 5252 2503 9174 1513 6738 6814
12 6870 5778 546 8892 3317 2605 1555 6597 8358 4749 2910 9061
5 7171 4996 2371 4976 3532
4 5829 3854 6855 6354
4 7264 9671 1415 9058
5 2821 2651 9021 7615 3135
2 3609 9145
10 9940 2546 4728 9280 3810 1040 795 188 1092 63
13 7571 4815 9726 1288 7146 9568 7720 2719 1736 4447 5931 6720 1789
4 4065 4786 2352 213
9 1100 7425 7964 3702 687 9452 6060 6044 3812
4 4286 4278 182 7753
9 3994 9037 5546 413 1724 8391 5143 82 1177
7 3641 6586 7753 8122 1483 999 3091
4 1414 9570 4521 2698
5 8042 2016 9620 3616 8139
6 6265 4948 8837 667 6736 2623
6 3044 6759 4742 6570 6876 7896
5 3770 9782 3700 9989 8394
7 29 2307 2518 1261 5735 4581 2798
5 9603 5912 1110 3774 5707
9 6182 269 6705 5575 1305 3297 472 8291 7556
5 5263 4227 333 8074 984
6 4346 1327 5855 639 3394 1524
5 8346 9536 4764 672 3268
3 1931 5456 5646
6 133 8262 8396 4844 6587 2286
6 644 1072 5402 3974 9902 4393
5 4980 1680 9808 1245 5567
4 8749 128 4315 1459
4 848 6542 326 178
4 9125 2057 7327 491
6 8615 9400 1417 5628 8428 6798
5 4673 9667 3982 9658 3406
3 2733 504 9160
6 8099 7052 4590 973 6670 6709
5 2424 5582 3046 8697 5826
7 2316 4019 8829 5226 7999 4284 1599
4 7401 393 5690 68
4 7034 87 3937 5169
8 8132 6051 6259 2432 3067 4402 8811 9676
6 9717 9520 1920 4252 3863 2525
6 7049 9629 3541 608 449 3605
8 2765 318 5896 1009 9998 2493 9142 3083
7 2359 5817 7346 8020 501 9262 8853
7 4285 3112 713 2734 3596 7591 2984
4 8532 5976 9241 2873
7 5259 3942 6717 2478 8700 5714 4212
7 1101 7973 3024 4117 6783 3962 8170
5 2905 6769 166 2865 2035
4 4840 3003 6999 9239
6 312 9411 7235 6874 5047 9013
8 8433 7011 6261 677 8479 2039 6286 8466
7 8207 2539 6888 8693 831 8388 6451
7 1991 8359 8620 4232 7737 5339 7424
5 323 5903 1694 8921 948
4 8802 4352 6022 2430
9 3330 2691 9031 8376 3294 8 8315 2795 8372
5 6510 4287 982 8032 6047
2 8040 5131
7 3272 7587 5114 2288 7223 3426 8897
4 670 745 2520 9879
7 128 4572 8653 3569 4710 6299 4301
7 1941 4271 1515 5914 4965 2791 9936
7 430 3709 998 2549 7125 8299 671
8 7837 9391 3580 8574 6557 8435 218 2868
6 4683 1925 6252 4086 3431 2639
1 3955
7 9088 4830 962 4264 4601 3235 4422
6 3474 4382 6051 6346 9376 9898
8 3823 3563 488 3056 1931 8874 506 969
6 6411 6038 7858 8996 5977 665
4 4916 9593 8112 8942
6 7105 6918 1608 2849 6824 9624
9 3857 6511 5853 1084 1111 1447 4309 6678 7430
4 1748 4082 7014 8632
10 2021 6868 5304 914 9499 1451 8099 266 542 4222
5 646 9734 8107 1147 3401
6 3609 7904 3047 2629 6879 1020
5 9567 9355 5286 3094 7792
9 643 3566 7584 546 3860 925 9576 2810 8039
0
7 1909 5990 7155 2841 4045 5706 9519
5 1970 8805 8865 7267 376
6 3278 1548 9830 6311 1590 3644
6 8499 4421 6814 5110 7776 9100
8 5336 8176 1591 6818 4812 4024 4890 4127
5 2664 2727 6316 6802 7878
4 583 6309 9659 9063
6 1691 2967 9178 9864 6946 1972
8 9587 2435 6911 1730 8502 1509 5800 8212
12 1184 7985 5937 372 5690 8283 976 7792 6464 9658 1960 9914
3 493 2931 1530
8 3747 3430 2582 9443 5922 1361 5990 3971
2 100 8977
7 6699 2454 6567 6310 1185 4140 9402
6 3087 2237 6564 5314 548 5840
4 4331 8196 3790 3345
5 7120 945 3180 2871 8102
8 8063 507 3555 4995 9831 5564 3347 7071
8 897 6171 6449 8004 8702 7514 453 4745
4 6965 7347 9637 6161
7 9458 6051 7246 3610 4237 3664 4828
7 8920 9986 4661 9091 5028 5753 3722
8 5741 5260 3674 4176 4471 2258 7587 7439
7 408 914 2063 5061 5430 1760 5961
6 7593 848 3245 9828 3009 4273
3 8842 9872 1395
6 9302 8569 4943 795 6848 3280
3 1208 5536 8308
11 709 7536 5114 6903 1387 3414 673 4790 3873 2338 9561
5 9337 3543 1028 3574 8422
6 4687 6792 8268 855 651 1737
4 5551 9250 1862 6872
1 3502
7 7145 7170 9239 8656 6985 6096 808
4 251 8818 5794 1740
4 362 2669 3267 9057
5 1490 13 4615 4316 1551
5 6305 2760 8129 4143 1854
9 3212 8029 2765 4128 8099 6852 3636 9829 3944
9 6574 8038 9274 9915 9146 8959 1533 6704 7736
10 6966 281 493 5484 7693 1880 8141 964 4666 7560
8 9802 3591 70 584 8243 5690 5903 7680
3 2128 3478 7617
5 4853 5002 3998 5766 4040
8 693 7332 4480 5834 7235 9368 4350 1982
4 8308 8958 4485 7161
2 6860 5983
7 352 3048 7871 7892 839 5976 7993
5 7824 8224 5383 1926 1097
7 5988 3378 7867 2505 4011 1950 2099
9 162 3237 1166 7007 5325 1562 9995 7949 770
5 8737 7030 8086 4555 6467
5 6657 1435 7121 7705 4298
6 3710 3673 6077 2028 1978 3817
4 286 8864 3774 7145
7 8451 5531 7304 8589 3414 9680 8049
6 434 7606 6371 5267 8242 89
6 4899 7780 7971 5209 8753 9477
7 8830 7647 1967 14 7900 2807 6954
7 9728 770 4767 1908 410 3801 6202
2 5763 985
5 2341 6290 3969 4860 2056
6 34 3811 4417 9608 8839 6431
9 6017 1390 5400 1999 1929 1739 9995 2593 5070
4 5695 4916 3710 9367
6 7895 1607 8246 8677 9343 5116
9 7345 3675 4225 2394 3302 2618 2521 7202 3276
6 8186 4995 2083 7159 5360 897
6 1977 4757 4126 2854 9024 5056
7 2893 4450 3719 3105 2361 5950 24
3 6528 6308 1822
6 5486 2529 9376 9929 767 4111
6 7797 468 5473 8037 6856 7675
4 393 6017 7870 5295
5 1816 6314 3030 8328 1952
10 3564 353 3694 526 4723 1163 3427 1500 6761 269
10 9871 5757 4180 6393 1669 4206 5761 568 4008 3189
4 689 7905 302 749
4 7014 5473 1346 3154
5 3044 2654 2125 6338 7025
7 4025 9722 957 8084 2146 5447 1654
6 260 387 3878 6096 8983 2001
6 532 284 4624 2262 2444 7279
8 1113 8025 1632 5699 8692 9050 1683 3776
3 8988 1836 2960
7 7158 727 3059 9422 1638 4633 6188
6 5041 3084 9835 8175 201 1145
9 2889 2195 1723 5118 8939 1785 5764 5512 6178
9 7410 369 1511 2678 5145 7032 7132 2619 6547
3 4469 6968 138
5 3427 397 8937 6367 7696
6 2553 1287 7930 782 6141 5009
7 8306 6733 6230 5347 2627 3874 1353
5 1578 4572 67 5777 539
9 5370 5291 5942 2482 4891 388 3946 1329 597
8 3235 5905 674 8379 576 8368 9819 2328
11 9027 5177 7834 2862 3041 7214 4267 2110 4307 4400 7038
7 9387 9581 7926 1981 5184 6099 9494
4 7188 6088 7434 4777
5 4577 712 1865 9994 4727
9 2839 9172 7484 5335 2617 1533 9476 3939 9107
9 7480 6586 3197 3571 5674 1158 5847 2855 2545
4 4852 981 9103 5578
2 8481 5828
3 1638 3480 1279
6 6380 7543 6796 1009 7276 1058
7 578 8820 5973 7736 7731 2392 3503
4 594 608 4734 9697
3 8132 5527 5429
7 3983 6153 6538 5668 9516 9544 7354
8 417 3160 543 9040 1794 8386 3374 1023
9 8812 2905 2063 3093 5781 9932 9297 834 9170
5 2935 6939 12 6670 2771
3 422 3567 7347
2 735 9508
3 3800 2378 2243
4 2450 9462 1453 5761
5 6656 5552 4904 1144 3984
9 1633 9963 6359 4015 9447 6513 1692 4462 5169
5 827 2447 9509 9404 79
4 7128 9879 9411 2244
6 6748 7243 4013 8565 9856 2739
4 432 1237 6133 8384
8 8805 7758 4735 4277 4811 5412 9101 5266
6 1354 3476 8825 9859 8249 4510
5 7888 5867 7832 7594 6611
10 3446 5491 8531 1750 4850 2802 2662 1547 1705 4480
12 5878 6231 5209 2660 9696 3048 9528 6177 2496 2722 8900 7144
6 8115 5636 7919 9314 706 9939
6 3384 265 2814 489 1783 3174
6 3356 7795 1855 6334 5074 8520
4 8471 9279 975 5427
6 5854 7189 247 7732 3420 6504
5 803 6751 1944 672 3982
5 3922 5773 6560 6190 5680
3 9178 6159 5499
5 2698 981 6031 3842 2139
4 7585 996 732 9940
4 7900 9994 4433 1269
6 5369 5913 8685 2347 6206 4629
9 8978 9270 3328 6236 6762 595 579 2321 1330
4 800 1102 3153 9064
4 8761 9984 5544 1354
9 8715 1369 2574 894 5426 654 3014 5395 7418
5 5802 2428 1312 3808 3891
8 3109 7555 7317 4557 6375 7455 3045 3111
1 7137
7 8057 4979 1675 1608 5753 5360 3463
6 8185 9447 5011 5971 3765 698
5 6349 9725 3539 5085 8151
0
5 3783 893 5537 8847 4535
3 8387 5578 7383
7 3213 3272 8000 1755 7539 7247 5155
14 8073 3122 2696 2140 5876 4982 7132 6822 8770 8655 6505 6272 1922 6244
6 9939 2971 3612 284 8730 1100
6 3658 2471 5941 4288 3946 4412
6 1836 5935 8033 6323 4491 919
9 1778 2123 5268 8550 530 9250 1138 2471 6889
5 3681 1784 7389 6206 8179
7 6339 4703 527 5314 2404 7454 9577
8 4045 2861 2593 4541 9912 4002 4800 5761
5 8222 799 6344 2494 5396
8 2083 5007 2350 9165 7629 8023 3164 6783
6 781 9697 679 8214 6519 6831
7 1451 9490 4612 4971 7571 916 4637
5 5998 2957 5591 2286 4888
6 750 3420 1690 3792 8433 5810
4 2613 7984 453 3149
7 3643 7170 9367 7917 1410 6963 2020
7 9551 513 4435 4225 4180 9954 5410
6 9453 4586 6685 4990 2511 6350
7 6332 1833 4019 8501 6361 5623 5920
9 9983 313 5098 6895 9903 3188 4971 2049 5675
10 4640 7612 5129 140 3350 1866 7105 6249 5028 7659
4 3730 3564 9267 4841
1 1458
3 1565 5003 9004
8 5656 6070 4119 8589 525 3451 2516 1528
6 2594 8172 6293 3157 1395 7999
4 232 3202 36 2906
4 6486 8037 1826 9768
5 5725 6488 7178 7529 7182
7 2110 3033 7598 3085 9537 4212 6422
4 3559 6550 4597 8577
4 4098 1280 4544 2851
11 2118 7481 9749 1922 6823 6816 39 4299 9558 7369 8784
4 446 8999 8043 6269
5 4914 3172 7731 6994 2250
9 4030 7977 828 8184 3764 9887 7446 6474 4397
4 199 4830 6634 7496
13 2576 1817 6433 848 5072 1639 7609 8466 1773 872 7397 9362 3360
3 6551 277 4748
3 4095 428 2178
5 2845 9550 4033 3094 6082
5 6148 9394 6841 4128 1042
4 8213 912 4024 4026
7 9999 585 1316 5684 7394 183 3810
8 1937 7986 9168 4057 3660 4253 7059 6785
5 5771 1798 6333 5843 7683
7 354 447 6122 4075 2910 6076 4807
7 1172 2468 4284 2962 1346 972 1393
4 1495 8918 6541 3445
8 8272 8548 7614 507 9795 4892 8623 5297
6 4910 9709 9204 590 176 4734
9 5337 5510 6394 9955 5611 7761 1378 6375 6487
8 7524 7979 3060 9550 7774 3677 5921 7218
4 8693 4647 9979 1505
5 6289 5074 3441 6885 7914
5 9890 9823 3780 4560 8297
11 3941 9548 473 8 7101 8435 1482 9694 1191 7357 9365
8 1467 3194 6654 1765 8609 3001 1084 7936
4 4740 8618 1572 5886
3 7681 4793 5868
7 1182 3680 3139 9843 5096 3755 7810
10 6922 4550 1833 9923 5766 3319 1572 1322 660 5823
11 9136 130 2856 2532 6945 2261 4360 2167 5449 6366 5710
8 3522 6948 7214 5805 4919 7892 9717 6465
4 6647 6987 255 6818
7 3887 451 7382 8226 7020 4971 2535
8 9976 9625 1493 7460 7700 5904 8074 8668
6 1153 652 9935 114 1287 3212
11 4690 6318 410 2575 9034 1790 1421 2567 223 2148 6242
8 8547 2305 4888 1206 6613 9801 807 9330
4 8467 6325 5518 5707
5 3306 1109 6051 6899 1276
8 3671 1397 6911 9349 7313 1518 95 2800
6 349 5193 3087 3407 7368 6371
7 9005 9308 9662 7914 57 4744 9203
6 6274 1340 5357 6265 9183 3105
8 3876 532 3783 2621 5459 8949 4810 8267
10 3195 2818 5571 2979 8724 9728 6248 4596 3977 3882
3 5853 4607 5060
6 1782 3111 7209 8222 7955 5714
6 5019 191 263 679 6825 2231
12 3496 937 6974 7700 651 6310 5716 9705 898 7711 7045 1843
6 9900 7956 7697 8598 832 2669
11 1203 6044 9772 9928 9210 7441 1917 5658 2406 5272 9126
2 4923 8398
9 262 7337 4881 7709 7366 241 9734 4043 8883
2 2728 3800
9 3622 517 8947 5282 8338 2485 5168 4503 9946
11 2509 4460 2622 6944 5642 8948 9387 8211 6368 620 854
10 6478 1309 9401 2448 9013 9679 129 6794 5930 13
9 82 3312 8955 6158 1854 7779 6043 4740 6099
4 6893 6793 4418 2293
9 8009 6102 6025 6338 845 2734 6415 9013 3917
6 6265 7803 1414 6842 3938 187
5 6151 9236 5611 9381 4710
5 173 232 6127 7277 3649
5 7883 1636 6469 7678 3495
6 8841 2319 3602 933 6810 4925
6 9122 8955 2064 7725 5259 4710
1 5415
7 8564 5063 1414 1944 5692 6131 3079
7 4896 7033 9334 9664 4897 8 7395
5 6809 6479 8947 795 8899
7 9705 3646 2058 2795 4871 729 402
3 4060 3909 9905
5 6618 2022 1766 314 1292
5 2409 2285 83 3580 7337
8 4072 2182 1746 3657 9089 3359 9940 531
4 9382 8186 4507 6133
11 6404 3566 4717 1685 4575 4051 7096 8183 8233 8756 9152
12 4958 9938 692 3461 972 4480 4752 7749 2255 5431 1437 6909
8 6344 7791 8260 4694 2898 9258 9819 6611
7 3670 4658 4681 7174 4530 4896 4641
9 3705 8095 5078 1658 3804 3730 6475 7538 1049
8 2876 4416 3347 8214 3950 3683 4252 1276
5 9019 6061 9580 3046 4409
5 3353 8874 6388 4190 5445
4 3762 1903 4394 8702
8 2686 9108 8982 9259 5810 81 6096 1356
5 4807 8066 295 3485 3058
8 3248 6636 5332 5187 3787 1845 2473 1093
5 6121 4607 60 2456 547
11 2481 2311 4917 1512 6297 8306 4676 5966 2087 621 3005
4 6577 6145 7900 5798
5 7687 5638 2258 4630 5881
5 4367 8593 7781 2806 4207
10 2667 7430 6618 3591 8121 1382 8813 4417 5190 6708
7 5511 1760 1154 2440 4566 1809 9821
5 2496 8443 4699 1588 6584
8 7697 9540 7246 9224 3378 9598 735 9891
9 7495 6934 4743 3000 9586 1913 4558 8890 5797
14 1538 3195 8269 5567 3099 8887 5209 8687 9511 584 3750 9739 9678 2587
6 6534 8397 3714 5023 940 5963
6 8241 6168 6746 3955 4401 4549
3 3102 3847 6271
6 7437 6547 2747 66 434 7126
6 7662 4987 1806 9927 4184 6190
10 1979 7940 1411 6333 9905 2425 7788 4647 8596 3580
8 5934 5760 9702 6790 3757 1615 7679 1996
10 437 8689 3594 3530 7953 6081 9706 320 1764 9769
7 8481 2616 5729 9862 5129 76 5111
4 9486 5140 7978 4341
8 652 4013 3744 3663 8821 8044 361 3056
4 9841 4669 1979 7126
5 2431 461 8306 1467 1057
7 5395 8727 7906 3836 5776 8289 1873
4 7744 9650 640 3558
13 1562 6952 1496 7173 5352 8583 4004 4458 4329 5433 5512 7744 4617
8 4415 6242 8279 1853 612 5846 3584 2595
6 2990 1517 3859 6012 2923 722
7 8847 348 2992 9150 3647 5418 5174
5 3921 5514 1398 4675 143
4 4480 5783 4589 6376
13 988 6808 3101 1728 4129 3140 6311 3124 4461 109 2085 2390 6680
12 4308 9287 2142 2785 3268 2100 9257 3442 6693 5263 2967 3278
4 9697 4474 3638 3072
6 8690 5897 744 4569 217 3779
5 3131 402 1388 8456 2789
9 639 866 3056 3259 5848 2500 1802 5611 1979
5 9067 8679 6229 1220 1939
5 5752 9310 5435 1213 8297
3 8348 4228 8035
5 5970 7667 2089 1605 6621
8 7858 6646 7071 2253 4370 8715 2444 2423
7 6500 6024 6215 1672 5363 5245 5424
7 9159 7850 2163 8306 1833 5896 5138
4 3150 8993 1667 8560
10 3412 7764 4231 6945 277 1304 2720 3691 5734 4402
4 4413 5224 2102 6638
5 9255 1973 3667 5114 3688
8 3391 7056 3728 8850 4690 213 355 8161
4 3136 5024 47 5123
4 4036 3454 3277 4718
2 8316 8075
9 9757 242 4813 7030 3593 9984 3671 7003 6994
10 6976 8313 7830 8967 2969 121 3639 9848 6389 2130
4 116 6191 7807 2318
3 7855 15 2721
8 9056 7233 9884 2469 808 1342 5974 8999
5 2615 2361 2770 2280 229
5 3242 195 1506 5417 8396
5 2574 8301 4540 4338 5982
6 6742 7387 4635 2644 3570 483
9 4409 5425 1965 4386 7361 1150 804 9239 1899
5 4350 1274 6852 3073 9196
1 4054
8 6335 293 6424 6379 2903 6771 6985 6960
5 4314 4437 9762 8524 7507
6 5818 1789 9902 6745 73 420
5 8169 2440 1083 3730 2176
5 3854 3652 6032 5292 5872
3 6637 5174 7424
10 2045 9740 2704 5976 2109 5901 7846 9504 9646 3330
6 9434 2251 2912 8977 2378 3766
4 7484 7373 5818 44
5 2082 8406 5836 6841 7024
3 3732 1917 958
7 5495 8432 3919 9304 5999 8234 6210
6 1648 5936 4787 9958 528 3123
7 1694 8829 5728 8130 2379 7364 2440
4 8317 3643 6810 1244
3 673 5044 9236
11 2265 4018 7319 8224 682 2329 6864 4163 5069 1303 546
8 5119 7130 2636 379 5981 3037 9544 8245
3 4158 283 7450
9 5340 1867 5521 5698 5896 9046 4107 8444 6354
6 4300 8604 2649 9133 543 1383
3 5199 4009 6382
7 6691 6647 2923 848 9616 3939 1152
10 4931 5919 9939 6190 170 69 8117 3983 7552 8876
6 1047 7509 3844 8755 3683 8635
7 9892 3557 9817 6764 9485 7839 3653
4 3496 6280 2051 6884
6 3020 6582 4790 9524 383 2029
6 1166 1302 4933 7088 7889 4323
9 8391 3088 9253 4841 7581 113 4099 514 4096
5 3348 8551 9258 5298 4317
7 2938 7009 1232 5952 1982 4739 4429
8 180 6680 4825 1501 4418 9424 2464 8870
6 7982 4231 1881 5839 4349 8669
7 4179 5455 6889 7387 2025 9696 2215
5 6629 8822 862 5192 9647
7 9973 2222 9588 2276 1565 4774 6165
4 8672 4615 3538 9248
9 8496 5322 4138 1216 4772 9026 5291 947 6632
5 1369 7622 2623 6938 9037
8 1650 8869 1981 341 8445 6523 5025 9139
7 888 9098 3265 688 7872 6775 3105
1 4830
4 6569 8247 7715 4701
4 1927 2231 9595 6280
4 9506 5196 147 2313
2 1889 7580
5 6108 1489 7075 3420 4250
6 6531 1115 8326 5347 5030 2791
5 3610 9266 6590 6046 6031
8 2668 1736 672 6624 7353 6891 3341 6697
6 3531 1067 157 2925 3781 4862
3 6485 5596 7580
5 3095 1577 3109 1297 1614
5 7857 5447 1721 4821 511
4 40 7865 7017 9726
6 7483 5465 3991 2736 4478 3471
6 9081 9864 1884 2607 289 1607
5 3039 3010 9322 397 3434
1 6014
7 8459 6771 4940 3478 6566 7189 4352
5 9602 9422 8162 3477 3377
5 5527 4869 3154 601 5469
7 118 3773 5656 8950 1293 5884 234
5 6049 8330 7263 4947 1048
6 9612 1688 9496 6249 9248 7542
5 4417 7638 1937 8857 556
10 6206 137 5124 700 6074 2338 9632 6339 5398 2587
8 133 1335 3760 2559 2832 6988 5237 9034
6 461 9349 1816 6750 613 339
8 7050 5872 7253 4736 1703 638 8252 6073
10 1418 6056 9333 5703 1263 983 3659 9345 8408 2713
9 9309 9871 1303 5069 5370 1429 2091 6170 7637
6 1692 626 578 3340 6353 6704
5 6403 3793 9567 7090 7091
8 1061 7763 8008 9830 4618 2344 228 4260
4 3580 964 4963 2472
4 1698 8804 358 3248
7 5842 182 4343 278 9023 737 3524
6 6561 8625 6210 8908 6783 9325
4 7317 2257 538 8135
9 6843 7660 1796 7019 3859 841 8920 67 6743
7 2474 5315 9021 2950 879 8083 9167
9 8388 5236 399 6868 9737 8277 9626 4073 8866
6 7750 551 6824 5851 3962 5498
4 5019 8893 6903 7109
2 7581 9791
6 8500 2859 3845 6355 4345 198
8 9136 1992 3771 1101 9553 4554 599 440
11 679 5810 2636 5840 9766 9065 3420 5856 9715 599 9804
5 8900 625 6381 8011 9029
6 8358 2424 5371 3312 9071 1804
6 96 821 4183 5008 1139 8253
4 843 886 2430 4799
7 3441 7222 4575 5395 2603 5883 4320
3 9994 3651 8162
6 8274 1002 5543 5058 6982 2964
10 6506 5106 2757 3950 5703 9137 1373 2935 4868 5517
7 5481 6518 4561 6242 1879 4304 9299
3 3940 1324 1989
3 4523 8265 1785
6 9711 9408 2263 5424 8501 3394
5 5669 9236 566 3922 5259
2 1403 7224
4 471 657 2731 5040
4 3145 6978 4350 7542
10 9970 4285 2272 3016 6401 6935 1276 1237 1560 1275
6 7091 5831 5438 7716 555 9423
10 9147 1234 9718 8105 9854 8361 3981 6929 1049 4615
8 8587 9515 1322 2568 7364 6318 4947 6954
5 6885 5140 8186 4648 6757
4 2973 4505 6950 4155
5 1153 8952 3588 7686 6559
5 5578 8473 7109 3173 8335
7 304 9129 4269 3865 989 4175 4057
10 6894 2161 745 8470 3918 6419 8692 1772 4620 9694
6 3185 3846 3479 9523 4148 5097
1 8979
4 3977 5828 5374 4014
3 1328 3043 9422
3 2022 6128 7390
3 8981 4447 1602
4 1655 3874 1005 5942
7 9540 6144 6271 1134 1748 7139 6642
10 9020 7449 6515 5573 5964 9077 9836 5787 2741 5937
8 4455 8934 4020 6946 5900 91 4905 3422
0
8 3802 58 7920 6972 2242 6287 2036 612
7 5036 1234 2570 163 1830 3538 4338
9 8000 7278 2668 1083 9201 2369 7445 6934 8038
3 5803 2454 1850
2 2282 672
5 2320 4972 3544 2916 3578
4 9544 6877 8457 1261
3 6381 1872 5527
9 4068 2352 31 3920 7548 377 4395 6000 5291
8 8536 6714 8608 2154 4431 7775 2743 5152
8 1915 4515 8701 2340 9501 380 5950 7668
7 1352 3392 5716 6707 1871 8451 2362
2 3564 6167
9 755 4222 7702 8209 5751 2137 5318 4530 339
5 388 9072 2286 5143 6236
4 5359 2794 36 1812
6 4783 6866 756 1190 4018 8557
4 4662 7906 1106 461
7 697 4909 7984 2266 5680 9130 1960
7 6557 9359 5084 6703 7975 9761 8248
9 8197 2351 7533 306 9562 3082 5661 9987 8561
8 2305 1590 3277 5091 3532 1219 852 1114
11 2385 962 5556 2237 5841 9045 1275 7467 4747 1443 5550
8 9099 8929 4125 4421 5758 8690 9041 4370
5 5377 8815 2981 8799 9914
5 6033 9668 9896 5426 4027
5 5744 7699 6893 7808 9546
10 7968 5481 2528 7321 3217 7681 364 5062 710 5898
7 5244 5788 1833 7212 8842 6015 1097
6 6294 6842 2154 4576 6656 8015
6 1652 2101 6408 1188 5922 2540
7 9801 4253 6855 9158 6294 4470 5229
6 65 1167 2048 344 3475 3174
6 7503 6212 4279 953 6913 1337
6 6493 4598 4401 8955 6191 7130
2 3608 4513
6 8562 5127 7025 3921 7956 6028
5 2401 7586 8922 3424 1507
6 7370 4924 4547 5015 9751 4808
6 8393 5183 9697 4237 6322 3961
3 9917 1638 9485
15 7997 6049 9961 3898 8458 5810 2018 8021 4190 1069 6326 1788 5238 7794 9514
6 737 7138 7121 6153 2787 8664
6 7475 3091 7869 940 2872 3175
3 7372 9439 8053
4 4007 4579 4780 8979
7 970 7896 6366 6406 6456 1999 3631
6 7904 2668 3941 394 5303 663
4 3227 5160 7359 7674
7 1028 6908 6391 8948 617 8260 408
4 3033 5280 3522 3764
4 2485 8327 5647 4917
7 7079 8293 2047 916 9776 9090 9148
6 6325 4560 9145 8345 4530 2017
9 8899 7644 620 3214 595 8361 4767 2328 2474
7 8267 7645 8876 3375 3278 1375 7838
4 2910 9367 8520 3727
4 5672 2464 2238 4334
7 1497 2172 7950 4846 8014 9394 5999
3 3001 7202 229
5 8610 9843 9886 227 3659
7 2213 1013 8463 8769 9090 3485 8652
9 7255 9631 5809 7721 8494 5852 9788 2130 591
5 5439 6459 5405 4224 4873
7 2929 2536 5775 7706 6931 2042 7695
11 4907 4193 7589 9688 3359 3308 9061 5156 261 5445 1360
9 3500 2885 7098 6893 2931 5598 1737 1766 7857
4 5786 7371 8186 5815
6 1424 4797 461 5877 8662 3644
6 8274 2245 6566 6563 3418 1711
5 8753 7829 9773 189 9097
4 8255 6337 73 1083
7 4018 5420 6644 1793 9424 7908 6502
11 959 2097 7571 9856 3452 6627 9382 1479 1162 1611 6982
4 9790 1736 9194 9789
7 5163 2894 8739 5386 3465 6606 4450
6 8606 7063 8964 4301 2518 9750
10 7518 2796 6857 1610 7146 6189 8027 8410 9928 9985
3 7106 6266 1906
8 3084 5201 6862 1618 4208 5355 1790 7845
5 279 2436 6810 2458 576
4 764 4332 4551 7552
4 7024 9671 3379 6445
5 2484 3172 6406 4500 8590
5 2054 8849 4405 9973 3469
3 6544 4335 6113
7 4458 7757 462 8700 7884 2261 6538
3 6600 7086 2869
9 1999 3468 1633 1286 4920 9349 8083 480 9594
6 2476 3539 2440 7892 1386 672
3 9266 1003 9513
16 6362 9303 7560 9448 3210 1552 4358 5475 2635 9645 5714 2474 3640 4173 9246 442
2 5193 3616
0
6 2674 4751 2474 3978 2150 4748
5 3218 2816 8342 3568 1170
6 9766 9431 7037 9772 5574 6599
6 4400 3273 9902 4323 2851 3837
4 4861 6930 2090 841
5 7365 9396 2469 9374 717
8 4317 2885 2936 7359 1994 9432 6159 8581
10 5017 2331 4683 7136 2043 367 7045 3875 4238 6512
6 4335 7503 5113 393 3418 7370
6 2497 9343 8713 2845 8073 4981
2 4076 7287
6 9580 2426 8877 2916 5098 7304
2 1701 4571
8 1549 2224 2740 621 3750 5826 3172 5324
6 1171 6560 7698 3907 5111 2474
6 7975 288 114 2445 7020 9568
5 6565 6060 2022 2792 5367
10 9098 7972 41 746 8818 1642 1554 9356 7375 8268
8 6069 9587 2383 3065 8412 8310 6348 9785
1 3511
5 1497 8342 189 2201 782
4 8598 686 7965 4379
8 8025 8661 9219 9725 5772 7107 2103 1689
7 8201 5359 6769 3447 4203 1103 4164
6 6985 3397 7634 405 127 5188
5 7478 9722 9288 7577 7547
9 4677 9065 7048 3896 2874 6764 3705 9534 1786
12 1884 2560 4648 1604 4902 383 6161 3733 6221 5897 1822 346
5 3203 9198 7195 5658 9370
9 4570 8796 5697 259 2532 2571 2375 1549 7699
10 7247 2519 7197 2591 5588 5822 396 1163 785 8813
2 1094 550
9 2867 5536 4520 2722 4745 1825 6722 5769 8008
5 5096 1479 9984 6982 557
6 7210 9134 7482 8077 9378 3552
6 8466 253 6425 7872 95 878
4 2891 721 3759 2578
7 5463 8637 9562 160 5679 1424 2730
6 7297 2230 26 2964 6608 2074
6 8852 4510 5180 9424 7679 4734
8 7970 9485 9898 8984 5745 1298 8548 6911
3 520 2895 8818
10 8528 5292 1814 2559 663 6335 2313 9038 5499 5209
4 2369 3878 1720 1321
2 1889 2864
6 3276 3200 8999 4957 1498 8195
6 3781 6416 9056 5673 6646 5342
8 2788 6770 9023 8290 3281 4659 418 7253
5 7957 5264 2814 3613 3882
7 421 2112 1122 5127 9325 4938 4225
7 325 8547 4229 4584 7300 8812 9682
8 5798 1106 1914 9644 2154 1132 1245 8801
8 8978 5386 1765 8020 4921 6450 8451 7762
4 7492 9854 5134 2986
5 7591 3669 4879 4285 2509
3 5198 1384 5596
4 3232 8404 6190 4868
6 9467 8737 8720 2525 5676 3867
4 5552 8289 6499 1195
5 6606 8079 5916 2673 6881
7 3845 7935 3322 1130 4660 2020 8540
7 1618 583 8323 1945 1341 9625 5965
5 404 2865 9480 6888 4625
7 3733 8117 7668 7676 2010 6538 2723
6 3696 3892 8767 600 3720 2417
3 4682 3394 106
6 9702 4647 9568 2932 9933 7443
10 5162 4157 5363 4526 4959 6819 7905 1797 1875 6137
7 1391 7786 8210 3437 2950 4019 9320
7 4718 8389 2581 2949 2130 2966 9432
7 1805 577 2459 8524 6942 6208 3804
6 1 6852 1040 1781 7942 2755
6 5518 9376 5267 4734 9702 4436
3 9676 1195 8763
5 2755 3733 9939 7871 7119
5 1518 6456 6681 6729 4338
6 8189 6506 4675 4998 9658 3746
7 5854 5107 8595 7293 3976 7366 5053
8 6733 2709 4605 4924 6617 5038 4770 1480
6 5229 9913 8321 7775 833 7375
6 5134 4636 9798 6956 6211 5453
7 7242 5091 1953 92 8677 3925 4799
8 5016 7735 9075 7039 6214 4084 7940 7055
6 3475 5224 3471 6078 5262 3253
7 4520 7483 1282 2095 6596 4621 4198
7 157 2147 3650 9948 5579 3791 9718
2 615 1742
5 6992 5387 7146 6240 7085
7 651 941 2460 2418 4158 9668 6007
3 8108 4039 9680
4 6020 9680 4918 9913
7 8570 4981 8495 9565 2479 5838 3010
3 3840 3848 4164
7 6185 8045 7132 451 4836 4323 5186
7 348 3920 4938 6552 5398 115 7314
9 9830 5543 6600 5075 5851 9342 4477 3133 7466
7 2803 4372 7851 4876 1410 5253 6069
4 6629 8530 2608 1205
8 1448 3411 8353 4125 653 9780 5328 7270
3 5527 9945 5976
4 858 1320 4551 5215
13 1140 9637 4534 2652 9362 745 8932 9993 7096 8854 5343 4816 2474
6 4101 9180 8908 3289 3654 7982
4 4079 9982 8078 2721
6 1070 448 5461 4610 7718 9568
3 8604 5456 2238
3 4422 747 8173
4 342 1367 5746 8901
5 8572 6805 9085 8072 646
7 7667 4033 3530 760 1004 8291 6660
7 1548 1418 2943 5188 2303 7608 5597
9 4308 8162 3319 7253 4940 2539 1226 4556 8673
3 562 6655 5927
4 8540 5276 5736 9
3 6813 7933 5940
10 7601 1233 5212 8698 891 2120 2725 7996 2208 2960
4 2735 6523 6918 7150
5 7913 9504 2444 4355 723
7 1519 4569 2509 7112 7169 3781 2343
4 820 9404 9234 6475
6 8279 1995 6007 8327 9023 2180
8 3971 8228 4920 380 7566 9420 3 1518
9 9878 6329 8871 5770 5381 6101 1386 5884 550
8 9348 8125 1547 6759 5209 6784 3819 6569
5 9826 221 4477 5486 4403
10 3418 5402 2987 5798 2674 6335 6130 1282 6518 3261
6 6952 9824 85 6185 5536 7657
7 1840 4656 6021 506 639 3900 504
9 6938 7450 438 2041 9163 7959 6573 1552 2437
5 5201 7258 9177 7184 6937
8 9846 9795 7928 9554 9141 7953 5584 930
10 8557 1817 1882 5704 3531 9156 1037 3011 1666 4677
8 1038 2944 7072 4152 1462 3309 9850 4395
6 3018 5061 6120 2742 7869 1661
6 237 206 2571 5016 7133 931
5 3385 4747 9906 9225 6138
8 7114 7486 1769 2423 349 9603 4262 6511
5 1983 5859 7695 3121 5119
6 1833 91 5407 6687 2292 3547
3 9931 1402 3845
5 3700 1011 2713 2840 6549
3 4771 1222 9436
3 2996 980 5646
7 7161 9666 9353 7586 3511 8759 3795
3 2985 6669 6730
12 5040 6394 1574 6114 2486 4282 3132 1710 3407 3055 2721 5130
4 9830 6187 1846 6777
4 3296 6750 4981 312
7 4756 9468 999 2775 4113 6230 6182
3 2193 138 5789
3 9832 2834 3868
2 1306 6166
5 3446 6671 5853 372 1574
7 457 2624 1974 6578 2803 5176 155
6 6275 9587 9753 4091 8856 2415
5 6754 4076 2701 315 386
10 3188 8358 9679 997 5143 923 1945 7505 9260 7612
9 5405 689 3204 4324 1633 3863 4458 4026 3811
4 6782 3627 7948 1223
4 4646 3365 9263 7899
4 1971 1576 1002 6402
5 646 1511 573 7974 420
4 8287 2963 3037 9433
4 1247 4529 5934 8279
9 7059 9536 7675 9146 7126 6016 4373 5086 3753
6 1416 3029 9045 4053 4222 6895
4 8538 9016 1185 4452
6 4243 8964 773 1916 4514 5411
5 5371 3714 3662 2041 8612
7 2504 5337 4001 3980 2983 4160 4185
7 7055 8341 8090 1761 3215 7708 6265
7 9215 9551 6234 8393 133 7023 951
5 1007 7580 9164 3159 8746
4 456 3201 1888 6981
5 3293 5443 4128 7628 6390
10 6221 5695 6304 3336 2540 4322 6956 1758 7043 3562
4 1268 8105 5109 445
4 4120 7434 5012 7936
5 9822 1090 1287 9911 3102
10 6070 7078 9259 7139 8520 7635 6375 9958 2156 9118
4 7755 7128 7837 3328
5 8110 3279 2653 3970 1335
10 546 7823 8981 5079 6626 3860 8015 5942 7896 5206
8 5723 8947 11 7484 3290 4014 5287 485
6 9471 1451 193 5618 4984 5172
7 5869 3218 525 3732 7299 7002 9960
1 9666
11 2151 5896 3647 3799 9328 7069 2543 8835 3008 891 2821
2 6869 74
18 630 2543 1899 2699 7320 1835 8641 4055 671 8877 3954 8624 4835 8565 7669 1781 4183 8539
6 9348 1161 5472 6559 31 711
13 5635 1012 7848 4102 3487 2054 1838 4213 2365 1804 209 9422 3568
2 9504 2507
2 2860 3538
5 1402 4808 894 7829 8115
3 8598 8971 3969
7 2822 4248 9631 7840 5427 3123 2706
5 3732 4174 3215 1512 3439
7 2650 1514 3106 9740 7337 2843 9126
6 4990 433 108 6755 8018 4073
7 9375 5809 60 7371 7224 1706 1991
9 2066 8697 4216 4036 8293 7268 7967 8243 7595
10 5696 9481 9703 6974 4112 6756 3350 9084 4399 7036
5 4143 5907 5711 9312 7697
10 5018 8509 3769 710 6583 108 6175 7255 6396 6237
8 4023 139 2322 5356 9430 6959 9397 5837
6 9835 6531 3089 7337 2267 1156
7 6088 3454 2128 8230 699 292 3587
8 740 2437 5009 3408 3296 7924 4542 8786
6 4044 3450 1609 8592 5871 6398
6 423 7795 3263 7674 8875 594
8 7770 4612 7662 2687 6828 2730 9878 2117
9 2326 6626 1202 9300 8515 1587 7792 1657 49
12 8381 1264 9790 9779 7355 6913 204 1415 2290 530 2156 8376
8 5531 7281 9047 5519 2347 9630 6047 9148
10 7284 555 7949 6381 9178 2162 3316 3774 3072 5580
3 4466 6643 8153
5 5359 8272 9646 1897 371
5 5824 6479 3504 5118 2880
8 8001 7998 3048 1275 7637 7462 7815 7048
10 6141 7195 608 5798 1079 4412 6840 5782 1577 6886
3 5752 4822 4264
6 4372 4423 8550 303 4884 2816
6 2175 778 5362 3183 9354 1819
9 2561 6176 6121 8829 3234 6672 8617 8852 1138
2 570 8597
5 2955 9949 1886 5245 2890
4 3616 1768 1150 9429
8 6418 9376 8294 4173 59 2655 6806 9683
3 8427 3425 9210
5 3159 8670 6517 3098 3116
7 9839 2938 997 1738 7574 1832 5769
6 711 788 9250 7972 2440 7149
4 8636 2494 9766 3508
9 8126 5804 3366 2115 3609 3027 3707 2386 5010
7 9360 3681 8930 3202 6360 8138 3813
7 1770 8133 1038 8798 9120 7175 791
10 3240 6132 4590 8314 439 3836 4801 7359 7244 1417
9 3532 2879 9403 6932 4148 8010 6157 6200 2346
11 4688 9294 6309 9502 5253 1667 9774 4678 7434 5573 9267
10 9064 1102 952 6978 7652 4589 3610 2835 9276 9400
4 212 817 7938 9054
4 8177 8741 4127 58
9 3421 3819 4319 9958 5733 8329 6363 2142 8348
9 1982 6620 5902 3282 2949 1646 5081 7941 5588
4 8336 8156 4180 9799
7 5151 7957 4398 1697 842 9380 5772
8 7507 8271 6200 3056 5071 3196 8156 4820
7 4362 4704 6567 9785 7391 727 7679
9 8091 666 7967 9926 6833 1446 1762 5280 8691
7 5648 6785 7113 6050 3372 2591 3564
6 250 7350 7785 5528 7792 5621
9 2400 577 6518 3972 8676 7440 1738 4440 7234
7 2218 7577 385 1917 4602 963 9984
10 2726 8988 7446 3911 3491 4429 4668 6181 9309 7179
3 5752 9344 3302
2 3115 6486
3 8075 8900 4143
6 9491 9943 3969 9879 4740 3077
3 3097 4892 1225
6 8679 6232 7328 3538 2094 9885
9 1621 2723 8084 9647 4104 195 131 4047 1458
3 6250 5536 2636
7 9257 5993 669 6215 2446 5184 3197
1 609
5 1684 5685 6443 7898 8258
5 2430 8550 5152 381 1168
4 5004 3650 5168 4492
5 1745 7403 797 3943 3872
3 6361 3444 8922
7 9585 1505 6699 3534 2918 4514 8354
5 7495 1959 7014 8297 5921
8 2356 804 2566 1064 3631 6151 1886 6852
11 9515 166 3275 2121 4385 6080 7594 8573 5508 9690 4554
7 7057 3696 8254 6725 33 6114 1107
10 8314 3143 472 5185 8647 3760 8222 7428 7130 8844
2 9359 1
13 7044 6016 1596 129 3272 8321 6294 7890 1449 7750 8317 4381 4067
3 618 4631 3464
2 9346 5055
3 3607 4354 1169
7 8810 4139 8827 7577 8743 693 3779
4 9803 6548 2391 7919
5 9312 7547 7157 2404 2492
16 8278 6187 3883 3541 6313 868 7253 9733 9281 4531 9467 354 2403 2947 4428 9953
4 3578 6267 9015 9683
4 366 9160 3987 3445
7 1354 7278 5653 111 7528 9626 3817
9 7931 7476 986 1047 8860 1734 7837 8246 5985
7 5533 935 9075 564 2311 7540 2270
10 3534 4867 1882 3669 2573 2308 5665 6290 854 4026
9 5325 8564 6291 2862 7395 2405 6683 8440 6165
6 7118 256 4317 4674 1599 4058
3 8063 5691 9801
8 9574 4094 446 4431 7675 9238 9277 8867
10 5374 7809 5728 1008 9202 1449 4331 3838 5337 9189
5 2574 6673 8852 8892 2927
3 2037 3715 406
4 3030 7015 6176 9100
8 9336 4529 4791 3287 3291 6494 5098 2688
